<SqlLookupDef Name="GetItem_RURALKING" Type="2" Version="1"><Description><![CDATA[Get item row id from Price Schedule for Rural King 850]]></Description><Comments><![CDATA[]]></Comments><FailMessage><![CDATA[Couldnt find Item/Item Price Schedule.]]></FailMessage><SqlQuery><![CDATA[DECLARE /*
               @ItemSKU VARCHAR(30),
               @Companyid Varchar(2),
              
               */
DECLARE  @ItemRowID VARCHAR(38),
@ShipperRowID VARCHAR(38),
@ConsigneeCode VARCHAR(12)

SELECT @ShipperRowID = ROWID FROM IDMASTER (NOLOCK) WHERE IDENTITYID = '10'

SELECT @ItemRowID = IMPRICESCHEDULEDETAIL.R_ITEM
FROM IDCONSIGNEE (NOLOCK)
JOIN IDMASTER (NOLOCK) as consigneeMaster ON IDCONSIGNEE.R_IDENTITY = consigneeMaster.ROWID
JOIN IDCONSIGNEESHIPPERZONE FRZ1 (NOLOCK) on FRZ1.R_CONSIGNEE = consigneeMaster.ROWID and FRZ1.R_SHIPPER = @ShipperRowID
LEFT Join IMPRICESCHEDULEHEADER (NOLOCK) on IMPRICESCHEDULEHEADER.ROWID = FRZ1.R_PRICESCHEDULE
LEFT JOIN IMPRICESCHEDULEDETAIL (NOLOCK) on IMPRICESCHEDULEDETAIL.R_PRICESCHEDULEHEADER = IMPRICESCHEDULEHEADER.ROWID
WHERE consigneeMaster.IDENTITYID = @ConsigneeCode AND IMPRICESCHEDULEDETAIL.ALTERNATESKU = @ItemSKU AND IMPRICESCHEDULEDETAIL.COMPANYID = @Companyid 


SELECT @ItemRowID  as ItemRowID]]></SqlQuery><Attributes><SqlLookupDefAttribute Name="ItemSKU" Type="1" Required="True" ColumnName="" /><SqlLookupDefAttribute Name="Companyid" Type="1" Required="True" ColumnName="" /><SqlLookupDefAttribute Name="ItemRowID" Type="2" Required="True" ColumnName="ItemRowID" /></Attributes><Parameters><SqlLookupDefParameter Name="@ItemSKU" DataType="22" Length="30" ValueType="0"><![CDATA[]]></SqlLookupDefParameter><SqlLookupDefParameter Name="@Companyid" DataType="22" Length="2" ValueType="0"><![CDATA[]]></SqlLookupDefParameter></Parameters></SqlLookupDef>