<SqlLookupDef Name="IDConsigneeByName850" Type="2" Version="1"><Description><![CDATA[Find Consignee by Name]]></Description><Comments><![CDATA[]]></Comments><FailMessage><![CDATA[Error finding Consignee.]]></FailMessage><SqlQuery><![CDATA[Declare /*
          @Name Varchar(40),
          @Companyid Varchar(2),
		  */
          @ConsigneeRowid UniqueIdentifier

/* Find the Consignee by the first IdentityId */
SELECT TOP 1 @ConsigneeRowid = ConsigneeMasterRowID  
FROM VW_IDCONSIGNEEVIEW 
WHERE ConsigneeName = @Name AND
      COMPANYID = @Companyid AND
      RECORDTYPE = 'R' AND 
      MODULE = 'ID'

IF @ConsigneeRowid IS NULL
  /* Find Identity Master record using Name  which may exist without a Consignee record */
  SELECT TOP 1 @ConsigneeRowid = IDMASTER.ROWID
  FROM IDMASTER
  WHERE IDMASTER.RECORDTYPE = 'R' AND 
		IDMASTER.COMPANYID = @CompanyID AND
		IDMASTER.MODULE = 'ID' AND
		IDMASTER.NAME = @Name 
END

SELECT @ConsigneeRowid AS CONSIGNEEROWID]]></SqlQuery><Attributes><SqlLookupDefAttribute Name="Name" Type="1" Required="False" ColumnName="" /><SqlLookupDefAttribute Name="Companyid" Type="1" Required="True" ColumnName="" /><SqlLookupDefAttribute Name="ConsigneeRowid" Type="2" Required="True" ColumnName="CONSIGNEEROWID" /></Attributes><Parameters><SqlLookupDefParameter Name="@Name" DataType="22" Length="40" ValueType="1"><![CDATA[Name]]></SqlLookupDefParameter><SqlLookupDefParameter Name="@Companyid" DataType="3" Length="2" ValueType="1"><![CDATA[Companyid]]></SqlLookupDefParameter></Parameters></SqlLookupDef>