<SqlLookupDef Name="IDCustomer_ByName" Type="2" Version="1"><Description><![CDATA[Find Customer by Name and throw error if not found. Used in 850]]></Description><Comments><![CDATA[]]></Comments><FailMessage><![CDATA[Error finding Customer.]]></FailMessage><SqlQuery><![CDATA[Declare /*
             @Name Varchar(40),
             @Companyid Varchar(2)
			 */
             @CustomerRowid UniqueIdentifier

Select Top 1 @CustomerRowid = CustomerMasterRowid  
  From VW_IDCustomerView (NOLOCK)
  Where CustomerName = @Name AND
              Companyid = @Companyid AND
              RecordType = 'R' AND 
              Module = 'ID'

IF @CustomerRowid Is Null
BEGIN
  Select Top 1 @CustomerRowid = IDMaster.Rowid
    From IDMaster (NOLOCK)
    WHERE         IDMaster.RecordType = 'R' AND 
                         IDMaster.CompanyID = @CompanyID AND
                         IDMaster.Module = 'ID' AND
                         IDMaster.Name = @Name
END

Select @CustomerRowid As CustomerRowid]]></SqlQuery><Attributes><SqlLookupDefAttribute Name="Name" Type="1" Required="True" ColumnName="" /><SqlLookupDefAttribute Name="Companyid" Type="1" Required="True" ColumnName="" /><SqlLookupDefAttribute Name="CustomerRowid" Type="2" Required="True" ColumnName="CUSTOMERROWID" /></Attributes><Parameters><SqlLookupDefParameter Name="@Name" DataType="22" Length="30" ValueType="1"><![CDATA[Name]]></SqlLookupDefParameter><SqlLookupDefParameter Name="@Companyid" DataType="3" Length="2" ValueType="1"><![CDATA[Companyid]]></SqlLookupDefParameter></Parameters><CreateDef><Method>None</Method><Module>None</Module></CreateDef></SqlLookupDef>