<SqlLookupDef Name="IDTerms_850_by_TrmCd" Type="0" Version="1"><Description><![CDATA[IDTERMS Look up by Term Code for 850]]></Description><Comments><![CDATA[]]></Comments><FailMessage><![CDATA[]]></FailMessage><SqlQuery><![CDATA[/*
Declare @TermCode Varchar(10) =' '
Declare @CompanyID CHAR(2) = ''
*/

Declare @TermCodeRowID Varchar(38)

Select TOP 1 @TermCodeRowID  = IDTERMS.RowID
FROM IDTERMS
WHERE IDTERMS.CompanyID = @CompanyID
AND IDTERMS.DESCRIPTION_1 = Trim(@TermCode)

SELECT @TermCodeRowID as TermCodeRowID]]></SqlQuery><Attributes><SqlLookupDefAttribute Name="TermCode" Type="1" Required="False" ColumnName="" /><SqlLookupDefAttribute Name="CompanyID" Type="1" Required="False" ColumnName="" /><SqlLookupDefAttribute Name="TermCodeRowID" Type="2" Required="True" ColumnName="TermCodeRowID" /></Attributes><Parameters><SqlLookupDefParameter Name="@TermCode" DataType="22" Length="10" ValueType="1"><![CDATA[TermCode]]></SqlLookupDefParameter><SqlLookupDefParameter Name="@CompanyID" DataType="3" Length="2" ValueType="1"><![CDATA[CompanyID]]></SqlLookupDefParameter></Parameters></SqlLookupDef>