<EdiExportMap MappingID="855_RURALKING_2022" Version="1" TranSet="855" EdiVersion="5010" EdiStandard="X12" Template="True"><Description><![CDATA[855 Purchase Order Acknowledgment For RURAL KING]]></Description><Comments><![CDATA[]]></Comments><TranSet><TranSetNode Name="Header" Required="True"><Query><![CDATA[SELECT 
	OMTransactionHeader.ROWID,
	CASE 
		WHEN OMTransactionHeader.STAGE = 'L' THEN 'RJ'
		WHEN OMTransactionHeader.EDITRANSMITFLAG ='Y' THEN 'AC'
		ELSE 'AD'
	END AS ACKNOWLEGMENTTYPE,
	OMTransactionHeader.PURCHASEORDERNUMBER,
	OMTransactionHeader.COMMITDATE,
	OMTransactionHeader.SHIPPINGDATE,
	OMTransactionHeader.USERDEFINEDDATE_1,
	OMTransactionHeader.USERDEFINEDDATE_2,
	OMTransactionHeader.USERDEFINEDDATE_19,
	Customer.CustomerIdentityID as CUSTOMERCODE,
	Customer.CustomerName as CUSTOMERNAME,
	Customer.CustomerIdentityID as SHIPTOCODE,
	Customer.CustomerName as SHIPTONAME,
	Customer.CustomerAddress_1 as SHIPTOADDRESS1,
	Customer.CustomerAddress_2 as SHIPTOADDRESS2,
	Customer.CustomerCity as SHIPTOCITY,
	Customer.CustomerState as SHIPTOSTATE,
	Customer.CustomerZip as SHIPTOZIP,
	ISNULL(Customer.CustomerCountry, 'US') AS SHIPTOCOUNTRY,
	
	OMTRANSACTIONHEADER.USERDEFINEDREFERENCE_17,
	OMTRANSACTIONHEADER.USERDEFINEDREFERENCE_19,
    CASE WHEN OMTransactionHeader.COMMENT IS NULL THEN 'N/A'
		WHEN CONVERT(VARCHAR(8000), OMTransactionHeader.COMMENT) = '' THEN 'N/A'
    ELSE OMTransactionHeader.COMMENT END AS COMMENT
	
FROM OMTransactionHeader (NOLOCK)
JOIN VW_IDCUSTOMERVIEW (NOLOCK) as Customer ON Customer.CustomerMasterRowID = OMTRansactionHeader.R_Customer
WHERE
(OMTransactionHeader.ROWID = @ROWID)]]></Query><Parameters><Parameter Name="@ROWID" Type="Guid" Length="0" SourceType="Variable"><![CDATA[SourceRowID]]></Parameter></Parameters><TranSetNodeItems><Segment Sequence="020" SegmentCode="BAK" Required="True" Enabled="True"><Description><![CDATA[Beginning Segment for Purchase Order Acknowledgment]]></Description><MapAlternative Name="Default"><SegmentElements><Element Sequence="01" Required="True" Enabled="True" DataElement="353" DataType="ID" MinLength="2" MaxLength="2"><Description><![CDATA[Transaction Set Purpose Code]]></Description><Mappings><Mapping Enabled="True"><MappingSources><MappingSource Type="Literal"><SourceValue><![CDATA[00]]></SourceValue></MappingSource></MappingSources></Mapping></Mappings></Element><Element Sequence="02" Required="True" Enabled="True" DataElement="587" DataType="ID" MinLength="2" MaxLength="2"><Description><![CDATA[Acknowledgment Type]]></Description><Mappings><Mapping Enabled="True"><MappingSources><MappingSource Type="Column"><NodeLevel>Header</NodeLevel><SourceValue>ACKNOWLEGMENTTYPE</SourceValue></MappingSource></MappingSources></Mapping></Mappings></Element><Element Sequence="03" Required="True" Enabled="True" DataElement="324" DataType="AN" MinLength="1" MaxLength="22"><Description><![CDATA[Purchase Order Number]]></Description><Mappings><Mapping Enabled="True"><MappingSources><MappingSource Type="Column"><NodeLevel>Header</NodeLevel><SourceValue>PURCHASEORDERNUMBER</SourceValue></MappingSource></MappingSources></Mapping></Mappings></Element><Element Sequence="04" Required="True" Enabled="True" DataElement="373" DataType="DT" MinLength="8" MaxLength="8"><Description><![CDATA[Date]]></Description><Mappings><Mapping Enabled="True"><MappingSources><MappingSource Type="Column"><NodeLevel>Header</NodeLevel><SourceValue>COMMITDATE</SourceValue><ExpMapFunction Name="EDIDate"><![CDATA[yyyyMMdd]]></ExpMapFunction></MappingSource></MappingSources></Mapping></Mappings></Element></SegmentElements></MapAlternative></Segment><Segment Sequence="150" SegmentCode="DTM" Required="True" Enabled="True"><Description><![CDATA[Date/Time Reference]]></Description><MapAlternative Name="Default"><SegmentElements><Element Sequence="01" Required="True" Enabled="True" DataElement="374" DataType="ID" MinLength="3" MaxLength="3"><Description><![CDATA[Date/Time Qualifier]]></Description><Mappings><Mapping Enabled="True"><MappingSources><MappingSource Type="Literal"><SourceValue><![CDATA[038]]></SourceValue></MappingSource></MappingSources></Mapping></Mappings></Element><Element Sequence="02" Required="False" Enabled="True" DataElement="373" DataType="DT" MinLength="8" MaxLength="8"><Description><![CDATA[Date]]></Description><Mappings><Mapping Enabled="True"><MappingSources><MappingSource Type="Column"><NodeLevel>Header</NodeLevel><SourceValue>SHIPPINGDATE</SourceValue><ExpMapFunction Name="EDIDate"><![CDATA[yyyyMMdd]]></ExpMapFunction></MappingSource></MappingSources></Mapping></Mappings></Element></SegmentElements></MapAlternative></Segment><Segment Sequence="150" SegmentCode="DTM" Required="False" Enabled="True"><Description><![CDATA[Date/Time Reference]]></Description><MapAlternative Name="Default"><SegmentElements><Element Sequence="01" Required="True" Enabled="True" DataElement="374" DataType="ID" MinLength="3" MaxLength="3"><Description><![CDATA[Date/Time Qualifier]]></Description><Mappings><Mapping Enabled="True"><MappingSources><MappingSource Type="Literal"><SourceValue><![CDATA[037]]></SourceValue></MappingSource></MappingSources></Mapping></Mappings></Element><Element Sequence="02" Required="False" Enabled="True" DataElement="373" DataType="DT" MinLength="8" MaxLength="8"><Description><![CDATA[Date]]></Description><Mappings><Mapping Enabled="True"><MappingSources><MappingSource Type="Column"><NodeLevel>Header</NodeLevel><SourceValue>USERDEFINEDDATE_19</SourceValue><ExpMapFunction Name="EDIDate"><![CDATA[yyyyMMdd]]></ExpMapFunction></MappingSource></MappingSources></Mapping></Mappings></Element></SegmentElements></MapAlternative></Segment><SegmentGroup Name="Ship From" Enabled="True"><Segments><Segment Sequence="300" SegmentCode="N1 " Required="False" Enabled="True"><Description><![CDATA[Name]]></Description><MapAlternative Name="Default"><SegmentElements><Element Sequence="01" Required="True" Enabled="True" DataElement="98" DataType="ID" MinLength="2" MaxLength="3"><Description><![CDATA[Entity Identifier Code]]></Description><Mappings><Mapping Enabled="True"><MappingSources><MappingSource Type="Literal"><SourceValue><![CDATA[SF]]></SourceValue></MappingSource></MappingSources></Mapping></Mappings></Element><Element Sequence="02" Required="False" Enabled="True" DataElement="93" DataType="AN" MinLength="1" MaxLength="60"><Description><![CDATA[Name]]></Description><Mappings><Mapping Enabled="True"><MappingSources><MappingSource Type="Literal"><SourceValue><![CDATA[GREENLEAF NURSERY]]></SourceValue></MappingSource></MappingSources></Mapping></Mappings></Element><Element Sequence="03" Required="False" Enabled="True" DataElement="66" DataType="ID" MinLength="1" MaxLength="2"><Description><![CDATA[Identification Code Qualifier]]></Description><Mappings><Mapping Enabled="True"><MappingSources><MappingSource Type="Literal"><SourceValue><![CDATA[92]]></SourceValue></MappingSource></MappingSources></Mapping></Mappings></Element><Element Sequence="04" Required="False" Enabled="True" DataElement="67" DataType="AN" MinLength="2" MaxLength="80"><Description><![CDATA[Identification Code]]></Description><Mappings><Mapping Enabled="True"><MappingSources><MappingSource Type="Column"><NodeLevel>Header</NodeLevel><SourceValue>USERDEFINEDREFERENCE_17</SourceValue></MappingSource></MappingSources></Mapping></Mappings></Element></SegmentElements></MapAlternative></Segment></Segments></SegmentGroup><SegmentGroup Name="Ship To" Enabled="True"><Segments><Segment Sequence="300" SegmentCode="N1 " Required="True" Enabled="True"><Description><![CDATA[Name]]></Description><MapAlternative Name="Default"><SegmentElements><Element Sequence="01" Required="True" Enabled="True" DataElement="98" DataType="ID" MinLength="2" MaxLength="3"><Description><![CDATA[Entity Identifier Code]]></Description><Mappings><Mapping Enabled="True"><MappingSources><MappingSource Type="Literal"><SourceValue><![CDATA[ST]]></SourceValue></MappingSource></MappingSources></Mapping></Mappings></Element><Element Sequence="02" Required="False" Enabled="True" DataElement="93" DataType="AN" MinLength="1" MaxLength="60"><Description><![CDATA[Name]]></Description><Mappings><Mapping Enabled="True"><MappingSources><MappingSource Type="Column"><NodeLevel>Header</NodeLevel><SourceValue>CUSTOMERNAME</SourceValue></MappingSource></MappingSources></Mapping></Mappings></Element><Element Sequence="03" Required="False" Enabled="True" DataElement="66" DataType="ID" MinLength="1" MaxLength="2"><Description><![CDATA[Identification Code Qualifier]]></Description><Mappings><Mapping Enabled="True"><MappingSources><MappingSource Type="Literal"><SourceValue><![CDATA[92]]></SourceValue></MappingSource></MappingSources></Mapping></Mappings></Element><Element Sequence="04" Required="False" Enabled="True" DataElement="67" DataType="AN" MinLength="2" MaxLength="80"><Description><![CDATA[Identification Code]]></Description><Mappings><Mapping Enabled="True"><MappingSources><MappingSource Type="Column"><NodeLevel>Header</NodeLevel><SourceValue>USERDEFINEDREFERENCE_19</SourceValue></MappingSource></MappingSources></Mapping></Mappings></Element></SegmentElements></MapAlternative></Segment><Segment Sequence="390" SegmentCode="N3 " Required="False" Enabled="True"><Description><![CDATA[Address Information]]></Description><MapAlternative Name="Default"><SegmentElements><Element Sequence="01" Required="True" Enabled="True" DataElement="166" DataType="AN" MinLength="1" MaxLength="55"><Description><![CDATA[Address Information]]></Description><Mappings><Mapping Enabled="True"><MappingSources><MappingSource Type="Column"><NodeLevel>Header</NodeLevel><SourceValue>SHIPTOADDRESS1</SourceValue></MappingSource></MappingSources></Mapping></Mappings></Element><Element Sequence="02" Required="False" Enabled="True" DataElement="166" DataType="AN" MinLength="1" MaxLength="55"><Description><![CDATA[Address Information]]></Description><Mappings><Mapping Enabled="True"><MappingSources><MappingSource Type="Column"><NodeLevel>Header</NodeLevel><SourceValue>SHIPTOADDRESS2</SourceValue></MappingSource></MappingSources></Mapping></Mappings></Element></SegmentElements></MapAlternative></Segment><Segment Sequence="400" SegmentCode="N4 " Required="False" Enabled="True"><Description><![CDATA[Geographic Location]]></Description><MapAlternative Name="Default"><SegmentElements><Element Sequence="01" Required="False" Enabled="True" DataElement="19" DataType="AN" MinLength="2" MaxLength="30"><Description><![CDATA[City Name]]></Description><Mappings><Mapping Enabled="True"><MappingSources><MappingSource Type="Column"><NodeLevel>Header</NodeLevel><SourceValue>SHIPTOCITY</SourceValue></MappingSource></MappingSources></Mapping></Mappings></Element><Element Sequence="02" Required="False" Enabled="True" DataElement="156" DataType="ID" MinLength="2" MaxLength="2"><Description><![CDATA[State or Province Code]]></Description><Mappings><Mapping Enabled="True"><MappingSources><MappingSource Type="Column"><NodeLevel>Header</NodeLevel><SourceValue>SHIPTOSTATE</SourceValue></MappingSource></MappingSources></Mapping></Mappings></Element><Element Sequence="03" Required="False" Enabled="True" DataElement="116" DataType="ID" MinLength="3" MaxLength="15"><Description><![CDATA[Postal Code]]></Description><Mappings><Mapping Enabled="True"><MappingSources><MappingSource Type="Column"><NodeLevel>Header</NodeLevel><SourceValue>SHIPTOZIP</SourceValue></MappingSource></MappingSources></Mapping></Mappings></Element><Element Sequence="04" Required="False" Enabled="True" DataElement="26" DataType="ID" MinLength="2" MaxLength="3"><Description><![CDATA[Country Code]]></Description><Mappings><Mapping Enabled="True"><MappingSources><MappingSource Type="Column"><NodeLevel>Header</NodeLevel><SourceValue>SHIPTOCOUNTRY</SourceValue></MappingSource></MappingSources></Mapping></Mappings></Element></SegmentElements></MapAlternative></Segment></Segments></SegmentGroup><TranSetNode Name="Detail" Required="True"><Query><![CDATA[SELECT 
	OMTransactionDetail.ROWID,	
	OMTransactionDetail.LINENUMBER,
	OMTransactionDetail.AMOUNT,
	OMTransactionDetail.UnitOfMeasure,
	CAST(OMTransactionDetail.UnitPrice as decimal(15,2)) + 
	ISNULL(OMTRANSACTIONDETAIL.HANDLINGCHARGEPERITEM,0) + 
	ISNULL(OMTRANSACTIONDETAIL.TAGGINGCHARGEPERITEM,0) + 
	ISNULL(OMTRANSACTIONDETAIL.FREIGHTRATEPERITEM,0)  as UnitPrice,
	IsNull(OMTransactionDetail.QuantityOrdered, 0) As QuantityOrdered,
	psd.AlternateSKU as CustomerSKU
FROM OMTransactionDetail (NOLOCK)
JOIN OMTransactionHeader (NOLOCK) ON OMTransactionHeader.ROWID = OMTransactionDetail.R_Transactionheader
left outer join IDCONSIGNEE (NOLOCK) on IDCONSIGNEE.R_IDENTITY = OMTransactionHeader.R_SHIPPER 
left outer join IDCUSTOMER (NOLOCK) on IDCUSTOMER.R_IDENTITY = OMTransactionHeader.R_CUSTOMER 
left outer join IDCONSIGNEESHIPPERZONE FRZ1 (NOLOCK) on FRZ1.R_CONSIGNEE = OMTransactionHeader.R_SHIPPER and FRZ1.R_SHIPPER = OMTransactionHeader.R_FMSHIPPER
left outer join IMPRICESCHEDULEHEADER (NOLOCK) on IMPRICESCHEDULEHEADER.ROWID = IsNull( FRZ1.R_PRICESCHEDULE, IsNull(IDCONSIGNEE.R_PRICESCHEDULE, IDCUSTOMER.R_PRICESHEDULE)) 
LEFT JOIN 
(
	SELECT R_ITEM, R_PRICESCHEDULEHEADER, ROW_NUMBER() OVER(PARTITION BY R_ITEM, R_PRICESCHEDULEHEADER ORDER BY R_ITEM ASC) as RowNum,
	RETAILPRICE, ALTERNATESKU, COMMENT 
	FROM IMPRICESCHEDULEDETAIL (NOLOCK)
) psd ON  psd.R_ITEM = OMTransactionDetail.R_ITEM AND psd.R_PRICESCHEDULEHEADER = IMPRICESCHEDULEHEADER.ROWID AND psd.RowNum = 1
WHERE (OMTransactionDetail.R_TransactionHeader = @ROWID) AND (ISNULL(OMTransactionDetail.QuantityOrdered,0) > 0)
ORDER BY OMTransactionDetail.LINENUMBER ASC]]></Query><Parameters><Parameter Name="@ROWID" Type="Guid" Length="0" SourceType="Variable"><![CDATA[SourceRowID]]></Parameter></Parameters><TranSetNodeItems><Segment Sequence="010" SegmentCode="PO1" Required="True" Enabled="True"><Description><![CDATA[Baseline Item Data]]></Description><MapAlternative Name="Default"><SegmentElements><Element Sequence="01" Required="False" Enabled="True" DataElement="350" DataType="AN" MinLength="1" MaxLength="20"><Description><![CDATA[Assigned Identification]]></Description><Mappings><Mapping Enabled="True"><MappingSources><MappingSource Type="Column"><NodeLevel>Detail</NodeLevel><SourceValue>LINENUMBER</SourceValue></MappingSource></MappingSources></Mapping></Mappings></Element><Element Sequence="02" Required="False" Enabled="True" DataElement="330" DataType="R" MinLength="1" MaxLength="15"><Description><![CDATA[Quantity Ordered]]></Description><Mappings><Mapping Enabled="True"><MappingSources><MappingSource Type="Column"><NodeLevel>Detail</NodeLevel><SourceValue>QUANTITYORDERED</SourceValue></MappingSource></MappingSources></Mapping></Mappings></Element><Element Sequence="03" Required="False" Enabled="True" DataElement="355" DataType="ID" MinLength="2" MaxLength="2"><Description><![CDATA[Unit or Basis for Measurement Code]]></Description><Mappings><Mapping Enabled="True"><MappingSources><MappingSource Type="Column"><NodeLevel>Detail</NodeLevel><SourceValue>UNITOFMEASURE</SourceValue></MappingSource></MappingSources></Mapping></Mappings></Element><Element Sequence="04" Required="False" Enabled="True" DataElement="212" DataType="R" MinLength="1" MaxLength="17"><Description><![CDATA[Unit Price]]></Description><Mappings><Mapping Enabled="True"><MappingSources><MappingSource Type="Column"><NodeLevel>Detail</NodeLevel><SourceValue>UNITPRICE</SourceValue></MappingSource></MappingSources></Mapping></Mappings></Element><Element Sequence="06" Required="False" Enabled="True" DataElement="235" DataType="ID" MinLength="2" MaxLength="2"><Description><![CDATA[Product/Service ID Qualifier]]></Description><Mappings><Mapping Enabled="True"><MappingSources><MappingSource Type="Literal"><SourceValue><![CDATA[IN]]></SourceValue></MappingSource></MappingSources></Mapping></Mappings></Element><Element Sequence="07" Required="True" Enabled="True" DataElement="234" DataType="AN" MinLength="1" MaxLength="48"><Description><![CDATA[Product/Service ID]]></Description><Mappings><Mapping Enabled="True"><MappingSources><MappingSource Type="Column"><NodeLevel>Detail</NodeLevel><SourceValue>CUSTOMERSKU</SourceValue></MappingSource></MappingSources></Mapping></Mappings></Element></SegmentElements><PreVariableOps><VariableOp><VariableName>ItemDetailCount</VariableName><Operator>Add</Operator><OperandType>Literal</OperandType><Operand>1</Operand></VariableOp></PreVariableOps></MapAlternative></Segment></TranSetNodeItems></TranSetNode><Segment Sequence="010" SegmentCode="CTT" Required="True" Enabled="True"><Description><![CDATA[Transaction Totals]]></Description><MapAlternative Name="Default"><SegmentElements><Element Sequence="01" Required="True" Enabled="True" DataElement="354" DataType="N0" MinLength="1" MaxLength="6"><Description><![CDATA[Number of Line Items]]></Description><Mappings><Mapping Enabled="True"><MappingSources><MappingSource Type="UserVariable"><SourceValue>ItemDetailCount</SourceValue></MappingSource></MappingSources></Mapping></Mappings></Element></SegmentElements></MapAlternative></Segment></TranSetNodeItems></TranSetNode></TranSet><Variables><Variable Type="IntegerVariable">ItemDetailCount</Variable></Variables></EdiExportMap>