<EdiMapDef MessageID="812_RURALKING_V1" MapDefVersion="1" MapTypeVersion="5010" Module="OM" Template="True" TranSet="812" Type="0"><Description><![CDATA[Process Shipment Advise and sent out of Insight]]></Description><Comments><![CDATA[Mapping sends email regarding Outbound Transaction.]]></Comments><TopLevelInsightObject>OMTRANSACTION</TopLevelInsightObject><PostScript><![CDATA[]]></PostScript><Customer><![CDATA[]]></Customer><InsightObjectMethod>0</InsightObjectMethod><EdiMsgGroups><EdiMsgGroup DefNodeID="618f1d56-6135-4380-b246-2135ad76ad5b" Name="Header" Repeats="False"><EdiSegmentCondition SegCode="" /><SegmentGroups><Segment DefNodeID="cd7ff776-fde0-49f0-8d21-708b613d8299" Name="BCD" Trailer="False"><EdiSegmentCondition SegCode="BCD" /></Segment><Segment DefNodeID="4bdd15a7-db1b-41db-879b-364f26414327" Name="N9" Trailer="False"><EdiSegmentCondition SegCode="N9" /></Segment><Segment DefNodeID="bb21925e-51ab-471c-9226-5cd928c50152" Name="SAC" Trailer="False"><EdiSegmentCondition SegCode="SAC" /></Segment><Segment DefNodeID="7886219c-085d-4b8c-859c-422a45aaa65c" Name="N1" Trailer="False"><EdiSegmentCondition SegCode="N1" /></Segment><Segment DefNodeID="d3d4e7a4-3f85-41d9-ac77-4f9f51a89657" Name="CDD" Trailer="False"><EdiSegmentCondition SegCode="CDD" /></Segment><Segment DefNodeID="f4c8d32e-419d-4334-8cbe-161e47f032fe" Name="LIN" Trailer="False"><EdiSegmentCondition SegCode="LIN" /></Segment><Segment DefNodeID="ad0a09cb-d8a1-47e7-9bd6-17e3418dffd2" Name="N9ZZ" Trailer="False"><EdiSegmentCondition SegCode="N9" /></Segment><Segment DefNodeID="b59bd1a4-8bac-44eb-a3e5-638319e1ec93" Name="N9L1" Trailer="False"><EdiSegmentCondition SegCode="N9" /></Segment><Segment DefNodeID="5b8a6104-d46e-4a88-8525-01302f5df447" Name="SACInfo" Trailer="False"><EdiSegmentCondition SegCode="SAC" /></Segment></SegmentGroups><Lookups><Lookup DefNodeID="b1d166c7-fa0e-47e8-a8d6-1c9f93bd37d3" Code="812_EMAIL_RLKING_LKP" Version="1" Name="Send Email notification of Outbound file errors"><LookupMappings><LMTarget DefNodeID="e36b2482-0670-4d8c-a23f-95198b016d3f" AttributeName="BCD01" Enabled="True" Required="False"><LMAlternatives><LMAlternative DefNodeID="103724a9-2757-4fc1-b36c-ab24b87b9271" Enabled="True"><LMSources><LMSource DefNodeID="dae6db69-27c5-4b4d-9a13-01589ac9e92a" Type="2" MsgGroupName="Header" SegName="BCD" Element="1" SubElement="0" /></LMSources></LMAlternative></LMAlternatives></LMTarget><LMTarget DefNodeID="3c7a99c4-5f77-463a-8e7a-b5c172ee525c" AttributeName="BCD02" Enabled="True" Required="False"><LMAlternatives><LMAlternative DefNodeID="0fc7d377-1d59-41c0-aa84-7137861d8cd3" Enabled="True"><LMSources><LMSource DefNodeID="72f713ce-5b01-4823-aef6-7ee60e0230dc" Type="2" MsgGroupName="Header" SegName="BCD" Element="2" SubElement="0" /></LMSources></LMAlternative></LMAlternatives></LMTarget><LMTarget DefNodeID="4c64b119-4b48-44f9-9da3-e4e6111a5bcb" AttributeName="BCD05" Enabled="True" Required="False"><LMAlternatives><LMAlternative DefNodeID="c730a10d-aba6-4f4a-b3f0-60147d157f50" Enabled="True"><LMSources><LMSource DefNodeID="6f8728f2-e0e6-4d1e-8582-4626daf2b6e0" Type="2" MsgGroupName="Header" SegName="BCD" Element="5" SubElement="0" /></LMSources></LMAlternative></LMAlternatives></LMTarget><LMTarget DefNodeID="9f26f583-144b-44ae-be4b-c428fdd78985" AttributeName="BCD07" Enabled="True" Required="False"><LMAlternatives><LMAlternative DefNodeID="f2a403d7-cb41-41d8-bcb4-d5c1d29a6d8c" Enabled="True"><LMSources><LMSource DefNodeID="2811719c-2db9-459c-93ab-3367757f3341" Type="2" MsgGroupName="Header" SegName="BCD" Element="7" SubElement="0" /></LMSources></LMAlternative></LMAlternatives></LMTarget><LMTarget DefNodeID="0be80821-52ef-4cd3-9fb3-039e089d41bc" AttributeName="BCD10" Enabled="True" Required="False"><LMAlternatives><LMAlternative DefNodeID="aad32c29-86ab-4c17-9ea7-0705b035e4df" Enabled="True"><LMSources><LMSource DefNodeID="d4cfd429-2cac-4ae0-8fb4-46152f7ba8b3" Type="2" MsgGroupName="Header" SegName="BCD" Element="10" SubElement="0" /></LMSources></LMAlternative></LMAlternatives></LMTarget><LMTarget DefNodeID="8dfd514e-24d2-457c-9dfa-544bd1ec20bc" AttributeName="N902" Enabled="True" Required="False"><LMAlternatives><LMAlternative DefNodeID="833f768e-d8e3-4847-9bd6-a220cf197df4" Enabled="True"><LMSources><LMSource DefNodeID="9e030908-8e7c-4cfa-95fa-2ab1c4ee65ba" Type="2" MsgGroupName="Header" SegName="N9" Element="2" SubElement="0" /></LMSources></LMAlternative></LMAlternatives></LMTarget><LMTarget DefNodeID="e5cbfc1f-f66c-4cab-86c5-ecadb3f474af" AttributeName="SAC01" Enabled="True" Required="False"><LMAlternatives><LMAlternative DefNodeID="aa07a848-9427-484b-a6e7-90647f877397" Enabled="True"><LMSources><LMSource DefNodeID="86dd883a-d80c-448c-853e-d453c558ab64" Type="2" MsgGroupName="Header" SegName="SAC" Element="1" SubElement="0" /></LMSources></LMAlternative></LMAlternatives></LMTarget><LMTarget DefNodeID="8dfdc4b7-07d7-41a5-a799-eca71a3cfacf" AttributeName="SAC02" Enabled="True" Required="False"><LMAlternatives><LMAlternative DefNodeID="e870c596-8afc-469f-967a-2efb132fb85d" Enabled="True"><LMSources><LMSource DefNodeID="9eeb22b0-359b-45e2-90d7-9e7f67488f14" Type="2" MsgGroupName="Header" SegName="SAC" Element="2" SubElement="0" /></LMSources></LMAlternative></LMAlternatives></LMTarget><LMTarget DefNodeID="c6be97be-0be3-49c7-8e6c-49d9e7108c06" AttributeName="SAC05" Enabled="True" Required="False"><LMAlternatives><LMAlternative DefNodeID="b35cbb08-967c-48b0-9dc2-17464fe1d1d7" Enabled="True"><LMSources><LMSource DefNodeID="578d37df-f68e-45aa-b269-a34d22826281" Type="2" MsgGroupName="Header" SegName="SAC" Element="5" SubElement="0" /></LMSources></LMAlternative></LMAlternatives></LMTarget><LMTarget DefNodeID="7cc48116-a8fb-4b19-b4b7-23e2ebd48f43" AttributeName="N102" Enabled="True" Required="False"><LMAlternatives><LMAlternative DefNodeID="7b9f5fb6-c2d9-4f14-9fb8-a1a3536e2fe0" Enabled="True"><LMSources><LMSource DefNodeID="10a35ba7-18bc-4a54-867e-15f209c24b5a" Type="2" MsgGroupName="Header" SegName="N1" Element="2" SubElement="0" /></LMSources></LMAlternative></LMAlternatives></LMTarget><LMTarget DefNodeID="e138c185-d8e0-4a06-970f-09da36a79cbe" AttributeName="N104" Enabled="True" Required="False"><LMAlternatives><LMAlternative DefNodeID="ed6a4744-d5fe-4051-8cdf-4a8d980e31c3" Enabled="True"><LMSources><LMSource DefNodeID="95b9ef36-069c-4ae8-aee2-3460a7c26ddc" Type="2" MsgGroupName="Header" SegName="N1" Element="4" SubElement="0" /></LMSources></LMAlternative></LMAlternatives></LMTarget><LMTarget DefNodeID="8520761f-363b-43f2-9d26-b5ed342d60a5" AttributeName="CDD01" Enabled="True" Required="False"><LMAlternatives><LMAlternative DefNodeID="7203c485-e8c9-492b-8a28-af3401240a41" Enabled="True"><LMSources><LMSource DefNodeID="932a5a35-7626-4ddf-9d3f-c537ba3ebe33" Type="2" MsgGroupName="Header" SegName="CDD" Element="1" SubElement="0" /></LMSources></LMAlternative></LMAlternatives></LMTarget><LMTarget DefNodeID="20e887b8-2251-495c-a1c9-5c2c0ea31745" AttributeName="CDD02" Enabled="True" Required="False"><LMAlternatives><LMAlternative DefNodeID="fd012aad-593f-41d5-9a76-217ad1338b5f" Enabled="True"><LMSources><LMSource DefNodeID="87c3d8d1-5f3a-4479-8c5c-bf052262d741" Type="2" MsgGroupName="Header" SegName="CDD" Element="2" SubElement="0" /></LMSources></LMAlternative></LMAlternatives></LMTarget><LMTarget DefNodeID="a17c761e-96ad-487e-8835-27bc40a19e17" AttributeName="CDD07" Enabled="True" Required="False"><LMAlternatives><LMAlternative DefNodeID="cafcd0d0-e255-4e1f-88d2-4f025f01bb06" Enabled="True"><LMSources><LMSource DefNodeID="39b97d15-b6f3-4921-abc2-f8acb8c7b938" Type="2" MsgGroupName="Header" SegName="CDD" Element="7" SubElement="0" /></LMSources></LMAlternative></LMAlternatives></LMTarget><LMTarget DefNodeID="08132372-e602-451e-9b54-5dbd1994f3ed" AttributeName="CDD08" Enabled="True" Required="False"><LMAlternatives><LMAlternative DefNodeID="a9c6fc38-4814-4117-92cd-ce1090bdea35" Enabled="True"><LMSources><LMSource DefNodeID="8fc762cd-4578-4d94-a567-39e77ca068ab" Type="2" MsgGroupName="Header" SegName="CDD" Element="8" SubElement="0" /></LMSources></LMAlternative></LMAlternatives></LMTarget><LMTarget DefNodeID="238e79f6-c81b-4388-a8c2-b6c3a75462d5" AttributeName="CDD11" Enabled="True" Required="False"><LMAlternatives><LMAlternative DefNodeID="d35d8f4b-577a-4b13-be30-e3344ea39cc8" Enabled="True"><LMSources><LMSource DefNodeID="20c74e0f-b3e0-4b00-9fc3-3b228ef8ea87" Type="2" MsgGroupName="Header" SegName="CDD" Element="11" SubElement="0" /></LMSources></LMAlternative></LMAlternatives></LMTarget><LMTarget DefNodeID="6fb29267-094b-4d1f-af7e-ed6ab5300046" AttributeName="LIN03" Enabled="True" Required="False"><LMAlternatives><LMAlternative DefNodeID="97ec43c3-40ab-43b9-8f87-30eb0c86fdfe" Enabled="True"><LMSources><LMSource DefNodeID="0c3c828d-2706-43fd-bd99-6b7d8c9874e1" Type="2" MsgGroupName="Header" SegName="LIN" Element="3" SubElement="0" /></LMSources></LMAlternative></LMAlternatives></LMTarget><LMTarget DefNodeID="7f35a6a8-ba17-4796-bf8b-faffb50bd4e1" AttributeName="N902ZZ" Enabled="True" Required="False"><LMAlternatives><LMAlternative DefNodeID="1049b0d0-f99e-48d9-b2e6-d2b8f7ef33ed" Enabled="True"><LMSources><LMSource DefNodeID="fa683d64-db48-4ada-be47-45f06605f1de" Type="2" MsgGroupName="Header" SegName="N9ZZ" Element="2" SubElement="0" /></LMSources></LMAlternative></LMAlternatives></LMTarget><LMTarget DefNodeID="94f01b75-cc92-4aa8-bd25-97d95e84e044" AttributeName="N902L1" Enabled="True" Required="False"><LMAlternatives><LMAlternative DefNodeID="adeb5e66-06fc-437f-9caa-7b99af892096" Enabled="True"><LMSources><LMSource DefNodeID="3bad98ce-c565-44f9-be31-55818b5349dc" Type="2" MsgGroupName="Header" SegName="N9L1" Element="2" SubElement="0" /></LMSources></LMAlternative></LMAlternatives></LMTarget><LMTarget DefNodeID="211913a1-df3e-453f-8d28-3241280fac30" AttributeName="SAC01Info" Enabled="True" Required="False"><LMAlternatives><LMAlternative DefNodeID="9d826b77-4758-40a3-94a8-5d2e7d522afa" Enabled="True"><LMSources><LMSource DefNodeID="69311391-3f23-4a89-a296-80f5c91c0e31" Type="2" MsgGroupName="Header" SegName="SACInfo" Element="1" SubElement="0" /></LMSources></LMAlternative></LMAlternatives></LMTarget><LMTarget DefNodeID="54906db3-5dfc-45de-966b-a8655451ecdd" AttributeName="SAC02Info" Enabled="True" Required="False"><LMAlternatives><LMAlternative DefNodeID="9d6a4841-512c-4a7b-a9cc-cad17f8682c1" Enabled="True"><LMSources><LMSource DefNodeID="2cfad084-ad4c-4c79-9118-8b5b2b0e4e72" Type="2" MsgGroupName="Header" SegName="SACInfo" Element="2" SubElement="0" /></LMSources></LMAlternative></LMAlternatives></LMTarget><LMTarget DefNodeID="a53bec2d-e301-4994-8d99-3e4a47310005" AttributeName="SAC05Info" Enabled="True" Required="False"><LMAlternatives><LMAlternative DefNodeID="7f1cfe6d-2aa2-4989-98e3-fd54d4f66dec" Enabled="True"><LMSources><LMSource DefNodeID="7240fd3c-e3bb-4b91-a2dc-ba41233647cc" Type="2" MsgGroupName="Header" SegName="SACInfo" Element="5" SubElement="0" /></LMSources></LMAlternative></LMAlternatives></LMTarget><LMTarget DefNodeID="7cc73fa4-eaf6-47b0-b0c5-530c3a7b3f74" AttributeName="SAC15Info" Enabled="True" Required="False"><LMAlternatives><LMAlternative DefNodeID="c8efcbcd-2bc6-4c8c-9ff4-70d27c302692" Enabled="True"><LMSources><LMSource DefNodeID="651dc932-391e-4403-aa14-114aa092a55f" Type="2" MsgGroupName="Header" SegName="SACInfo" Element="15" SubElement="0" /></LMSources></LMAlternative></LMAlternatives></LMTarget></LookupMappings></Lookup></Lookups><InsightObjects><InsightObject DefNodeID="e65fc018-3185-4d22-bac6-960a084c96f7" Name="OMTRANSACTIONHEADER" ParentObjectName="" Operation="5" ProfileUsage="1"><IOMappings><IOMTarget DefNodeID="e8289514-8bbe-4404-9a15-94787251f36b" ColumnName="R_AGENT" Enabled="True" Required="False" Hide="False" Append="False" Repeat="False"><IOMAlternatives><IOMAlternative DefNodeID="70586dcf-bc21-4ee3-9222-c9ac740f6aec" Enabled="True"><IOMSources><IOMSource DefNodeID="d7bc31e0-c608-4c49-aeab-d4ba59e7f3b4" Type="4" MsgGroupName="Header" LookupCode="812_EMAIL_RLKING_LKP" LookupVersion="1" Attribute="ROWID" /></IOMSources></IOMAlternative></IOMAlternatives></IOMTarget></IOMappings></InsightObject></InsightObjects></EdiMsgGroup></EdiMsgGroups></EdiMapDef>