<EdiExportMap MappingID="810_RURALKING_2022" Version="1" TranSet="810" EdiVersion="5010" EdiStandard="X12" Template="True"><Description><![CDATA[810 Rural King]]></Description><TranSet><TranSetNode Name="Header" Required="True"><Query><![CDATA[SELECT	
	OH.INVOICEDATE, 
	OH.TRANSACTIONDATE, 
	OH.SHIPPINGDATE, 
	OH.TRANSACTIONNUMBER, 
	OH.PURCHASEORDERNUMBER, 
	CASE 
		WHEN OH.TRANSACTIONTYPE = 'J' THEN 
			IIF(ISNULL(DBO.FN_ORDERVALUE(OH.ROWID,NULL),0) < 0, 'DR', 'CN')
		ELSE 'DI'
	END AS TRANSACTIONCODE, 
	WH.IDENTITYID AS WH, 
	CO.NAME AS COMPANYNAME, 
	ISNULL(OH.USERDEFINEDREFERENCE_17,(SELECT VENDOR FROM GNC_EDI_TRANSLATION (NOLOCK) WHERE WAREHOUSEID = WH.IDENTITYID AND IDGROUP = CUST.IDGROUP)) AS PO_VENDOR, 
	CUST.IDENTITYID AS CUSTID, 
	CUST.NAME AS CUSTNAME, 
	CONS.IDENTITYID AS CONSIGNEEID, 
	CONS.NAME AS CONSIGNEENAME, 
	ISNULL(OH.USERDEFINEDREFERENCE_19, ICONS.USERDEFINEDREFERENCE_2) AS PO_STORENUMBER, 
	ISNULL(OH.USERDEFINEDREFERENCE_20, ICONS.USERDEFINEDREFERENCE_6) AS GLNNUMBER, 	--ALSO COULD BE STORED IN ICONS.IDCODE, 
	
	HEADER.TDSAMT, HEADER.TOTAL, 
	CASE	WHEN HEADER.TOTAL = HEADER.TDSAMT THEN NULL 
			WHEN HEADER.TOTAL > HEADER.TDSAMT THEN 'C' 
			ELSE 'A' END AS SAC01VALUE, 
	IIF(HEADER.TOTAL = HEADER.TDSAMT, NULL, 'D240') AS SAC02VALUE, 
	NULLIF(ABS(HEADER.TOTAL - HEADER.TDSAMT), 0) AS SAC05VALUE, 
	IIF(HEADER.TDSAMT = HEADER.TOTAL, NULL, 'FREIGHT ADJ') AS SAC15VALUE, 
	DETAIL.LINECOUNT 
FROM OMTRANSACTIONHEADER OH (NOLOCK) 
	JOIN IDMASTER WH (NOLOCK) ON WH.ROWID = OH.R_FMSHIPPER
	JOIN IDMASTER CUST (NOLOCK) ON CUST.ROWID = OH.R_CUSTOMER 
	JOIN IDCUSTOMER ICUST (NOLOCK) ON ICUST.R_IDENTITY = OH.R_CUSTOMER 
	JOIN IDMASTER CONS (NOLOCK) ON CONS.ROWID = OH.R_SHIPPER 
	JOIN IDCONSIGNEE ICONS (NOLOCK) ON ICONS.R_IDENTITY = CONS.ROWID 
	JOIN IDTYPESLINKS (NOLOCK) ON IDTYPESLINKS.R_IDENTITY = CONS.ROWID AND IDTYPESLINKS.IDTYPE = '02' 
	JOIN ABCOMPANY CO (NOLOCK) ON CO.COMPANYID = OH.COMPANYID
	LEFT JOIN	(	SELECT 
						OD.R_TRANSACTIONHEADER, 
						ROUND(SUM(ISNULL(OD.QUANTITYSHIPPED, 0) * 
							(	ISNULL(OD.UNITPRICE, 0) + 
								ISNULL(OD.HANDLINGCHARGEPERITEM,0) + 
								ISNULL(OD.TAGGINGCHARGEPERITEM,0) + 
								ISNULL(OD.FREIGHTRATEPERITEM,0) 
							) 
						),2) AS TDSAMT, 
						DBO.FN_ORDERVALUE(OD.R_TRANSACTIONHEADER, NULL) AS TOTAL
					FROM OMTRANSACTIONDETAIL OD (NOLOCK) 
					WHERE ISNULL(OD.QUANTITYSHIPPED,0) > 0 
					GROUP BY OD.R_TRANSACTIONHEADER 
				) AS HEADER ON HEADER.R_TRANSACTIONHEADER = OH.ROWID 
	LEFT JOIN	(	SELECT OD.R_TRANSACTIONHEADER, COUNT(*) AS LINECOUNT 
					FROM OMTRANSACTIONDETAIL OD (NOLOCK) 
					WHERE ISNULL(OD.QUANTITYSHIPPED,0) > 0 
					GROUP BY OD.R_TRANSACTIONHEADER 
				) AS DETAIL ON DETAIL.R_TRANSACTIONHEADER = OH.ROWID 
WHERE OH.ROWID = @HEADERROWID AND OH.RECORDTYPE = 'Z'
]]></Query><Parameters><Parameter Name="@HeaderROWID" Type="Guid" Length="0" SourceType="Variable"><![CDATA[SourceRowID]]></Parameter></Parameters><TranSetNodeItems><Segment Sequence="020" SegmentCode="BIG" Required="True" Enabled="True"><Description><![CDATA[Beginning Segment for Invoice]]></Description><MapAlternative Name="Default"><SegmentElements><Element Sequence="01" Required="True" Enabled="True" DataElement="373" DataType="DT" MinLength="8" MaxLength="8"><Description><![CDATA[Date]]></Description><Mappings><Mapping Enabled="True"><MappingSources><MappingSource Type="Column"><NodeLevel>Header</NodeLevel><SourceValue>INVOICEDATE</SourceValue><ExpMapFunction Name="EDIDate"><![CDATA[yyyyMMdd]]></ExpMapFunction></MappingSource></MappingSources></Mapping></Mappings></Element><Element Sequence="02" Required="True" Enabled="True" DataElement="76" DataType="AN" MinLength="1" MaxLength="25"><Description><![CDATA[Invoice Number]]></Description><Mappings><Mapping Enabled="True"><MappingSources><MappingSource Type="Column"><NodeLevel>Header</NodeLevel><SourceValue>TRANSACTIONNUMBER</SourceValue></MappingSource></MappingSources></Mapping></Mappings></Element><Element Sequence="03" Required="False" Enabled="True" DataElement="373" DataType="AN" MinLength="1" MaxLength="20"><Description><![CDATA[Date]]></Description><Mappings><Mapping Enabled="True"><MappingSources><MappingSource Type="Column"><NodeLevel>Header</NodeLevel><SourceValue>TRANSACTIONDATE</SourceValue><ExpMapFunction Name="EDIDate"><![CDATA[yyyyMMdd]]></ExpMapFunction></MappingSource></MappingSources></Mapping></Mappings></Element><Element Sequence="04" Required="False" Enabled="True" DataElement="324" DataType="AN" MinLength="1" MaxLength="22"><Description><![CDATA[Purchase Order Number]]></Description><Mappings><Mapping Enabled="True"><MappingSources><MappingSource Type="Column"><NodeLevel>Header</NodeLevel><SourceValue>PURCHASEORDERNUMBER</SourceValue></MappingSource></MappingSources></Mapping></Mappings></Element><Element Sequence="07" Required="False" Enabled="True" DataElement="640" DataType="ID" MinLength="2" MaxLength="2"><Description><![CDATA[Transaction Type Code]]></Description><Mappings><Mapping Enabled="False"><MappingSources><MappingSource Type="Literal"><SourceValue><![CDATA[DI]]></SourceValue></MappingSource></MappingSources></Mapping><Mapping Enabled="True"><MappingSources><MappingSource Type="Column"><NodeLevel>Header</NodeLevel><SourceValue>TRANSACTIONCODE</SourceValue></MappingSource></MappingSources></Mapping></Mappings></Element></SegmentElements></MapAlternative></Segment><Segment Sequence="040" SegmentCode="CUR" Required="False" Enabled="True"><Description><![CDATA[Currency]]></Description><MapAlternative Name="Default"><SegmentElements><Element Sequence="01" Required="True" Enabled="True" DataElement="98" DataType="ID" MinLength="2" MaxLength="3"><Description><![CDATA[Entity Identifier Code]]></Description><Mappings><Mapping Enabled="True"><MappingSources><MappingSource Type="Literal"><SourceValue><![CDATA[SE]]></SourceValue></MappingSource></MappingSources></Mapping></Mappings></Element><Element Sequence="02" Required="True" Enabled="True" DataElement="100" DataType="AN" MinLength="3" MaxLength="3"><Description><![CDATA[Currency Code]]></Description><Mappings><Mapping Enabled="True"><MappingSources><MappingSource Type="Literal"><SourceValue><![CDATA[USD]]></SourceValue></MappingSource></MappingSources></Mapping></Mappings></Element></SegmentElements></MapAlternative></Segment><Segment Sequence="070" SegmentCode="N1 " Required="False" Enabled="True"><Description><![CDATA[Name SF]]></Description><MapAlternative Name="Default"><SegmentElements><Element Sequence="01" Required="True" Enabled="True" DataElement="98" DataType="ID" MinLength="2" MaxLength="3"><Description><![CDATA[Entity Identifier Code]]></Description><Mappings><Mapping Enabled="True"><MappingSources><MappingSource Type="Literal"><SourceValue><![CDATA[SF]]></SourceValue></MappingSource></MappingSources></Mapping></Mappings></Element><Element Sequence="02" Required="False" Enabled="True" DataElement="93" DataType="AN" MinLength="1" MaxLength="60"><Description><![CDATA[Name]]></Description><Mappings><Mapping Enabled="True"><MappingSources><MappingSource Type="Column"><NodeLevel>Header</NodeLevel><SourceValue>COMPANYNAME</SourceValue></MappingSource></MappingSources></Mapping></Mappings></Element><Element Sequence="03" Required="False" Enabled="True" DataElement="66" DataType="ID" MinLength="1" MaxLength="2"><Description><![CDATA[Identification Code Qualifier]]></Description><Mappings><Mapping Enabled="True"><MappingSources><MappingSource Type="Literal"><SourceValue><![CDATA[92]]></SourceValue></MappingSource></MappingSources></Mapping></Mappings></Element><Element Sequence="04" Required="False" Enabled="True" DataElement="67" DataType="AN" MinLength="2" MaxLength="80"><Description><![CDATA[Identification Code]]></Description><Mappings><Mapping Enabled="True"><MappingSources><MappingSource Type="Column"><NodeLevel>Header</NodeLevel><SourceValue>PO_VENDOR</SourceValue></MappingSource></MappingSources></Mapping></Mappings></Element></SegmentElements></MapAlternative></Segment><Segment Sequence="070" SegmentCode="N1 " Required="False" Enabled="True"><Description><![CDATA[Name ST]]></Description><MapAlternative Name="Default"><SegmentElements><Element Sequence="01" Required="True" Enabled="True" DataElement="98" DataType="ID" MinLength="2" MaxLength="3"><Description><![CDATA[Entity Identifier Code]]></Description><Mappings><Mapping Enabled="True"><MappingSources><MappingSource Type="Literal"><SourceValue><![CDATA[ST]]></SourceValue></MappingSource></MappingSources></Mapping></Mappings></Element><Element Sequence="02" Required="False" Enabled="True" DataElement="93" DataType="AN" MinLength="1" MaxLength="60"><Description><![CDATA[Name]]></Description><Mappings><Mapping Enabled="True"><MappingSources><MappingSource Type="Column"><NodeLevel>Header</NodeLevel><SourceValue>CONSIGNEENAME</SourceValue></MappingSource></MappingSources></Mapping></Mappings></Element><Element Sequence="03" Required="False" Enabled="True" DataElement="66" DataType="ID" MinLength="1" MaxLength="2"><Description><![CDATA[Identification Code Qualifier]]></Description><Mappings><Mapping Enabled="True"><MappingSources><MappingSource Type="Literal"><SourceValue><![CDATA[92]]></SourceValue></MappingSource></MappingSources></Mapping></Mappings></Element><Element Sequence="04" Required="False" Enabled="True" DataElement="67" DataType="AN" MinLength="2" MaxLength="80"><Description><![CDATA[Identification Code]]></Description><Mappings><Mapping Enabled="True"><MappingSources><MappingSource Type="Column"><NodeLevel>Header</NodeLevel><SourceValue>PO_STORENUMBER</SourceValue></MappingSource></MappingSources></Mapping></Mappings></Element></SegmentElements></MapAlternative></Segment><TranSetNode Name="Detail" Required="True"><Query><![CDATA[SELECT 
	ITM.DESCRIPTION_1, 
	ITM.ITEMCODE, 
	OD.QUANTITYSHIPPED, 
	CAST(	ISNULL(OD.UNITPRICE, 0) + 
			ISNULL(OD.HANDLINGCHARGEPERITEM,0) + 
			ISNULL(OD.TAGGINGCHARGEPERITEM,0) + 
			ISNULL(OD.FREIGHTRATEPERITEM,0) 
		AS DECIMAL(15,2)) AS UNITPRICE, 
	PSD.ALTERNATESKU AS CUSTOMERSKU, 
	ITM.ITEMSUPCCODE 
FROM OMTRANSACTIONHEADER OH (NOLOCK)  
JOIN OMTRANSACTIONDETAIL OD (NOLOCK) ON OD.R_TRANSACTIONHEADER = OH.ROWID 
JOIN IMITEM ITM (NOLOCK) ON ITM.ROWID = OD.R_ITEM 
JOIN IDMASTER WH (NOLOCK) ON WH.ROWID = OH.R_FMSHIPPER 
JOIN IDCONSIGNEE ICONS (NOLOCK) ON ICONS.R_IDENTITY = OH.R_SHIPPER 
LEFT JOIN IDCONSIGNEESHIPPERZONE SZ (NOLOCK) ON SZ.R_CONSIGNEE = ICONS.R_IDENTITY AND SZ.R_SHIPPER = WH.ROWID 
LEFT JOIN IMPRICESCHEDULEHEADER PSH (NOLOCK) ON PSH.ROWID = ISNULL(SZ.R_PRICESCHEDULE, ICONS.R_PRICESCHEDULE) 
LEFT JOIN IMPRICESCHEDULEDETAIL PSD (NOLOCK) ON PSD.R_PRICESCHEDULEHEADER = PSH.ROWID AND PSD.R_ITEM = OD.R_ITEM AND PSD.EXPIRATIONDATE >= GETDATE() 
WHERE ISNULL(OD.QUANTITYSHIPPED,0) > 0 
AND OH.ROWID = @ROWID 
ORDER BY OD.KEYSEQUENCE 
]]></Query><Parameters><Parameter Name="@ROWID" Type="Guid" Length="0" SourceType="Variable"><![CDATA[SourceRowID]]></Parameter></Parameters><TranSetNodeItems><SegmentGroup Name="Baseline Item Data" Enabled="True"><Segments><Segment Sequence="010" SegmentCode="IT1" Required="False" Enabled="True"><Description><![CDATA[Baseline Item Data (Invoice)]]></Description><MapAlternative Name="Default"><SegmentElements><Element Sequence="02" Required="False" Enabled="True" DataElement="358" DataType="R" MinLength="1" MaxLength="10"><Description><![CDATA[Quantity Invoiced]]></Description><Mappings><Mapping Enabled="True"><MappingSources><MappingSource Type="Column"><NodeLevel>Detail</NodeLevel><SourceValue>QUANTITYSHIPPED</SourceValue></MappingSource></MappingSources></Mapping></Mappings></Element><Element Sequence="03" Required="False" Enabled="True" DataElement="355" DataType="ID" MinLength="2" MaxLength="2"><Description><![CDATA[Unit or Basis for Measurement Code]]></Description><Mappings><Mapping Enabled="True"><MappingSources><MappingSource Type="Literal"><SourceValue><![CDATA[EA]]></SourceValue></MappingSource></MappingSources></Mapping></Mappings></Element><Element Sequence="04" Required="False" Enabled="True" DataElement="212" DataType="R" MinLength="1" MaxLength="17"><Description><![CDATA[Unit Price]]></Description><Mappings><Mapping Enabled="True"><MappingSources><MappingSource Type="Column"><NodeLevel>Detail</NodeLevel><SourceValue>UNITPRICE</SourceValue></MappingSource></MappingSources></Mapping></Mappings></Element><Element Sequence="06" Required="False" Enabled="True" DataElement="235" DataType="ID" MinLength="2" MaxLength="2"><Description><![CDATA[Product/Service ID Qualifier]]></Description><Mappings><Mapping Enabled="True"><MappingSources><MappingSource Type="Literal"><SourceValue><![CDATA[IN]]></SourceValue></MappingSource></MappingSources></Mapping></Mappings></Element><Element Sequence="07" Required="False" Enabled="True" DataElement="234" DataType="AN" MinLength="1" MaxLength="48"><Description><![CDATA[Product/Service ID]]></Description><Mappings><Mapping Enabled="True"><MappingSources><MappingSource Type="Column"><NodeLevel>Detail</NodeLevel><SourceValue>CUSTOMERSKU</SourceValue></MappingSource></MappingSources></Mapping></Mappings></Element><Element Sequence="10" Required="False" Enabled="True" DataElement="235" DataType="ID" MinLength="2" MaxLength="2"><Description><![CDATA[Product/Service ID Qualifier]]></Description><Mappings><Mapping Enabled="True"><MappingSources><MappingSource Type="Literal"><SourceValue><![CDATA[UP]]></SourceValue></MappingSource></MappingSources></Mapping></Mappings></Element><Element Sequence="11" Required="False" Enabled="True" DataElement="234" DataType="AN" MinLength="1" MaxLength="48"><Description><![CDATA[Product/Service ID]]></Description><Mappings><Mapping Enabled="True"><MappingSources><MappingSource Type="Column"><NodeLevel>Detail</NodeLevel><SourceValue>ITEMSUPCCODE</SourceValue></MappingSource></MappingSources></Mapping></Mappings></Element></SegmentElements></MapAlternative></Segment></Segments></SegmentGroup></TranSetNodeItems></TranSetNode><Segment Sequence="010" SegmentCode="TDS" Required="True" Enabled="True"><Description><![CDATA[Total Monetary Value Summary]]></Description><MapAlternative Name="Default"><SegmentElements><Element Sequence="01" Required="True" Enabled="True" DataElement="610" DataType="N2" MinLength="1" MaxLength="15"><Description><![CDATA[Amount]]></Description><Mappings><Mapping Enabled="True"><MappingSources><MappingSource Type="Column"><NodeLevel>Header</NodeLevel><SourceValue>TDSAMT</SourceValue></MappingSource></MappingSources></Mapping></Mappings></Element></SegmentElements></MapAlternative></Segment><Segment Sequence="010" SegmentCode="SAC" Required="False" Enabled="True"><Description><![CDATA[Service, Promotion, Allowance, or Charge Information]]></Description><MapAlternative Name="Default"><SegmentElements><Element Sequence="01" Required="False" Enabled="True" DataElement="610" DataType="ID" MinLength="1" MaxLength="1"><Description><![CDATA[Allowance or Charge Indicator]]></Description><Mappings><Mapping Enabled="True"><MappingSources><MappingSource Type="Column"><NodeLevel>Header</NodeLevel><SourceValue>SAC01VALUE</SourceValue></MappingSource></MappingSources></Mapping></Mappings></Element><Element Sequence="02" Required="False" Enabled="True" DataElement="1300" DataType="ID" MinLength="4" MaxLength="4"><Description><![CDATA[Service, Promotion, Allowance, or Charge Code]]></Description><Mappings><Mapping Enabled="True"><MappingSources><MappingSource Type="Column"><NodeLevel>Header</NodeLevel><SourceValue>SAC02VALUE</SourceValue></MappingSource></MappingSources></Mapping></Mappings></Element><Element Sequence="05" Required="False" Enabled="True" DataElement="610" DataType="N2" MinLength="1" MaxLength="15"><Description><![CDATA[Amount]]></Description><Mappings><Mapping Enabled="True"><MappingSources><MappingSource Type="Column"><NodeLevel>Header</NodeLevel><SourceValue>SAC05VALUE</SourceValue></MappingSource></MappingSources></Mapping></Mappings></Element><Element Sequence="15" Required="False" Enabled="True" DataElement="352" DataType="AN" MinLength="1" MaxLength="80"><Description><![CDATA[Description]]></Description><Mappings><Mapping Enabled="True"><MappingSources><MappingSource Type="Column"><NodeLevel>Header</NodeLevel><SourceValue>SAC15VALUE</SourceValue></MappingSource></MappingSources></Mapping></Mappings></Element></SegmentElements></MapAlternative></Segment><Segment Sequence="070" SegmentCode="CTT" Required="False" Enabled="True"><Description><![CDATA[Transaction Totals]]></Description><MapAlternative Name="Default"><SegmentElements><Element Sequence="01" Required="True" Enabled="True" DataElement="354" DataType="N0" MinLength="1" MaxLength="6"><Description><![CDATA[Number of Line Items]]></Description><Mappings><Mapping Enabled="True"><MappingSources><MappingSource Type="Column"><NodeLevel>Header</NodeLevel><SourceValue>LINECOUNT</SourceValue></MappingSource></MappingSources></Mapping></Mappings></Element></SegmentElements></MapAlternative></Segment></TranSetNodeItems></TranSetNode></TranSet></EdiExportMap>