<EdiMapDef MessageID="RuralKing-824" MapDefVersion="1" MapTypeVersion="5010" Module="OM" Template="True" TranSet="824" Type="0"><Description><![CDATA[Process Shipment Advise and sent out of Insight]]></Description><Comments><![CDATA[Mapping sends email regarding Outbound Transaction.]]></Comments><TopLevelInsightObject>OMTRANSACTION</TopLevelInsightObject><PostScript><![CDATA[]]></PostScript><Customer><![CDATA[10535]]></Customer><TradingPartner><![CDATA[Rural King]]></TradingPartner><InsightObjectMethod>0</InsightObjectMethod><EdiMsgGroups><EdiMsgGroup DefNodeID="618f1d56-6135-4380-b246-2135ad76ad5b" Name="Header" Repeats="False"><EdiSegmentCondition SegCode="BGN" /><SegmentGroups><Segment DefNodeID="cd7ff776-fde0-49f0-8d21-708b613d8299" Name="BGN" Trailer="False"><EdiSegmentCondition SegCode="BGN" /></Segment><Segment DefNodeID="c615e2d7-3ba3-4e93-98cc-e0059ea8792b" Name="OTI" Trailer="False"><EdiSegmentCondition SegCode="OTI" /></Segment><Segment DefNodeID="77c1b420-79e1-4144-ab41-b73c98a7d39c" Name="TED" Trailer="False"><EdiSegmentCondition SegCode="TED" /></Segment></SegmentGroups><Lookups><Lookup DefNodeID="a79a7c55-2681-4ca9-86c9-a84d340dc519" Code="EDI535_824_HEADER" Version="1" Name="Create Rural King 824 Header Record"><LookupMappings><LMTarget DefNodeID="539fbd5a-b085-438d-8029-b199de6a501f" AttributeName="ST01" Enabled="True" Required="False"><LMAlternatives><LMAlternative DefNodeID="26222807-bc01-4254-aed5-f95649d1bcf5" Enabled="True"><LMSources><LMSource DefNodeID="5ef17a5a-6797-48c6-b0be-8aec63da0611" Type="1"><![CDATA[824]]></LMSource></LMSources></LMAlternative></LMAlternatives></LMTarget><LMTarget DefNodeID="81dea49c-2949-4334-93fe-429b478b94ff" AttributeName="BGN01" Enabled="True" Required="False"><LMAlternatives><LMAlternative DefNodeID="3d2a242f-7231-41e0-bbc8-a49ceaa36581" Enabled="True"><LMSources><LMSource DefNodeID="9d52e388-3430-4b13-81ca-a558b5e6db0d" Type="2" MsgGroupName="Header" SegName="BGN" Element="1" SubElement="0" /></LMSources></LMAlternative></LMAlternatives></LMTarget><LMTarget DefNodeID="c0b16eb6-46cf-48e7-9131-864e54c8ce8b" AttributeName="BGN02" Enabled="True" Required="False"><LMAlternatives><LMAlternative DefNodeID="998cae3a-3601-4c90-86c5-e5a5132d989d" Enabled="True"><LMSources><LMSource DefNodeID="4b54892e-fc29-4533-8140-f8ef45a6e5f3" Type="2" MsgGroupName="Header" SegName="BGN" Element="2" SubElement="0" /></LMSources></LMAlternative></LMAlternatives></LMTarget><LMTarget DefNodeID="3b79f98e-7c68-4fa0-870a-f577b859e6e7" AttributeName="BGN03" Enabled="True" Required="False"><LMAlternatives><LMAlternative DefNodeID="23942908-fbd7-477d-8238-952c44c86e2a" Enabled="True"><LMSources><LMSource DefNodeID="ecff630d-a362-48aa-a0e5-fd7506fec92f" Type="2" MsgGroupName="Header" SegName="BGN" Element="3" SubElement="0" /></LMSources></LMAlternative></LMAlternatives></LMTarget><LMTarget DefNodeID="bba5cbec-a3d4-4b92-8f17-bdfb9ee0e38b" AttributeName="BGN04" Enabled="True" Required="False"><LMAlternatives><LMAlternative DefNodeID="35180ed1-8129-453a-ad8e-9829dd28be34" Enabled="True"><LMSources><LMSource DefNodeID="87920dc3-de08-44bc-9ffb-41c278cc13c3" Type="2" MsgGroupName="Header" SegName="BGN" Element="4" SubElement="0" /></LMSources></LMAlternative></LMAlternatives></LMTarget><LMTarget DefNodeID="02889fbb-72e2-4d57-a689-00d7fc6232e5" AttributeName="OTI01" Enabled="True" Required="False"><LMAlternatives><LMAlternative DefNodeID="27cf35d9-7f26-40f9-b135-2d1fadab0d91" Enabled="True"><LMSources><LMSource DefNodeID="56c0344a-1bb6-4f0a-b8db-f4e1e1aa4b45" Type="2" MsgGroupName="Header" SegName="OTI" Element="1" SubElement="0" /></LMSources></LMAlternative></LMAlternatives></LMTarget><LMTarget DefNodeID="a01a46fa-8471-408a-b620-85bba3757d89" AttributeName="OTI02" Enabled="True" Required="False"><LMAlternatives><LMAlternative DefNodeID="29f92d1d-9b29-48cd-b7c9-d0c55a6e0c1e" Enabled="True"><LMSources><LMSource DefNodeID="d2cd53fd-9136-4cd9-8f8a-fd8cc47c05c7" Type="2" MsgGroupName="Header" SegName="OTI" Element="2" SubElement="0" /></LMSources></LMAlternative></LMAlternatives></LMTarget><LMTarget DefNodeID="3d70a92d-2d0c-45d8-9cce-6e2790126261" AttributeName="OTI03" Enabled="True" Required="False"><LMAlternatives><LMAlternative DefNodeID="e46b5f00-789c-4e0f-8df4-2c4ba733309e" Enabled="True"><LMSources><LMSource DefNodeID="7cba05ba-734c-4a30-bb6c-3786fe295ad9" Type="2" MsgGroupName="Header" SegName="OTI" Element="3" SubElement="0" /></LMSources></LMAlternative></LMAlternatives></LMTarget><LMTarget DefNodeID="8193a236-b389-418e-b4f3-2a4e413f0359" AttributeName="OTI08" Enabled="True" Required="False"><LMAlternatives><LMAlternative DefNodeID="e3bdc947-98df-4531-88ca-f602f9770398" Enabled="True"><LMSources><LMSource DefNodeID="b7f299a2-b262-4cd7-b765-57f42dba9769" Type="2" MsgGroupName="Header" SegName="OTI" Element="8" SubElement="0" /></LMSources></LMAlternative></LMAlternatives></LMTarget><LMTarget DefNodeID="c096e351-57af-451b-9f9d-d7d495990e00" AttributeName="OTI09" Enabled="True" Required="False"><LMAlternatives><LMAlternative DefNodeID="dedc1872-6432-442d-9788-5b81dca344cc" Enabled="True"><LMSources><LMSource DefNodeID="93050f70-8a00-41d6-888d-1e3cca07e212" Type="2" MsgGroupName="Header" SegName="OTI" Element="9" SubElement="0" /></LMSources></LMAlternative></LMAlternatives></LMTarget><LMTarget DefNodeID="a390c42b-8c7d-427b-afb6-01cc8c33edb6" AttributeName="TED01" Enabled="True" Required="False"><LMAlternatives><LMAlternative DefNodeID="b5d3537f-eb30-40da-8a11-adb5875b005f" Enabled="True"><LMSources><LMSource DefNodeID="b95354f7-6ac5-4c2d-a1ab-267ad16a9477" Type="2" MsgGroupName="Header" SegName="TED" Element="1" SubElement="0" /></LMSources></LMAlternative></LMAlternatives></LMTarget><LMTarget DefNodeID="caa00268-ac0c-4f1f-a457-f3c35c67e408" AttributeName="TED02" Enabled="True" Required="False"><LMAlternatives><LMAlternative DefNodeID="5d7bd399-0347-472f-bfd9-30fbdbfaed39" Enabled="True"><LMSources><LMSource DefNodeID="059ff5d4-3066-46fd-928a-3237d80e5806" Type="2" MsgGroupName="Header" SegName="TED" Element="2" SubElement="0" /></LMSources></LMAlternative></LMAlternatives></LMTarget><LMTarget DefNodeID="593073d3-028c-40bc-93b9-5bdfb69d76c2" AttributeName="IDGROUP" Enabled="True" Required="False"><LMAlternatives><LMAlternative DefNodeID="73ec2fce-8e16-4a4f-85cf-b2a366edabe4" Enabled="True"><LMSources><LMSource DefNodeID="9a308f48-534e-483c-896f-027724c1d6ce" Type="1"><![CDATA[535]]></LMSource></LMSources></LMAlternative></LMAlternatives></LMTarget></LookupMappings></Lookup></Lookups><InsightObjects><InsightObject DefNodeID="e65fc018-3185-4d22-bac6-960a084c96f7" Name="OMTRANSACTIONHEADER" ParentObjectName="" Operation="5" ProfileUsage="1"><IOMappings><IOMTarget DefNodeID="4b699ee6-dcb6-44ad-beff-6c5a26f12e21" ColumnName="R_NOTIFYPARTY" Enabled="True" Required="False" Hide="False" Append="False" Repeat="False"><IOMAlternatives><IOMAlternative DefNodeID="44c758d8-9030-4c02-abc1-e6c3aa7273bc" Enabled="True"><IOMSources><IOMSource DefNodeID="e5dbc3a1-beca-4c33-ba96-4b745581d997" Type="4" MsgGroupName="Header" LookupCode="EDI535_824_HEADER" LookupVersion="1" Attribute="ROWID" /></IOMSources></IOMAlternative></IOMAlternatives></IOMTarget></IOMappings></InsightObject></InsightObjects><EdiMsgGroup DefNodeID="48f4205d-e592-4c0e-8dad-1f2c551470ed" Name="Detail" Repeats="False"><EdiSegmentCondition SegCode="NTE" /><SegmentGroups><Segment DefNodeID="d311b943-2464-43e8-b234-fcf41f4635eb" Name="NTE" Trailer="False"><EdiSegmentCondition SegCode="NTE" /></Segment></SegmentGroups><Lookups><Lookup DefNodeID="ced1e4a2-046f-4dad-bbad-17eb07a888e2" Code="EDI535_824_DETAIL" Version="1" Name="Create Rural King 824 Email Detail Record"><LookupMappings><LMTarget DefNodeID="23af5c33-9047-4eaf-994c-252271dbb6d9" AttributeName="IDGROUP" Enabled="True" Required="False"><LMAlternatives><LMAlternative DefNodeID="5d2e16f8-ed51-4b67-bf06-ad928b21f4ac" Enabled="True"><LMSources><LMSource DefNodeID="92b68f33-b19c-4bce-ba3c-8e42ff5155c3" Type="1"><![CDATA[535]]></LMSource></LMSources></LMAlternative></LMAlternatives></LMTarget><LMTarget DefNodeID="cd2291f7-3394-4a1f-97d1-a366022e35c2" AttributeName="NTE01" Enabled="True" Required="False"><LMAlternatives><LMAlternative DefNodeID="526089dc-210e-4358-8a81-7379ea18c2ce" Enabled="True"><LMSources><LMSource DefNodeID="3fcaac56-342c-49ea-92fe-917ce060133f" Type="2" MsgGroupName="Detail" SegName="NTE" Element="1" SubElement="0" /></LMSources></LMAlternative></LMAlternatives></LMTarget><LMTarget DefNodeID="d46c5c54-ea77-4fc0-a4c7-28a1f2e96c67" AttributeName="NTE02" Enabled="True" Required="False"><LMAlternatives><LMAlternative DefNodeID="ce4d9d8b-570f-4af1-b514-b86f6e0e0e35" Enabled="True"><LMSources><LMSource DefNodeID="bda97881-0f15-491b-8ae6-12778f708817" Type="2" MsgGroupName="Detail" SegName="NTE" Element="2" SubElement="0" /></LMSources></LMAlternative></LMAlternatives></LMTarget><LMTarget DefNodeID="38f94e6e-08dd-4323-9f92-a71b8b97d2e3" AttributeName="ST01" Enabled="True" Required="False"><LMAlternatives><LMAlternative DefNodeID="c54e6b64-6fa0-4970-8626-939627bc8b48" Enabled="True"><LMSources><LMSource DefNodeID="26c4e8af-8999-4e58-b764-74103fdb3d82" Type="1"><![CDATA[824]]></LMSource></LMSources></LMAlternative></LMAlternatives></LMTarget></LookupMappings></Lookup></Lookups><InsightObjects><InsightObject DefNodeID="c0d8a9d5-78ea-4069-85bc-6cf5fe082cf6" Name="OMTRANSACTIONDETAIL" ParentObjectName="" Operation="5" ProfileUsage="1"><IOMappings><IOMTarget DefNodeID="7b401eb1-9e3f-4967-9f5c-79d6fe4eb053" ColumnName="R_PARENTDETAIL" Enabled="True" Required="False" Hide="False" Append="False" Repeat="False"><IOMAlternatives><IOMAlternative DefNodeID="8b6eacc1-9160-4296-a2c5-329749ab4db4" Enabled="True"><IOMSources><IOMSource DefNodeID="61e68560-7e9d-4672-a5f2-b890e7289e8b" Type="4" MsgGroupName="Detail" LookupCode="EDI535_824_DETAIL" LookupVersion="1" Attribute="REMAILHEADER" /></IOMSources></IOMAlternative></IOMAlternatives></IOMTarget></IOMappings></InsightObject></InsightObjects></EdiMsgGroup></EdiMsgGroup></EdiMsgGroups></EdiMapDef>