<SqlLookupDef Name="GNC_WAREHOUSE_ROWID" Type="0" Version="1"><Description><![CDATA[GNC_WAREHOUSE_ROWID(VENDOR)]]></Description><Comments><![CDATA[]]></Comments><FailMessage><![CDATA[]]></FailMessage><SqlQuery><![CDATA[--GNC_LOOKUP_WAREHOUSEID(VENDOR) 
/* 
DECLARE @VENDORNUMBER CHAR(12) = '999990001' 
*/ 
DECLARE @WAREHOUSE_ROWID VARCHAR(38)--UNIQUEIDENTIFIER 

SELECT 
TOP 1 @WAREHOUSE_ROWID = WH.ROWID 
FROM IDMASTER WH (NOLOCK) 
JOIN GNC_EDI_TRANSLATION EDI (NOLOCK) ON EDI.WAREHOUSEID = WH.IDENTITYID 
WHERE @VENDORNUMBER = EDI.VENDOR 

SELECT @WAREHOUSE_ROWID AS WAREHOUSE_ROWID 
]]></SqlQuery><Attributes><SqlLookupDefAttribute Name="VENDORNUMBER" Type="1" Required="True" ColumnName="" /><SqlLookupDefAttribute Name="WAREHOUSE_ROWID" Type="2" Required="True" ColumnName="WAREHOUSE_ROWID" /></Attributes><Parameters><SqlLookupDefParameter Name="@VENDORNUMBER" DataType="3" Length="12" ValueType="1"><![CDATA[VENDORNUMBER]]></SqlLookupDefParameter></Parameters></SqlLookupDef>