<SqlLookupDef Name="GNC_TERMS_ROWID" Type="0" Version="1"><Description><![CDATA[GNC_TERMS_ROWID(CO,CUST)]]></Description><Comments><![CDATA[]]></Comments><FailMessage><![CDATA[]]></FailMessage><SqlQuery><![CDATA[--GNC_LOOKUP_TERMSROWID(CO,CUST) 
/*
DECLARE @COMPANYID CHAR(2) = 'SB' 
DECLARE @CUSTOMERID VARCHAR(38) = '{0a0f0783-db8b-4b59-ac48-4f5ec84b43b8}' 
*/
DECLARE @TERMSROWID VARCHAR(38)--UNIQUEIDENTIFIER 


SELECT TOP 1 @TERMSROWID = IDTERMS.ROWID 
FROM IDMASTER CUST (NOLOCK) 
JOIN IDCUSTOMER ICUST (NOLOCK) ON ICUST.R_IDENTITY = CUST.ROWID 
JOIN IDTERMS (NOLOCK) ON IDTERMS.ROWID = ICUST.R_TERMS 
WHERE CUST.COMPANYID = @COMPANYID 
AND CUST.ROWID = CAST(@CUSTOMERID AS UNIQUEIDENTIFIER)

SELECT @TERMSROWID AS TERMSROWID 
]]></SqlQuery><Attributes><SqlLookupDefAttribute Name="COMPANYID" Type="1" Required="True" ColumnName="" /><SqlLookupDefAttribute Name="CUSTOMERID" Type="1" Required="True" ColumnName="" /><SqlLookupDefAttribute Name="TERMSROWID" Type="2" Required="True" ColumnName="TERMSROWID" /></Attributes><Parameters><SqlLookupDefParameter Name="@COMPANYID" DataType="3" Length="2" ValueType="1"><![CDATA[COMPANYID]]></SqlLookupDefParameter><SqlLookupDefParameter Name="@CUSTOMERID" DataType="22" Length="38" ValueType="1"><![CDATA[CUSTOMERID]]></SqlLookupDefParameter></Parameters></SqlLookupDef>