<EdiMapDef MessageID="824_RURALKING_V1" MapDefVersion="1" MapTypeVersion="5010" Module="OM" Template="True" TranSet="824" Type="0"><Description><![CDATA[Process Shipment Advise and sent out of Insight]]></Description><Comments><![CDATA[Mapping sends email regarding Outbound Transaction.]]></Comments><TopLevelInsightObject>OMTRANSACTION</TopLevelInsightObject><PostScript><![CDATA[]]></PostScript><Customer><![CDATA[]]></Customer><InsightObjectMethod>0</InsightObjectMethod><EdiMsgGroups><EdiMsgGroup DefNodeID="618f1d56-6135-4380-b246-2135ad76ad5b" Name="Header" Repeats="False"><EdiSegmentCondition SegCode="BGN" /><SegmentGroups><Segment DefNodeID="cd7ff776-fde0-49f0-8d21-708b613d8299" Name="BGN" Trailer="False"><EdiSegmentCondition SegCode="BGN" /></Segment><Segment DefNodeID="4bdd15a7-db1b-41db-879b-364f26414327" Name="OTI" Trailer="False"><EdiSegmentCondition SegCode="OTI" /></Segment><Segment DefNodeID="bb21925e-51ab-471c-9226-5cd928c50152" Name="TED" Trailer="False"><EdiSegmentCondition SegCode="TED" /></Segment><Segment DefNodeID="7886219c-085d-4b8c-859c-422a45aaa65c" Name="NTE" Trailer="False"><EdiSegmentCondition SegCode="NTE" /></Segment></SegmentGroups><Lookups><Lookup DefNodeID="9b8db5b3-c6fd-423a-bb4f-7b4526c3ae79" Code="824_Email" Version="1" Name="Send Email notification of Outbound file errors"><LookupMappings><LMTarget DefNodeID="81940a2c-824a-44ef-bba8-e4d9d18421be" AttributeName="BGN02" Enabled="True" Required="False"><LMAlternatives><LMAlternative DefNodeID="d732ce77-7fa3-4ce4-9b49-5482a37c8e6b" Enabled="True"><LMSources><LMSource DefNodeID="ec6572a7-2b30-495b-bc7f-dae8dbe82838" Type="2" MsgGroupName="Header" SegName="BGN" Element="2" SubElement="0" /></LMSources></LMAlternative></LMAlternatives></LMTarget><LMTarget DefNodeID="4356a3d0-fc70-4c9e-8296-26c90d812cef" AttributeName="BGN03" Enabled="True" Required="False"><LMAlternatives><LMAlternative DefNodeID="9b809f7d-478d-4553-9b8a-54a6da6b5e11" Enabled="True"><LMSources><LMSource DefNodeID="b32a0221-d306-4e43-8da5-e1127867bf96" Type="2" MsgGroupName="Header" SegName="BGN" Element="3" SubElement="0" /></LMSources></LMAlternative></LMAlternatives></LMTarget><LMTarget DefNodeID="c6004a10-ae3d-4a04-8674-80feb3c21b09" AttributeName="BGN04" Enabled="True" Required="False"><LMAlternatives><LMAlternative DefNodeID="3a8a5df0-99bf-4e76-8cfa-6f1496e72adb" Enabled="True"><LMSources><LMSource DefNodeID="6a36bbc1-cba3-4a9b-ab3a-a13927299ff8" Type="2" MsgGroupName="Header" SegName="BGN" Element="4" SubElement="0" /></LMSources></LMAlternative></LMAlternatives></LMTarget><LMTarget DefNodeID="8bb27c50-6dd8-47f1-8b88-d0ec93079d16" AttributeName="OTI01" Enabled="True" Required="False"><LMAlternatives><LMAlternative DefNodeID="ca560fae-3393-40cd-8adb-17b863f43259" Enabled="True"><LMSources><LMSource DefNodeID="58f9268f-10a4-4435-b41f-d66ebce0137a" Type="2" MsgGroupName="Header" SegName="OTI" Element="1" SubElement="0" /></LMSources></LMAlternative></LMAlternatives></LMTarget><LMTarget DefNodeID="13036c2d-4c9f-4133-9ae0-001305402c4e" AttributeName="OTI02" Enabled="True" Required="False"><LMAlternatives><LMAlternative DefNodeID="0f509620-b1ab-4d61-8407-db593a31c51c" Enabled="True"><LMSources><LMSource DefNodeID="70b6b81b-4ad7-4064-997d-3c063a72410e" Type="2" MsgGroupName="Header" SegName="OTI" Element="2" SubElement="0" /></LMSources></LMAlternative></LMAlternatives></LMTarget><LMTarget DefNodeID="c5e88abd-7ebe-4cdd-b9cd-be7590cd4d0a" AttributeName="OTI03" Enabled="True" Required="False"><LMAlternatives><LMAlternative DefNodeID="9daea307-0cdc-4823-8455-b8ef45d53b03" Enabled="True"><LMSources><LMSource DefNodeID="1f6a4037-37a9-4405-a8f8-747c7a1d0b0d" Type="2" MsgGroupName="Header" SegName="OTI" Element="3" SubElement="0" /></LMSources></LMAlternative></LMAlternatives></LMTarget><LMTarget DefNodeID="a9b45087-87d0-4197-9cbb-0a213c62b419" AttributeName="OTI08" Enabled="True" Required="False"><LMAlternatives><LMAlternative DefNodeID="b78d35fe-c54c-4013-bb5c-0606d7be1c6e" Enabled="True"><LMSources><LMSource DefNodeID="794b5779-d1d8-4968-8f66-a2c9def19941" Type="2" MsgGroupName="Header" SegName="OTI" Element="8" SubElement="0" /></LMSources></LMAlternative></LMAlternatives></LMTarget><LMTarget DefNodeID="757e68d4-3c94-42b5-a167-d796f2f15a2a" AttributeName="OTI09" Enabled="True" Required="False"><LMAlternatives><LMAlternative DefNodeID="6600403a-c956-4bbd-8ba9-58bd6ac62750" Enabled="True"><LMSources><LMSource DefNodeID="2c0ace9a-b97e-4c4a-a92c-543b5fe06a6f" Type="2" MsgGroupName="Header" SegName="OTI" Element="9" SubElement="0" /></LMSources></LMAlternative></LMAlternatives></LMTarget><LMTarget DefNodeID="17e7b895-cd5e-4e89-a9e4-fb8af1472339" AttributeName="TED01" Enabled="True" Required="False"><LMAlternatives><LMAlternative DefNodeID="c225bc31-2ee5-4a43-bade-925aaf008889" Enabled="True"><LMSources><LMSource DefNodeID="d087528e-9f7c-47ba-baa8-d4af0e59c488" Type="2" MsgGroupName="Header" SegName="TED" Element="1" SubElement="0" /></LMSources></LMAlternative></LMAlternatives></LMTarget><LMTarget DefNodeID="5f19e848-8c1e-4a5a-b3eb-5abd49436783" AttributeName="TED02" Enabled="True" Required="False"><LMAlternatives><LMAlternative DefNodeID="2dbe01d5-cf30-4c60-8d71-c601df4dfb93" Enabled="True"><LMSources><LMSource DefNodeID="52265bf5-56c6-4289-bc43-1704fad6652f" Type="2" MsgGroupName="Header" SegName="TED" Element="2" SubElement="0" /></LMSources></LMAlternative></LMAlternatives></LMTarget><LMTarget DefNodeID="43737456-5460-4873-a46f-7a1fa1b7dd1a" AttributeName="NTE02" Enabled="True" Required="False"><LMAlternatives><LMAlternative DefNodeID="13d6f0b6-312a-43d6-83f7-86ecfff70974" Enabled="True"><LMSources><LMSource DefNodeID="f5581f66-a8b7-4a45-80b8-f7eb03fb8a1a" Type="2" MsgGroupName="Header" SegName="NTE" Element="2" SubElement="0" /></LMSources></LMAlternative></LMAlternatives></LMTarget></LookupMappings></Lookup></Lookups><InsightObjects><InsightObject DefNodeID="e65fc018-3185-4d22-bac6-960a084c96f7" Name="OMTRANSACTIONHEADER" ParentObjectName="" Operation="5" ProfileUsage="1"><IOMappings><IOMTarget DefNodeID="60219753-6e02-4d13-a640-b7a26ea91f1b" ColumnName="R_AGENT" Enabled="True" Required="False" Hide="False" Append="False" Repeat="False"><IOMAlternatives><IOMAlternative DefNodeID="6b87ceb4-98b3-4bf1-839c-df0cae16f1a6" Enabled="True"><IOMSources><IOMSource DefNodeID="6e25bc7b-2b02-40c9-9d75-dca4a3e924d4" Type="4" MsgGroupName="Header" LookupCode="824_Email" LookupVersion="1" Attribute="ROWID" /></IOMSources></IOMAlternative></IOMAlternatives></IOMTarget></IOMappings></InsightObject></InsightObjects></EdiMsgGroup></EdiMsgGroups></EdiMapDef>