<SqlLookupDef Name="824_Email" Type="0" Version="1"><Description><![CDATA[Send Email notification of Outbound file errors]]></Description><Comments><![CDATA[]]></Comments><FailMessage><![CDATA[Error sending email]]></FailMessage><SqlQuery><![CDATA[/*
Declare @BGN02 Varchar(60),
	@BGN03 Varchar(8),
	@BGN04 Varchar(8),
	@OTI01 Char(2),
	@OTI02 Char(2),
    @OTI03 Varchar(50),
    @OTI08 Varchar(9),
    @OTI09 Varchar(9),
	@TED01 VarChar(3),
	@TED02 Varchar(60),
    @NTE02 Varchar(80)

SET @BGN02 = '016211'
SET @BGN03 = '20110630'
SET @BGN04 = '1200'
SET @OTI01 = 'TR'
SET @OTI02 = 'PO'
SET @OTI03 = '1234567890'
SET @OTI08 = '3336'
SET @OTI09 = '000168026'
SET @TED01 = '024'
SET @TED02 = 'ERROR MESSAGE = 123456789 VENDOR = 12345662'
SET @NTE02 = 'No Note'
*/
------------------------------------------
Declare @DocumentNo  Varchar(100), 
        @ACKCode     Varchar(50),
        @Reference   Varchar(60),
        @SenderCode  Varchar(30),
        @Date        Varchar(20),
        @Time        Varchar(20),
        @GrpControl  Varchar(20),
        @TranSetCtrl Varchar(20),
        @ErrorCond   Varchar(30),
        @Message     Varchar(80),
        @Description Varchar(100),
		@EmailSubject Varchar(1000),
		@EmailBody   Varchar(max),
		@RowId       VARCHAR(38)

Set @EmailSubject = '<EmailSubject>'
Set @EmailBody = '<EmailBody>'

--Document #
IF rtrim(isnull(@BGN02,'')) <> '' AND rtrim(isnull(@OTI02,'')) <> '' AND rtrim(isnull(@OTI01, '')) <> ''
Begin
	Set @DocumentNo  = rtrim(@OTI02) + ' ' + rtrim(@BGN02)  + (case when @OTI01 = 'TA' then ' (Document Accepted)' when @OTI01 = 'TE' then ' (Document Accepted With Error)' when @OTI01 = 'TR' then ' (Document Rejected)' end)
	Set @EmailSubject = @EmailSubject + @DocumentNo + '<br>'
End

--Date
if rtrim(isnull(@BGN03, '')) <> ''
begin
  Set @Date = 'Date: ' + rtrim(@BGN03) 
  Set @EmailBody = @EmailBody + @Date + '<br>'
end

--Time
if rtrim(isnull(@BGN04, '')) <> ''
begin
  Set @Time = 'Time: ' + rtrim(@BGN04)
  Set @EmailBody = @EmailBody + @Time + '<br>'
end

--Application ACK Code
if rtrim(isnull(@OTI01, '')) <> '' 
begin
  set @ACKCode = 'Application Ack Code: ' + case when @OTI01 = 'TA' then 'Transaction Set Accept' when @OTI01 = 'TE' then 'Transaction Set Accept with Error' when @OTI01 = 'TR' then 'Transaction Set Reject' end
  Set @EmailBody = @EmailBody + @ACKCode  + '<br>'
end

--Reference #
if rtrim(isnull(@OTI03, '')) <> '' 
begin
  Set @Reference = 'Reference #: ' + rtrim(@OTI03)
  Set @EmailBody = @EmailBody + @Reference + '<br>'
end

--Group Control Number
if rtrim(isnull(@OTI08, '')) <> ''
begin
  Set @GrpControl = 'Group Conrtol #: ' + rtrim(@OTI08) 
  Set @EmailBody = @EmailBody + @GrpControl  + '<br>'
end

--Transaction Set
if rtrim(isnull(@OTI09, '')) <> ''
begin
  Set @TranSetCtrl = 'Transaction Set #: ' + rtrim(@OTI09) 
  Set @EmailBody = @EmailBody + @TranSetCtrl  + '<br>'
end


--Error Condition Code
if rtrim(isnull(@TED01, '')) <> ''
begin
  Set @ErrorCond = 'Error Condition Code: ' + rtrim(@TED01) 
  Set @EmailBody = @EmailBody + @ErrorCond + '<br>'
end

--Message
if rtrim(isnull(@TED02, '')) <> ''
begin
  Set @Message = 'Message: ' + rtrim(@TED02) 
  Set @EmailBody = @EmailBody + @Message + '<br>'
end

--Description
if rtrim(isnull(@NTE02, '')) <> ''
begin
  Set @Description = 'Description: ' + rtrim(@NTE02) 
  Set @EmailBody = @EmailBody + @Description + '<br>'
end

Set @EmailSubject = @EmailSubject + '</EmailSubject>'
Set @EmailBody = @EmailBody + '</EmailBody>'

--Populate ABERRORSHEADER
Set @RowId = NewId()
INSERT INTO ABERRORSHEADER (ROWID, COMPANYID, MODULE, RECORDTYPE, DESCRIPTION, COMMENT)
VALUES (@RowId, 'GS', 'OM', 'R', 'RURAL KING EDI 824 ACTION', @EmailSubject + @EmailBody)]]></SqlQuery><Attributes><SqlLookupDefAttribute Name="BGN02" Type="1" Required="True" ColumnName="" /><SqlLookupDefAttribute Name="BGN03" Type="1" Required="True" ColumnName="" /><SqlLookupDefAttribute Name="BGN04" Type="1" Required="True" ColumnName="" /><SqlLookupDefAttribute Name="OTI01" Type="1" Required="True" ColumnName="" /><SqlLookupDefAttribute Name="OTI02" Type="1" Required="True" ColumnName="" /><SqlLookupDefAttribute Name="OTI03" Type="1" Required="True" ColumnName="" /><SqlLookupDefAttribute Name="OTI08" Type="1" Required="True" ColumnName="" /><SqlLookupDefAttribute Name="OTI09" Type="1" Required="True" ColumnName="" /><SqlLookupDefAttribute Name="TED01" Type="1" Required="True" ColumnName="" /><SqlLookupDefAttribute Name="TED02" Type="1" Required="True" ColumnName="" /><SqlLookupDefAttribute Name="NTE02" Type="1" Required="True" ColumnName="" /><SqlLookupDefAttribute Name="ROWID" Type="2" Required="True" ColumnName="ROWID" /></Attributes><Parameters><SqlLookupDefParameter Name="@OTI01" DataType="22" Length="2" ValueType="1"><![CDATA[OTI01]]></SqlLookupDefParameter><SqlLookupDefParameter Name="@OTI03" DataType="22" Length="50" ValueType="1"><![CDATA[OTI03]]></SqlLookupDefParameter><SqlLookupDefParameter Name="@OTI08" DataType="22" Length="9" ValueType="1"><![CDATA[OTI08]]></SqlLookupDefParameter><SqlLookupDefParameter Name="@OTI09" DataType="22" Length="9" ValueType="1"><![CDATA[OTI09]]></SqlLookupDefParameter><SqlLookupDefParameter Name="@TED01" DataType="22" Length="3" ValueType="1"><![CDATA[TED01]]></SqlLookupDefParameter><SqlLookupDefParameter Name="@TED02" DataType="22" Length="60" ValueType="1"><![CDATA[TED02]]></SqlLookupDefParameter><SqlLookupDefParameter Name="@NTE02" DataType="22" Length="80" ValueType="1"><![CDATA[NTE02]]></SqlLookupDefParameter><SqlLookupDefParameter Name="@BGN02" DataType="22" Length="60" ValueType="1"><![CDATA[BGN02]]></SqlLookupDefParameter><SqlLookupDefParameter Name="@BGN03" DataType="22" Length="8" ValueType="1"><![CDATA[BGN03]]></SqlLookupDefParameter><SqlLookupDefParameter Name="@BGN04" DataType="22" Length="8" ValueType="1"><![CDATA[BGN04]]></SqlLookupDefParameter><SqlLookupDefParameter Name="@OTI02" DataType="22" Length="2" ValueType="1"><![CDATA[OTI02]]></SqlLookupDefParameter></Parameters></SqlLookupDef>