<EdiMapDef MessageID="RuralKing-812" MapDefVersion="1" MapTypeVersion="5010" Module="OM" Template="True" TranSet="812" Type="0"><Description><![CDATA[RuralKing-812 - Credit/Debit Adjustment]]></Description><Comments><![CDATA[]]></Comments><TopLevelInsightObject>OMTRANSACTION</TopLevelInsightObject><PostScript><![CDATA[]]></PostScript><Customer><![CDATA[10353]]></Customer><TradingPartner><![CDATA[Rural King]]></TradingPartner><InsightObjectMethod>0</InsightObjectMethod><EdiMsgGroups><EdiMsgGroup DefNodeID="14b3b6ae-a6da-4fc3-985e-a2e8fa904087" Name="Header" Repeats="False"><EdiSegmentCondition SegCode="ST" /><SegmentGroups><Segment DefNodeID="b054bc7f-9e8d-4eb9-8bd1-59229c5a4418" Name="ST" Trailer="False"><EdiSegmentCondition SegCode="ST" /></Segment><Segment DefNodeID="24059dad-0f39-4dc9-b36d-88c7fde8efee" Name="BCD" Trailer="False"><EdiSegmentCondition SegCode="BCD" /></Segment><Segment DefNodeID="6fade345-430f-4e58-a5e5-6ad7764e2513" Name="CUR" Trailer="False"><EdiSegmentCondition SegCode="CUR" /></Segment><Segment DefNodeID="b1fe594c-ab33-4d4a-88c8-f17e70986578" Name="N9" Trailer="False"><EdiSegmentCondition SegCode="N9" /></Segment><Segment DefNodeID="c9f8d204-7542-48f2-b8c9-a85a84b66cf2" Name="ITD" Trailer="False"><EdiSegmentCondition SegCode="ITD" /></Segment><Segment DefNodeID="5947085d-60f0-475d-a271-7e1f46e44f5d" Name="SAC" Trailer="False"><EdiSegmentCondition SegCode="SAC" /></Segment><Segment DefNodeID="cf3526d6-9961-4ce4-8dbc-38734c413d01" Name="N1" Trailer="False"><EdiSegmentCondition SegCode="N1" /></Segment><Segment DefNodeID="6d849b72-e20a-4dec-90c1-796e44ab9949" Name="N3" Trailer="False"><EdiSegmentCondition SegCode="N3" /></Segment><Segment DefNodeID="68b44dc8-07e1-4001-a165-7cb6a05adb7e" Name="N4" Trailer="False"><EdiSegmentCondition SegCode="N4" /></Segment></SegmentGroups><Lookups><Lookup DefNodeID="74dd35bf-fcb6-4382-8ccb-de2738456674" Code="EDI535_812_HEADER" Version="1" Name="Create Rural King 812 Email Header Record"><LookupMappings><LMTarget DefNodeID="f6467587-c615-4d49-93ae-9af88d924c83" AttributeName="IDGROUP" Enabled="True" Required="False"><LMAlternatives><LMAlternative DefNodeID="d8c40168-0014-4eeb-9f27-a04f459065a4" Enabled="True"><LMSources><LMSource DefNodeID="4aa535f6-1893-4b74-afcb-cb5fa8d6a42f" Type="1"><![CDATA[535]]></LMSource></LMSources></LMAlternative></LMAlternatives></LMTarget><LMTarget DefNodeID="5befcb15-3f44-444b-9d16-a6a9042cc6aa" AttributeName="ST01" Enabled="True" Required="False"><LMAlternatives><LMAlternative DefNodeID="8590f2e4-971a-4665-822a-a95acde4c1cf" Enabled="True"><LMSources><LMSource DefNodeID="716c6b04-0277-4773-a9a7-d1b1299f61e3" Type="1"><![CDATA[812]]></LMSource></LMSources></LMAlternative></LMAlternatives></LMTarget><LMTarget DefNodeID="8792da08-4839-46bb-b235-23c2bdcdabab" AttributeName="BCD01" Enabled="True" Required="False"><LMAlternatives><LMAlternative DefNodeID="c9dce219-8969-42d1-ab6d-3521e4e23e40" Enabled="True"><LMSources><LMSource DefNodeID="9dbca1f2-fca8-4366-bfc5-22e6494816f8" Type="2" MsgGroupName="Header" SegName="BCD" Element="1" SubElement="0" /></LMSources></LMAlternative></LMAlternatives></LMTarget><LMTarget DefNodeID="259fc894-0d2e-49a3-b56b-1146021fdf93" AttributeName="BCD02" Enabled="True" Required="False"><LMAlternatives><LMAlternative DefNodeID="85d6b7e7-6ccc-4fd7-bdbc-a0a7496c0650" Enabled="True"><LMSources><LMSource DefNodeID="0d6c0747-6a6e-41d0-b0f0-9bdad8cd8dc2" Type="2" MsgGroupName="Header" SegName="BCD" Element="2" SubElement="0" /></LMSources></LMAlternative></LMAlternatives></LMTarget><LMTarget DefNodeID="43c106f0-686e-4353-ab2b-5a834b06cd83" AttributeName="BCD03" Enabled="True" Required="False"><LMAlternatives><LMAlternative DefNodeID="fc8e2821-f8aa-4685-ab4e-8fd76169edb7" Enabled="True"><LMSources><LMSource DefNodeID="b9f423d6-d0cc-4d4d-a770-da11cf5c1998" Type="2" MsgGroupName="Header" SegName="BCD" Element="3" SubElement="0" /></LMSources></LMAlternative></LMAlternatives></LMTarget><LMTarget DefNodeID="533fde36-6239-4222-b6d3-7eabb35431dc" AttributeName="BCD04" Enabled="True" Required="False"><LMAlternatives><LMAlternative DefNodeID="0811542b-8200-4e61-932a-70bddf588dc5" Enabled="True"><LMSources><LMSource DefNodeID="8b55f5b4-5b17-4f3a-b7d1-7b1f86c3f912" Type="2" MsgGroupName="Header" SegName="BCD" Element="4" SubElement="0" /></LMSources></LMAlternative></LMAlternatives></LMTarget><LMTarget DefNodeID="90057885-893c-4f24-8b1d-c39e710df998" AttributeName="BCD05" Enabled="True" Required="False"><LMAlternatives><LMAlternative DefNodeID="5a1fd766-f874-4e3a-9fd3-ceefa39b67e1" Enabled="True"><LMSources><LMSource DefNodeID="c4f00f24-41bd-4f06-9869-eb7ef7c23b1f" Type="2" MsgGroupName="Header" SegName="BCD" Element="5" SubElement="0" /></LMSources></LMAlternative></LMAlternatives></LMTarget><LMTarget DefNodeID="f4a0a6e7-4046-4b46-a080-b8607d740ff5" AttributeName="BCD07" Enabled="True" Required="False"><LMAlternatives><LMAlternative DefNodeID="631083e6-c4c0-4a1d-abdb-6520c0ffd6bc" Enabled="True"><LMSources><LMSource DefNodeID="ca0813bd-3c56-410b-a33b-6915030e224b" Type="2" MsgGroupName="Header" SegName="BCD" Element="7" SubElement="0" /></LMSources></LMAlternative></LMAlternatives></LMTarget><LMTarget DefNodeID="086e8fc4-696c-4a48-80c5-008dd369d255" AttributeName="BCD10" Enabled="True" Required="False"><LMAlternatives><LMAlternative DefNodeID="f1d106ee-ae2f-4752-ad29-94204bf30e6c" Enabled="True"><LMSources><LMSource DefNodeID="a2c3886c-a6ce-4855-86bb-75f8988dfe38" Type="2" MsgGroupName="Header" SegName="BCD" Element="10" SubElement="0" /></LMSources></LMAlternative></LMAlternatives></LMTarget><LMTarget DefNodeID="4e90718c-21d9-44ef-ac4b-1cc89ef28fd7" AttributeName="BCD12" Enabled="True" Required="False"><LMAlternatives><LMAlternative DefNodeID="8d67a660-fd60-407c-9da6-2295798b18f9" Enabled="True"><LMSources><LMSource DefNodeID="90026184-4be2-48a7-9d5b-8b50e71a31e9" Type="2" MsgGroupName="Header" SegName="BCD" Element="12" SubElement="0" /></LMSources></LMAlternative></LMAlternatives></LMTarget><LMTarget DefNodeID="18ec096d-027d-4b88-a3d9-471af863d2fb" AttributeName="BCD13" Enabled="True" Required="False"><LMAlternatives><LMAlternative DefNodeID="a2d40179-eb49-46b8-9e0a-7f95f52504f6" Enabled="True"><LMSources><LMSource DefNodeID="cda8b246-9b6b-41bc-bccb-add6772b7538" Type="2" MsgGroupName="Header" SegName="BCD" Element="13" SubElement="0" /></LMSources></LMAlternative></LMAlternatives></LMTarget><LMTarget DefNodeID="fc3b1975-8a3f-451b-9e4e-b773ac1fb49e" AttributeName="BCD14" Enabled="True" Required="False"><LMAlternatives><LMAlternative DefNodeID="b04844e7-2936-42d5-9a1c-fb1e11ee956a" Enabled="True"><LMSources><LMSource DefNodeID="7c072fe6-5310-48b3-8f11-cebcfc7156b1" Type="2" MsgGroupName="Header" SegName="BCD" Element="14" SubElement="0" /></LMSources></LMAlternative></LMAlternatives></LMTarget><LMTarget DefNodeID="8b4b4cad-ebb7-467e-9d4d-caef283eaa4a" AttributeName="N902" Enabled="True" Required="False"><LMAlternatives><LMAlternative DefNodeID="064e8a9d-5d0a-41ae-80b2-b67b102c5276" Enabled="True"><LMSources><LMSource DefNodeID="a098df6e-6c32-47ef-a022-d08571f308c8" Type="2" MsgGroupName="Header" SegName="N9" Element="2" SubElement="0" /></LMSources></LMAlternative></LMAlternatives></LMTarget><LMTarget DefNodeID="e3470bd8-35fa-4a62-b4af-8c0f97f8fd1b" AttributeName="SAC01" Enabled="True" Required="False"><LMAlternatives><LMAlternative DefNodeID="8ef0839a-0a2d-40cc-9a01-d24e9c28c232" Enabled="True"><LMSources><LMSource DefNodeID="aa6e9236-c37d-4568-bf1f-f5d4f00ca5b1" Type="2" MsgGroupName="Header" SegName="SAC" Element="1" SubElement="0" /></LMSources></LMAlternative></LMAlternatives></LMTarget><LMTarget DefNodeID="7f01094a-74b2-4d1e-9a9a-87afb1e711e8" AttributeName="SAC02" Enabled="True" Required="False"><LMAlternatives><LMAlternative DefNodeID="10694c43-e397-4c5c-ac4d-364bea17ef60" Enabled="True"><LMSources><LMSource DefNodeID="a32acfea-d0b2-4bca-9a23-425ddf1a3890" Type="2" MsgGroupName="Header" SegName="SAC" Element="2" SubElement="0" /></LMSources></LMAlternative></LMAlternatives></LMTarget><LMTarget DefNodeID="5344d688-0399-4856-8dbe-6f1e2abb0d15" AttributeName="SAC05" Enabled="True" Required="False"><LMAlternatives><LMAlternative DefNodeID="181365dc-efdb-4688-b737-5312b0784ab1" Enabled="True"><LMSources><LMSource DefNodeID="5a1fedbb-e4c7-4667-96cc-7b732cde092c" Type="2" MsgGroupName="Header" SegName="SAC" Element="5" SubElement="0" /></LMSources></LMAlternative></LMAlternatives></LMTarget><LMTarget DefNodeID="9a2f3537-bb31-4407-8713-38dc1c5c7d7c" AttributeName="N102" Enabled="True" Required="False"><LMAlternatives><LMAlternative DefNodeID="b1ba8f64-b269-4060-a471-38047d3a7ddc" Enabled="True"><LMSources><LMSource DefNodeID="b369f997-fda5-42d6-a634-3aa1fbb51e47" Type="2" MsgGroupName="Header" SegName="N1" Element="2" SubElement="0" /></LMSources></LMAlternative></LMAlternatives></LMTarget><LMTarget DefNodeID="eba7b3e7-60c9-4e4c-8226-801326434df3" AttributeName="N104" Enabled="True" Required="False"><LMAlternatives><LMAlternative DefNodeID="e4fd99d5-6da4-4a61-ab84-8e5c124db3a8" Enabled="True"><LMSources><LMSource DefNodeID="a22cb5d3-b791-461e-98e2-c253e7566ca6" Type="2" MsgGroupName="Header" SegName="N1" Element="4" SubElement="0" /></LMSources></LMAlternative></LMAlternatives></LMTarget><LMTarget DefNodeID="034ea877-6eb3-4eb4-9865-9ca8dd851289" AttributeName="N301" Enabled="True" Required="False"><LMAlternatives><LMAlternative DefNodeID="cb40af48-6ce7-417f-921d-f7e0315c50c3" Enabled="True"><LMSources><LMSource DefNodeID="f7309cf1-5c01-4fdd-ba88-14090038ee73" Type="2" MsgGroupName="Header" SegName="N3" Element="1" SubElement="0" /></LMSources></LMAlternative></LMAlternatives></LMTarget><LMTarget DefNodeID="4992c761-64ad-4400-80a5-bce07cfab154" AttributeName="N401" Enabled="True" Required="False"><LMAlternatives><LMAlternative DefNodeID="2b8e415d-bfe0-43e8-9bbc-24447f4dca3b" Enabled="True"><LMSources><LMSource DefNodeID="77c98b4f-1272-4fb6-9202-3191d6d2bd79" Type="2" MsgGroupName="Header" SegName="N4" Element="1" SubElement="0" /></LMSources></LMAlternative></LMAlternatives></LMTarget><LMTarget DefNodeID="3cb58e12-3d47-4f3f-884a-cf70661b4a68" AttributeName="N402" Enabled="True" Required="False"><LMAlternatives><LMAlternative DefNodeID="b0800d0d-cb80-469d-b9a9-fa28b3fa1020" Enabled="True"><LMSources><LMSource DefNodeID="e22b681b-7b88-42bb-a871-d034d5ebbfb8" Type="2" MsgGroupName="Header" SegName="N4" Element="2" SubElement="0" /></LMSources></LMAlternative></LMAlternatives></LMTarget><LMTarget DefNodeID="5a4ce4f9-642f-4b96-b245-5499652198b1" AttributeName="N403" Enabled="True" Required="False"><LMAlternatives><LMAlternative DefNodeID="fee2fdda-b134-4d0d-8ba1-4cf16a728270" Enabled="True"><LMSources><LMSource DefNodeID="f7851da6-11c7-40e6-90c3-255f291c8dae" Type="2" MsgGroupName="Header" SegName="N4" Element="3" SubElement="0" /></LMSources></LMAlternative></LMAlternatives></LMTarget></LookupMappings></Lookup></Lookups><InsightObjects><InsightObject DefNodeID="149c27d2-bb24-4bc9-9c69-c986d2f00ecf" Name="OMTRANSACTIONHEADER" ParentObjectName="" Operation="5" ProfileUsage="1"><IOMappings><IOMTarget DefNodeID="9239bcfc-1de0-4528-8faf-cfa96256f635" ColumnName="R_NOTIFYPARTY" Enabled="True" Required="False" Hide="False" Append="False" Repeat="False"><IOMAlternatives><IOMAlternative DefNodeID="e4d82088-a91e-48b4-bc0a-1c247be3b4a2" Enabled="True"><IOMSources><IOMSource DefNodeID="32220ca2-2220-4797-9822-dc37cc1c8959" Type="4" MsgGroupName="Header" LookupCode="EDI535_812_HEADER" LookupVersion="1" Attribute="ROWID" /></IOMSources></IOMAlternative></IOMAlternatives></IOMTarget></IOMappings></InsightObject></InsightObjects><EdiMsgGroup DefNodeID="1517d441-5efb-43ed-a2b6-82c1c9d5c374" Name="Detail" Repeats="False"><EdiSegmentCondition SegCode="CDD" /><SegmentGroups><Segment DefNodeID="6debebb4-4e59-4243-b0f9-324e17c006c6" Name="CDD" Trailer="False"><EdiSegmentCondition SegCode="CDD" /></Segment><Segment DefNodeID="5e626906-adeb-4bd4-affd-67b4c4ccceb2" Name="LIN" Trailer="False"><EdiSegmentCondition SegCode="LIN" /></Segment><Segment DefNodeID="157751e9-c487-47a4-9e43-6d814bfd29ce" Name="N9ZZ" Trailer="False"><EdiSegmentCondition SegCode="N9"><ESCElements><ESCElement Element="1" SubElement="0">ZZ</ESCElement></ESCElements></EdiSegmentCondition></Segment><Segment DefNodeID="caf6d1ab-6f19-448a-99ad-baed3b28e668" Name="N9L1" Trailer="False"><EdiSegmentCondition SegCode="N9"><ESCElements><ESCElement Element="1" SubElement="0">L1</ESCElement></ESCElements></EdiSegmentCondition></Segment><Segment DefNodeID="cd58605a-45b5-4968-8623-9e6ae6080ff0" Name="SAC" Trailer="False"><EdiSegmentCondition SegCode="SAC" /></Segment></SegmentGroups><Lookups><Lookup DefNodeID="d210f554-9673-4e27-829a-365238def2f3" Code="EDI535_812_DETAIL" Version="1" Name="Create Rural King 812 Email Detail Record"><LookupMappings><LMTarget DefNodeID="b41e3b0f-7573-407a-bb3c-47b8feb03478" AttributeName="IDGROUP" Enabled="True" Required="False"><LMAlternatives><LMAlternative DefNodeID="727b7287-f675-458a-871a-d31c7f230678" Enabled="True"><LMSources><LMSource DefNodeID="e5809aae-8c2c-4a78-87dc-6b5412d84e20" Type="1"><![CDATA[535]]></LMSource></LMSources></LMAlternative></LMAlternatives></LMTarget><LMTarget DefNodeID="065d3f72-2184-498c-87e5-26b577266b78" AttributeName="ST01" Enabled="True" Required="False"><LMAlternatives><LMAlternative DefNodeID="11baa416-553a-49ee-9575-73b245ed8620" Enabled="True"><LMSources><LMSource DefNodeID="aa4fc2dc-2c5d-4260-8647-c9b8d748e53d" Type="1"><![CDATA[812]]></LMSource></LMSources></LMAlternative></LMAlternatives></LMTarget><LMTarget DefNodeID="00ab4fa2-91c8-468c-968f-4ee7500e6bc5" AttributeName="CDD01" Enabled="True" Required="False"><LMAlternatives><LMAlternative DefNodeID="d9049477-f6c1-4fba-a2b6-4b149a16ae04" Enabled="True"><LMSources><LMSource DefNodeID="099ee387-f7e1-4283-9db2-e9719eb88daf" Type="2" MsgGroupName="Detail" SegName="CDD" Element="1" SubElement="0" /></LMSources></LMAlternative></LMAlternatives></LMTarget><LMTarget DefNodeID="5bd9ed2e-a33c-4251-9ea7-7a96bc6e8e0b" AttributeName="CDD02" Enabled="True" Required="False"><LMAlternatives><LMAlternative DefNodeID="3fa58eac-ae99-4caf-b9c1-b84697619657" Enabled="True"><LMSources><LMSource DefNodeID="d9a377f9-fb98-4fbf-a493-40a316a7025d" Type="2" MsgGroupName="Detail" SegName="CDD" Element="2" SubElement="0" /></LMSources></LMAlternative></LMAlternatives></LMTarget><LMTarget DefNodeID="569ffffa-4d77-4f42-96a0-73e4e80d4292" AttributeName="CDD07" Enabled="True" Required="False"><LMAlternatives><LMAlternative DefNodeID="65b816e2-399a-4956-83ac-aff979435db6" Enabled="True"><LMSources><LMSource DefNodeID="ac8bfbc3-dd73-4158-b662-7d038205daea" Type="2" MsgGroupName="Detail" SegName="CDD" Element="7" SubElement="0" /></LMSources></LMAlternative></LMAlternatives></LMTarget><LMTarget DefNodeID="54b1bf2a-330f-45d5-9786-f2dc7a0002c7" AttributeName="CDD11" Enabled="True" Required="False"><LMAlternatives><LMAlternative DefNodeID="da7c3e0d-f178-4c3a-b2c1-6a10fd10261c" Enabled="True"><LMSources><LMSource DefNodeID="f8d08b92-29e1-48b0-a173-d212bee82adf" Type="2" MsgGroupName="Detail" SegName="CDD" Element="11" SubElement="0" /></LMSources></LMAlternative></LMAlternatives></LMTarget><LMTarget DefNodeID="43bf3393-c589-45e2-8ccf-d4c6ac67625d" AttributeName="CDD14" Enabled="True" Required="False"><LMAlternatives><LMAlternative DefNodeID="877c56c5-6ace-472c-a228-9800877df4e0" Enabled="True"><LMSources><LMSource DefNodeID="92f6d6a1-c522-44d8-bec2-8d3e3e8f419e" Type="1"><![CDATA[]]></LMSource></LMSources></LMAlternative></LMAlternatives></LMTarget><LMTarget DefNodeID="27b6dd65-0055-4256-a029-4527ed1d454c" AttributeName="LIN01" Enabled="True" Required="False"><LMAlternatives><LMAlternative DefNodeID="22ffcd50-822c-4f2e-b98c-ff9345af2bb4" Enabled="True"><LMSources><LMSource DefNodeID="51edfd60-f149-4ec5-a5a0-601d9a815943" Type="2" MsgGroupName="Detail" SegName="LIN" Element="1" SubElement="0" /></LMSources></LMAlternative></LMAlternatives></LMTarget><LMTarget DefNodeID="159e747d-16e2-401f-a9ab-a9f91c0c35ab" AttributeName="LIN03" Enabled="True" Required="False"><LMAlternatives><LMAlternative DefNodeID="cd643b25-a9e9-4a5b-ae5a-34751e713801" Enabled="True"><LMSources><LMSource DefNodeID="1306792e-19be-4e5c-94eb-7d98923cf638" Type="2" MsgGroupName="Detail" SegName="LIN" Element="3" SubElement="0" /></LMSources></LMAlternative></LMAlternatives></LMTarget><LMTarget DefNodeID="9579a9a5-6133-4504-baca-3fa471f7bbda" AttributeName="LIN05" Enabled="True" Required="False"><LMAlternatives><LMAlternative DefNodeID="4792d052-f065-4e31-a8a8-540d306f9b1c" Enabled="True"><LMSources><LMSource DefNodeID="fe435a24-4387-4d3e-8f65-56b89e0052b6" Type="2" MsgGroupName="Detail" SegName="LIN" Element="5" SubElement="0" /></LMSources></LMAlternative></LMAlternatives></LMTarget><LMTarget DefNodeID="95962176-e417-462d-9b66-811a5e6b3536" AttributeName="LIN07" Enabled="True" Required="False"><LMAlternatives><LMAlternative DefNodeID="5e5cf77c-92bc-4ff3-96bc-f82e7ec358c4" Enabled="True"><LMSources><LMSource DefNodeID="e9455bad-c67c-48f7-9f5e-b816d21df69b" Type="2" MsgGroupName="Detail" SegName="LIN" Element="7" SubElement="0" /></LMSources></LMAlternative></LMAlternatives></LMTarget><LMTarget DefNodeID="d2330ad6-2aac-47fc-81df-fa4b18db3673" AttributeName="N902ZZ" Enabled="True" Required="False"><LMAlternatives><LMAlternative DefNodeID="1204c7ad-fec1-4768-ba47-02dc0cc9a673" Enabled="True"><LMSources><LMSource DefNodeID="4c930932-5b14-49b8-a3b8-afe1f33aecae" Type="2" MsgGroupName="Detail" SegName="N9ZZ" Element="2" SubElement="0" /></LMSources></LMAlternative></LMAlternatives></LMTarget><LMTarget DefNodeID="efc3b80c-86c1-42a9-99bc-f2bd8b6d70d0" AttributeName="N903LI" Enabled="True" Required="False"><LMAlternatives><LMAlternative DefNodeID="f21cf722-db90-4e5f-b6c3-fee91862f616" Enabled="True"><LMSources><LMSource DefNodeID="49aaeb36-8e58-40d4-8762-d862bea9569e" Type="2" MsgGroupName="Detail" SegName="N9L1" Element="3" SubElement="0" /></LMSources></LMAlternative></LMAlternatives></LMTarget><LMTarget DefNodeID="93a966c4-404f-4d01-af4d-0bbfa1ac07d4" AttributeName="SAC01" Enabled="True" Required="False"><LMAlternatives><LMAlternative DefNodeID="237077d1-602c-4f2b-a917-3cb665d38ab5" Enabled="True"><LMSources><LMSource DefNodeID="4719a964-9c05-4a54-86f5-033b83075205" Type="2" MsgGroupName="Detail" SegName="SAC" Element="1" SubElement="0" /></LMSources></LMAlternative></LMAlternatives></LMTarget><LMTarget DefNodeID="9d8e42a3-1c9e-4a16-9a66-229b41075689" AttributeName="SAC02" Enabled="True" Required="False"><LMAlternatives><LMAlternative DefNodeID="fad2efdb-929d-4b95-b193-8effd4f3feb4" Enabled="True"><LMSources><LMSource DefNodeID="dc6a506d-84d1-47a8-8c99-65d8795b57d1" Type="2" MsgGroupName="Detail" SegName="SAC" Element="2" SubElement="0" /></LMSources></LMAlternative></LMAlternatives></LMTarget><LMTarget DefNodeID="5610a8e2-f9c4-4a95-aa73-7ebf5ac4dcb2" AttributeName="SAC05" Enabled="True" Required="False"><LMAlternatives><LMAlternative DefNodeID="be571da2-c431-4646-9004-00f840b29b28" Enabled="True"><LMSources><LMSource DefNodeID="705cabee-0f77-42ae-9090-115d0a158357" Type="2" MsgGroupName="Detail" SegName="SAC" Element="5" SubElement="0" /></LMSources></LMAlternative></LMAlternatives></LMTarget><LMTarget DefNodeID="aea5533f-3110-4eb2-86be-e4e30bf9e82c" AttributeName="SAC08" Enabled="True" Required="False"><LMAlternatives><LMAlternative DefNodeID="b65258f1-0300-444b-b18c-34ebc2b48f3d" Enabled="True"><LMSources><LMSource DefNodeID="e5f631bf-70b8-4b1e-997e-45fce32131a4" Type="2" MsgGroupName="Detail" SegName="SAC" Element="8" SubElement="0" /></LMSources></LMAlternative></LMAlternatives></LMTarget><LMTarget DefNodeID="77d5acb2-6f0d-4d07-b02c-2aeaa9dbab08" AttributeName="SAC15" Enabled="True" Required="False"><LMAlternatives><LMAlternative DefNodeID="292fb838-c76f-4f09-b8a6-71bf7c12a539" Enabled="True"><LMSources><LMSource DefNodeID="9cd075ba-eb32-4db3-8757-b8d53f36c66e" Type="2" MsgGroupName="Detail" SegName="SAC" Element="15" SubElement="0" /></LMSources></LMAlternative></LMAlternatives></LMTarget></LookupMappings></Lookup></Lookups><InsightObjects><InsightObject DefNodeID="2bcd6fd2-42ba-4fde-8a79-22a33f3f8bd7" Name="OMTRANSACTIONDETAIL" ParentObjectName="" Operation="5" ProfileUsage="1"><IOMappings><IOMTarget DefNodeID="c5ff0e6b-11be-465d-84e3-fac1fd8c8cdd" ColumnName="R_ORIGINALDETAIL" Enabled="True" Required="False" Hide="False" Append="False" Repeat="False"><IOMAlternatives><IOMAlternative DefNodeID="da6fb11e-0808-4e82-95cd-30e6efc5580b" Enabled="True"><IOMSources><IOMSource DefNodeID="bb79efc2-a81f-4374-bd08-b830aed83930" Type="4" MsgGroupName="Detail" LookupCode="EDI535_812_DETAIL" LookupVersion="1" Attribute="REMAILHEADER" /></IOMSources></IOMAlternative></IOMAlternatives></IOMTarget></IOMappings></InsightObject></InsightObjects></EdiMsgGroup></EdiMsgGroup></EdiMsgGroups></EdiMapDef>