<EdiMapDef MessageID="850_RuralKing_V1" MapDefVersion="1" MapTypeVersion="5010" Module="OM" Template="True" TranSet="850" Type="0"><Description><![CDATA[850 Purchase Order from GNC RURAL KING]]></Description><Comments><![CDATA[]]></Comments><TopLevelInsightObject>OMTRANSACTION</TopLevelInsightObject><PostScript><![CDATA[]]></PostScript><Customer><![CDATA[]]></Customer><InsightObjectMethod>0</InsightObjectMethod><EdiMsgGroups><EdiMsgGroup DefNodeID="e2304d44-a079-46e8-b707-337d164973f9" Name="Header" Repeats="False"><EdiSegmentCondition SegCode="BEG" /><SegmentGroups><Segment DefNodeID="30fe71c0-3216-4c96-97f9-0486d722cf53" Name="BEG" Trailer="False"><EdiSegmentCondition SegCode="BEG"><ESCElements><ESCElement Element="1" SubElement="0">00</ESCElement></ESCElements></EdiSegmentCondition></Segment><Segment DefNodeID="855a7793-3a9a-482a-8f94-5a4e3c6161b8" Name="FOB" Trailer="False"><EdiSegmentCondition SegCode="FOB"><ESCElements><ESCElement Element="1" SubElement="0">PP</ESCElement></ESCElements></EdiSegmentCondition></Segment><Segment DefNodeID="a125f534-8d91-4bdb-9185-1daa8eb5bdd9" Name="ITD" Trailer="False"><EdiSegmentCondition SegCode="ITD" /></Segment><Segment DefNodeID="8f39980e-86db-42a3-a19f-d0550dd60f4e" Name="DTM Ship No Later" Trailer="False"><EdiSegmentCondition SegCode="DTM"><ESCElements><ESCElement Element="1" SubElement="0">038</ESCElement></ESCElements></EdiSegmentCondition></Segment><Segment DefNodeID="c5b28c4c-7d89-4979-9da1-5285c362c9fc" Name="DTM Ship Not Before" Trailer="False"><EdiSegmentCondition SegCode="DTM"><ESCElements><ESCElement Element="1" SubElement="0">037</ESCElement></ESCElements></EdiSegmentCondition></Segment><Segment DefNodeID="18a6f636-aa86-4074-a24f-2b2b92948693" Name="DTM Requested Pick" Trailer="False"><EdiSegmentCondition SegCode="DTM"><ESCElements><ESCElement Element="1" SubElement="0">118</ESCElement></ESCElements></EdiSegmentCondition></Segment><Segment DefNodeID="bc2203e9-0ffc-4ee3-9cb9-1b9e81a50b4d" Name="TD5" Trailer="False"><EdiSegmentCondition SegCode="TD5" /></Segment><Segment DefNodeID="3e9dac59-7bf4-41c2-9fe5-45d8b29bdf76" Name="N9 Ext Ref" Trailer="False"><EdiSegmentCondition SegCode="N9"><ESCElements><ESCElement Element="1" SubElement="0">L1</ESCElement></ESCElements></EdiSegmentCondition></Segment><Segment DefNodeID="8e49e7e0-af0d-45c7-baa2-8633aa45d1ec" Name="MTX TEXT" Trailer="False"><EdiSegmentCondition SegCode="MTX" /></Segment><Segment DefNodeID="808209be-d583-457e-b09a-5f416f3dd9b5" Name="N1 SF" Trailer="False"><EdiSegmentCondition SegCode="N1"><ESCElements><ESCElement Element="1" SubElement="0">SF</ESCElement></ESCElements></EdiSegmentCondition></Segment><Segment DefNodeID="a147d434-41ed-43d9-b759-d30c83ae2948" Name="N1 ST" Trailer="False"><EdiSegmentCondition SegCode="N1" /></Segment><Segment DefNodeID="18913cfd-c5ef-4f25-a3cd-271c567df83f" Name="N3 Add. Info" Trailer="False"><EdiSegmentCondition SegCode="N3" /></Segment><Segment DefNodeID="1c0d58ec-0d70-4816-bcc0-c26c4a50a212" Name="N4 Geo. Location" Trailer="False"><EdiSegmentCondition SegCode="N4" /></Segment></SegmentGroups><Lookups><Lookup DefNodeID="0363aedb-59ee-4edd-bc2e-d1058295b0b6" Code="IDTerms_850_by_TrmCd" Version="1" Name="IDTERMS Look up by Term Code for 850"><LookupMappings><LMTarget DefNodeID="9d7a4772-4e37-4b5c-88b4-89bf3355455e" AttributeName="TermCode" Enabled="True" Required="False"><LMAlternatives><LMAlternative DefNodeID="be4a9c47-baac-4556-9ef0-4c64b43177f4" Enabled="True"><LMSources><LMSource DefNodeID="6af97837-6b66-43d7-ad5b-437fcd708b3b" Type="2" MsgGroupName="Header" SegName="ITD" Element="12" SubElement="0" /></LMSources></LMAlternative></LMAlternatives></LMTarget><LMTarget DefNodeID="20acdc69-afe3-4291-ad14-fb7d5d873d05" AttributeName="CompanyID" Enabled="True" Required="False"><LMAlternatives><LMAlternative DefNodeID="dbbf0564-091d-4132-bea7-669e38aab3c1" Enabled="True"><LMSources><LMSource DefNodeID="3f062c37-7fc2-45bf-b044-9bbb68e0ee6b" Type="8" Variable="CompanyID" /></LMSources></LMAlternative></LMAlternatives></LMTarget></LookupMappings></Lookup><Lookup DefNodeID="84b1ace7-d5c1-413b-8bd6-301e18afc8bd" Code="IDCustomer_ByName" Version="1" Name="Find Customer by Name and throw error if not found. Used in 850"><LookupMappings><LMTarget DefNodeID="12114473-8fe7-4a25-854b-cdc6bc92714b" AttributeName="Name" Enabled="True" Required="False"><LMAlternatives><LMAlternative DefNodeID="8d49786d-1674-45c0-9144-0b7a75f10c2e" Enabled="True"><LMSources><LMSource DefNodeID="d544a114-db78-4b3c-9987-249f20dd03de" Type="2" MsgGroupName="Header" SegName="N1 SF" Element="2" SubElement="0"><MapFunction Name="Trim" /></LMSource></LMSources></LMAlternative></LMAlternatives></LMTarget><LMTarget DefNodeID="a1e770ae-1906-4671-9bca-b26b7eaa74eb" AttributeName="Companyid" Enabled="True" Required="False"><LMAlternatives><LMAlternative DefNodeID="306077b8-b02e-42dd-9448-cc0395338fcb" Enabled="True"><LMSources><LMSource DefNodeID="a1e2083f-7f77-42ae-8631-d7ea01eb6f3e" Type="8" Variable="CompanyID" /></LMSources></LMAlternative></LMAlternatives></LMTarget></LookupMappings></Lookup><Lookup DefNodeID="e43e3daa-907d-4b76-89a5-6d76947c4c04" Code="IDConsigneeByName850" Version="1" Name="Find Consignee by Name"><LookupMappings><LMTarget DefNodeID="03c54abf-3543-4dd0-96a4-27e2fafa3eb0" AttributeName="Companyid" Enabled="True" Required="False"><LMAlternatives><LMAlternative DefNodeID="410f412a-ff7e-47dc-aba9-549ad88355ea" Enabled="True"><LMSources><LMSource DefNodeID="7682993c-0f76-4832-a359-73015df321ef" Type="8" Variable="CompanyID" /></LMSources></LMAlternative></LMAlternatives></LMTarget><LMTarget DefNodeID="5d527747-22ce-4e4f-92dc-0ed20342524e" AttributeName="Name" Enabled="True" Required="False"><LMAlternatives><LMAlternative DefNodeID="e1a18b7d-c35f-406e-aad4-23e01cf1c636" Enabled="True"><LMSources><LMSource DefNodeID="3f5a50be-e83d-4027-943a-3f4e38a5939f" Type="2" MsgGroupName="Header" SegName="N1 ST" Element="2" SubElement="0" /></LMSources></LMAlternative></LMAlternatives></LMTarget></LookupMappings></Lookup></Lookups><InsightObjects><InsightObject DefNodeID="f2c271a5-08b2-409c-8714-eac5af49100f" Name="OMTRANSACTIONHEADER" ParentObjectName="" Operation="1" ProfileUsage="2"><IOMappings><IOMTarget DefNodeID="66e5f38b-0d33-4693-9b4f-ef7e0ea6b271" ColumnName="COMPANYID" Enabled="True" Required="True" Hide="False" Append="False" Repeat="False"><IOMAlternatives><IOMAlternative DefNodeID="931d5dd7-8f97-43ac-a66d-310a5a73b8b2" Enabled="True"><IOMSources><IOMSource DefNodeID="1a3550db-f574-49e8-8d56-c1d30f1e7e4c" Type="8" Variable="CompanyID" /></IOMSources></IOMAlternative></IOMAlternatives></IOMTarget><IOMTarget DefNodeID="7a723e90-5c9c-4fbe-876f-6a7ff57620d3" ColumnName="MODULE" Enabled="True" Required="True" Hide="False" Append="False" Repeat="False"><IOMAlternatives><IOMAlternative DefNodeID="76f6ab5c-d20d-44a3-b84a-6e474b24b69b" Enabled="True"><IOMSources><IOMSource DefNodeID="11e135a9-b0f3-49b2-a6c5-ebcb593cd990" Type="1"><![CDATA[OM]]></IOMSource></IOMSources></IOMAlternative></IOMAlternatives></IOMTarget><IOMTarget DefNodeID="ffc2f8e6-6816-4df7-9797-60344e52b13a" ColumnName="RECORDTYPE" Enabled="True" Required="True" Hide="False" Append="False" Repeat="False"><IOMAlternatives><IOMAlternative DefNodeID="cc3743a8-4c41-4aa9-bd54-f2907ebdd0b2" Enabled="False"><IOMSources><IOMSource DefNodeID="bc8c031c-ed37-45f2-b21b-7d89c0653881" Type="1"><![CDATA[R]]></IOMSource></IOMSources></IOMAlternative><IOMAlternative DefNodeID="af935b5e-94ce-456e-9520-381d575c89b3" Enabled="True"><IOMSources><IOMSource DefNodeID="7766b8fe-2d93-4c8a-97d1-1ff4205b7133" Type="1"><![CDATA[I]]></IOMSource></IOMSources></IOMAlternative></IOMAlternatives></IOMTarget><IOMTarget DefNodeID="7eb796c2-05d5-40f7-99ea-c16c1b0d9ac3" ColumnName="STAGE" Enabled="True" Required="True" Hide="False" Append="False" Repeat="False"><IOMAlternatives><IOMAlternative DefNodeID="ba1ec1a3-095f-4e5a-a743-636c661a9043" Enabled="True"><IOMSources><IOMSource DefNodeID="c657bbbd-7fc4-4145-a0a8-c457d2db4966" Type="1"><![CDATA[F]]></IOMSource></IOMSources></IOMAlternative><IOMAlternative DefNodeID="b8082d9c-a9f6-4f54-a694-58dc698ea9fb" Enabled="False"><IOMSources><IOMSource DefNodeID="d0a344d0-150d-407a-92d5-f01ae9dd0fce" Type="1"><![CDATA[P]]></IOMSource></IOMSources></IOMAlternative><IOMAlternative DefNodeID="b045f687-4bb4-4ed5-85dd-17e59a8fec7b" Enabled="False"><IOMSources><IOMSource DefNodeID="9925e3c4-f3dc-46a8-9197-7353d9208737" Type="1"><![CDATA[N]]></IOMSource></IOMSources></IOMAlternative></IOMAlternatives></IOMTarget><IOMTarget DefNodeID="5aac468b-3054-47e9-b52d-35c9ace8b624" ColumnName="STATUS" Enabled="True" Required="True" Hide="False" Append="False" Repeat="False"><IOMAlternatives><IOMAlternative DefNodeID="c3338372-662f-4e51-ba10-a065f3ed7713" Enabled="True"><IOMSources><IOMSource DefNodeID="934c5585-6d0a-42e2-9c76-9b7ceff46c06" Type="1"><![CDATA[O]]></IOMSource></IOMSources></IOMAlternative><IOMAlternative DefNodeID="1a9604b3-b411-47af-9cbb-596903a31a64" Enabled="False"><IOMSources><IOMSource DefNodeID="e8b31349-7266-4196-b7c2-ec38e9105cec" Type="1"><![CDATA[H]]></IOMSource></IOMSources></IOMAlternative><IOMAlternative DefNodeID="8822be53-42f8-45fc-988e-aa147daa20a1" Enabled="False"><IOMSources><IOMSource DefNodeID="e4a4df0e-43dd-4b3f-b73d-303a45e97a69" Type="1"><![CDATA[L]]></IOMSource></IOMSources></IOMAlternative></IOMAlternatives></IOMTarget><IOMTarget DefNodeID="8bb21ac5-c7dc-4bad-b2e6-ba0ee9b17789" ColumnName="ROWID" Enabled="True" Required="True" Hide="False" Append="False" Repeat="False"><IOMAlternatives><IOMAlternative DefNodeID="8b0c0af8-d93f-4531-a107-e051d6c4b7e4" Enabled="True"><IOMSources><IOMSource DefNodeID="159c52c5-b7d2-4090-bd7a-ab3b652d0cb3" Type="8" Variable="RowID" /></IOMSources></IOMAlternative></IOMAlternatives></IOMTarget><IOMTarget DefNodeID="1122fbdd-1e30-4a5d-91ce-822b76a19542" ColumnName="PURCHASEORDERNUMBER" Enabled="True" Required="True" Hide="False" Append="False" Repeat="False"><IOMAlternatives><IOMAlternative DefNodeID="454b8e32-a98a-4203-81b3-90361c81c8d2" Enabled="True"><IOMSources><IOMSource DefNodeID="91496a90-2500-4d57-bda9-f5a7ca438cf5" Type="2" MsgGroupName="Header" SegName="BEG" Element="3" SubElement="0"><MapFunction Name="Trim" /></IOMSource></IOMSources></IOMAlternative></IOMAlternatives></IOMTarget><IOMTarget DefNodeID="ccbceae7-bb1b-48e3-97cf-8350d32b145b" ColumnName="TRANSACTIONDATE" Enabled="True" Required="True" Hide="False" Append="False" Repeat="False"><IOMAlternatives><IOMAlternative DefNodeID="ea751fdd-8506-41a5-b1a9-4f5c3c2b5cc5" Enabled="True"><IOMSources><IOMSource DefNodeID="8895eb03-5f1a-4fb6-9a3d-810fd6a77387" Type="2" MsgGroupName="Header" SegName="BEG" Element="5" SubElement="0"><MapFunction Name="EdiDateToSQLDate" /></IOMSource></IOMSources></IOMAlternative></IOMAlternatives></IOMTarget><IOMTarget DefNodeID="3d4a4e98-2589-487c-b172-d3fcad8f9891" ColumnName="SHIPPINGDATE" Enabled="True" Required="False" Hide="False" Append="False" Repeat="False"><IOMAlternatives><IOMAlternative DefNodeID="98edad13-9a54-4470-a58d-43eed135de18" Enabled="True"><IOMSources><IOMSource DefNodeID="55b95a49-38bc-444f-9fe0-1ec4b8341eb3" Type="2" MsgGroupName="Header" SegName="DTM Ship No Later" Element="2" SubElement="0" /></IOMSources></IOMAlternative></IOMAlternatives></IOMTarget><IOMTarget DefNodeID="4c2949ee-2b04-44f3-9134-7033f352d2a1" ColumnName="R_PROFILE" Enabled="True" Required="True" Hide="True" Append="False" Repeat="False"><IOMAlternatives><IOMAlternative DefNodeID="0fdc4f8c-b0f5-4a53-b460-5970408e0199" Enabled="True"><IOMSources><IOMSource DefNodeID="f544df58-1e42-4c89-89fb-57d761df60b0" Type="8" Variable="ProfileID" /></IOMSources></IOMAlternative></IOMAlternatives></IOMTarget><IOMTarget DefNodeID="f9a1fc6f-9d12-4343-b6f6-a7fb5828afea" ColumnName="R_CUSTOMER" Enabled="True" Required="True" Hide="True" Append="False" Repeat="False"><IOMAlternatives><IOMAlternative DefNodeID="39185916-2a66-41cb-99c8-907f1ff6dc68" Enabled="True"><IOMSources><IOMSource DefNodeID="b03bc034-68a6-4037-b3ba-73c530baf3b3" Type="4" MsgGroupName="Header" LookupCode="IDCustomer_ByName" LookupVersion="1" Attribute="CustomerRowid" /></IOMSources></IOMAlternative></IOMAlternatives></IOMTarget><IOMTarget DefNodeID="5f3760db-e6af-4986-928c-d4d2c21b59d6" ColumnName="TRANSACTIONTYPE" Enabled="True" Required="False" Hide="False" Append="False" Repeat="False"><IOMAlternatives><IOMAlternative DefNodeID="0e147ab7-ccae-4eb0-a36c-479b2a9765c5" Enabled="True"><IOMSources><IOMSource DefNodeID="35ae8f4d-060c-41ff-8f70-d97aea6d916d" Type="1"><![CDATA[I]]></IOMSource></IOMSources></IOMAlternative></IOMAlternatives></IOMTarget><IOMTarget DefNodeID="049f34a5-0a24-45d7-a1d1-215164724bf2" ColumnName="TRANSACTIONORIGIN" Enabled="True" Required="False" Hide="False" Append="False" Repeat="False"><IOMAlternatives><IOMAlternative DefNodeID="763ac9ff-0d4f-4465-b861-c2c647c1d667" Enabled="True"><IOMSources><IOMSource DefNodeID="84cacd7c-584e-4e2d-982f-6fa268cc7bea" Type="1"><![CDATA[E]]></IOMSource></IOMSources></IOMAlternative></IOMAlternatives></IOMTarget><IOMTarget DefNodeID="3e3ff6fe-6e6b-42db-90b6-fdf33f9ca625" ColumnName="R_TERMS" Enabled="True" Required="False" Hide="False" Append="False" Repeat="False"><IOMAlternatives><IOMAlternative DefNodeID="0fae21f7-22a1-4c93-939f-bcfc0cb2c5be" Enabled="True"><IOMSources><IOMSource DefNodeID="1b11aca6-1c9a-4b76-b965-254a01f6fe67" Type="4" MsgGroupName="Header" LookupCode="IDTerms_850_by_TrmCd" LookupVersion="1" Attribute="TermCodeRowID" /></IOMSources></IOMAlternative></IOMAlternatives></IOMTarget><IOMTarget DefNodeID="9c271e78-19dc-4283-9afd-6a874f5c9d9b" ColumnName="USERDEFINEDDATE_1" Enabled="True" Required="False" Hide="False" Append="False" Repeat="False"><IOMAlternatives><IOMAlternative DefNodeID="cb3c4fdb-603e-4bc4-a386-6382862e8635" Enabled="True"><IOMSources><IOMSource DefNodeID="5a33c0ec-a31d-4006-bb44-b5457de9ef70" Type="2" MsgGroupName="Header" SegName="DTM Ship Not Before" Element="2" SubElement="0" /></IOMSources></IOMAlternative></IOMAlternatives></IOMTarget><IOMTarget DefNodeID="a5e1ba98-4e44-49ae-a79e-366afd72c621" ColumnName="COMMENT" Enabled="True" Required="False" Hide="False" Append="False" Repeat="False"><IOMAlternatives><IOMAlternative DefNodeID="70a69ef0-6d3a-49a7-a776-261631d47b43" Enabled="True"><IOMSources><IOMSource DefNodeID="ced240e1-475c-448d-b585-bfbc712b52a6" Type="2" MsgGroupName="Header" SegName="TD5" Element="5" SubElement="0" /></IOMSources></IOMAlternative></IOMAlternatives></IOMTarget><IOMTarget DefNodeID="232fe0f8-8fb9-4f33-abe1-9757298a5fe4" ColumnName="USERDEFINEDDATE_10" Enabled="True" Required="False" Hide="False" Append="False" Repeat="False"><IOMAlternatives><IOMAlternative DefNodeID="550fee1b-8d13-44d7-8d2f-6d0740f4393c" Enabled="True"><IOMSources><IOMSource DefNodeID="72dcbf4b-5458-42e3-b573-434482a9964c" Type="2" MsgGroupName="Header" SegName="DTM Requested Pick" Element="2" SubElement="0"><MapFunction Name="EdiDateToSQLDate" /></IOMSource></IOMSources></IOMAlternative></IOMAlternatives></IOMTarget><IOMTarget DefNodeID="49010203-a6c4-4839-8c10-4d9b170d5152" ColumnName="USERDEFINEDCOMMENT" Enabled="True" Required="False" Hide="False" Append="False" Repeat="False"><IOMAlternatives><IOMAlternative DefNodeID="b6344d39-6ab0-4892-a67c-63a427b3ed7c" Enabled="True"><IOMSources><IOMSource DefNodeID="75d340c7-f10f-43d7-b556-e33ea022ab9b" Type="2" MsgGroupName="Header" SegName="N9 Ext Ref" Element="2" SubElement="0" /><IOMSource DefNodeID="e033d6bc-3d46-4685-bf01-c4332fcb75be" Type="1"><![CDATA[\r\n]]></IOMSource><IOMSource DefNodeID="48b99297-28f1-4fd3-ac59-5d806430d40d" Type="2" MsgGroupName="Header" SegName="MTX TEXT" Element="2" SubElement="0" /></IOMSources></IOMAlternative></IOMAlternatives></IOMTarget><IOMTarget DefNodeID="648412a9-cbcd-464b-97bd-c8abe37df50a" ColumnName="R_SHIPPER" Enabled="True" Required="False" Hide="False" Append="False" Repeat="False"><IOMAlternatives><IOMAlternative DefNodeID="4ef49d33-369d-46b6-aa8b-b8b791752deb" Enabled="True"><IOMSources><IOMSource DefNodeID="ace9f6dd-2d70-46c7-b2cb-5d0532eb3cce" Type="4" MsgGroupName="Header" LookupCode="IDConsigneeByName850" LookupVersion="1" Attribute="ConsigneeRowid" /></IOMSources></IOMAlternative></IOMAlternatives></IOMTarget></IOMappings></InsightObject></InsightObjects><EdiMsgGroup DefNodeID="87cdfb7d-6d39-4658-b2f8-1f82fb9e1e64" Name="Detail" Repeats="False"><EdiSegmentCondition SegCode="PO1" /><SegmentGroups><Segment DefNodeID="74ecde80-f11b-4d58-876f-e2adca3b0206" Name="PO1" Trailer="False"><EdiSegmentCondition SegCode="PO1" /></Segment></SegmentGroups><Lookups><Lookup DefNodeID="d4629323-887f-45de-bc37-3a4d52c20703" Code="GetItem_RURALKING" Version="1" Name="Get item row id from Price Schedule for Rural King 850"><LookupMappings><LMTarget DefNodeID="569c6add-9605-439a-b423-5f8c602f8025" AttributeName="ItemSKU" Enabled="True" Required="False"><LMAlternatives><LMAlternative DefNodeID="7de8bccc-508d-429f-88dc-583713b56f79" Enabled="True"><LMSources><LMSource DefNodeID="7beb7350-e276-41cb-bcf2-3cc1358d23da" Type="2" MsgGroupName="Detail" SegName="PO1" Element="7" SubElement="0" /></LMSources></LMAlternative></LMAlternatives></LMTarget><LMTarget DefNodeID="708fa140-cd3c-4bf2-a93a-0bf949d676ae" AttributeName="Companyid" Enabled="True" Required="False"><LMAlternatives><LMAlternative DefNodeID="c7bc5a70-9f50-4f15-a408-1d2bb126204c" Enabled="True"><LMSources><LMSource DefNodeID="54e71fd7-9718-4486-9a41-37a6bff8dc82" Type="8" Variable="CompanyID" /></LMSources></LMAlternative></LMAlternatives></LMTarget></LookupMappings></Lookup></Lookups><InsightObjects><InsightObject DefNodeID="83ed2c38-b787-4f5e-aec4-7416080cb52f" Name="OMTRANSACTIONDETAIL" ParentObjectName="" Operation="2" ProfileUsage="1"><IOMappings><IOMTarget DefNodeID="400aabcd-1ef6-4b31-970e-3e658e9618ff" ColumnName="LINENUMBER" Enabled="True" Required="False" Hide="False" Append="False" Repeat="False"><IOMAlternatives><IOMAlternative DefNodeID="6c587903-da77-45df-ab43-127c2faffc7a" Enabled="True"><IOMSources><IOMSource DefNodeID="c38585b5-45d1-4e69-9874-37d4399dfc7c" Type="2" MsgGroupName="Detail" SegName="PO1" Element="1" SubElement="0" /></IOMSources></IOMAlternative></IOMAlternatives></IOMTarget><IOMTarget DefNodeID="85d168f4-a5c7-4289-95ba-62a8a8176e09" ColumnName="QUANTITYORDERED" Enabled="True" Required="False" Hide="False" Append="False" Repeat="False"><IOMAlternatives><IOMAlternative DefNodeID="87b10b36-6d23-4e83-9a54-76c81b455609" Enabled="True"><IOMSources><IOMSource DefNodeID="fc0ca0e8-9213-492d-b932-d67f52f75acf" Type="2" MsgGroupName="Detail" SegName="PO1" Element="2" SubElement="0" /></IOMSources></IOMAlternative></IOMAlternatives></IOMTarget><IOMTarget DefNodeID="069d2dbe-95e5-40d4-a40b-e1b089c5f541" ColumnName="UNITOFMEASURE" Enabled="True" Required="False" Hide="False" Append="False" Repeat="False"><IOMAlternatives><IOMAlternative DefNodeID="16efa6c6-c547-4d54-ba6d-b1c111e77390" Enabled="True"><IOMSources><IOMSource DefNodeID="fb5ec51c-5be3-4d3b-b34e-ea7b896e7581" Type="2" MsgGroupName="Detail" SegName="PO1" Element="3" SubElement="0" /></IOMSources></IOMAlternative></IOMAlternatives></IOMTarget><IOMTarget DefNodeID="39695282-14d9-4b17-ae3e-5d271991bb91" ColumnName="UNITPRICE" Enabled="True" Required="False" Hide="False" Append="False" Repeat="False"><IOMAlternatives><IOMAlternative DefNodeID="4ead5032-3e6e-4ba3-aa29-6f580d942296" Enabled="True"><IOMSources><IOMSource DefNodeID="ae14c33f-7afd-4932-a430-6fc29422ad13" Type="2" MsgGroupName="Detail" SegName="PO1" Element="4" SubElement="0" /></IOMSources></IOMAlternative></IOMAlternatives></IOMTarget><IOMTarget DefNodeID="185a4471-3fcf-4cf9-9fa3-ff863d4d731b" ColumnName="DETAILTYPE" Enabled="True" Required="False" Hide="False" Append="False" Repeat="False"><IOMAlternatives><IOMAlternative DefNodeID="be1c4f2f-1f9a-4159-b4d7-c55321112f32" Enabled="True"><IOMSources><IOMSource DefNodeID="9fde7586-4a18-4461-9b58-e5c1bfb6e7cf" Type="1"><![CDATA[I]]></IOMSource></IOMSources></IOMAlternative></IOMAlternatives></IOMTarget><IOMTarget DefNodeID="9498ac9d-7bdf-4991-a6a8-627324efcaaf" ColumnName="RECORDTYPE" Enabled="True" Required="False" Hide="False" Append="False" Repeat="False"><IOMAlternatives><IOMAlternative DefNodeID="7fe8db7c-e2bf-44d4-a0e3-eb4d5abd5859" Enabled="True"><IOMSources><IOMSource DefNodeID="b5960829-9dd5-484c-8a01-a3514a273b10" Type="1"><![CDATA[R]]></IOMSource></IOMSources></IOMAlternative></IOMAlternatives></IOMTarget><IOMTarget DefNodeID="9652601c-6f91-4615-8e0b-74b064edb629" ColumnName="ROWID" Enabled="True" Required="False" Hide="False" Append="False" Repeat="False"><IOMAlternatives><IOMAlternative DefNodeID="ef0621dc-777d-4a86-9906-908b9b253d20" Enabled="True"><IOMSources><IOMSource DefNodeID="503dc753-e5ff-4809-add1-6e0c2e4767ef" Type="8" Variable="RowID" /></IOMSources></IOMAlternative></IOMAlternatives></IOMTarget><IOMTarget DefNodeID="012a8674-a0cc-4216-bc79-031c2686f079" ColumnName="COMPANYID" Enabled="True" Required="False" Hide="False" Append="False" Repeat="False"><IOMAlternatives><IOMAlternative DefNodeID="b14ce24a-1031-442f-bdb2-2a7daf9d5b36" Enabled="True"><IOMSources><IOMSource DefNodeID="7e8b8507-f649-43a3-a720-95d293dffaa6" Type="8" Variable="CompanyID" /></IOMSources></IOMAlternative></IOMAlternatives></IOMTarget><IOMTarget DefNodeID="4a4e2874-4c4a-4d9f-971d-4a0266b3ada3" ColumnName="R_TRANSACTIONHEADER" Enabled="True" Required="False" Hide="False" Append="False" Repeat="False"><IOMAlternatives><IOMAlternative DefNodeID="a5e1fddd-7505-4cc9-bfb5-65b50bd09592" Enabled="True"><IOMSources><IOMSource DefNodeID="7ea0a087-3bdb-46c4-9374-2d0230363ecb" Type="9" MsgGroupName="Header" InsObjName="OMTRANSACTIONHEADER" Attribute="ROWID" /></IOMSources></IOMAlternative></IOMAlternatives></IOMTarget><IOMTarget DefNodeID="cadffde8-5101-4c3d-8a8c-f6c5001e9cd1" ColumnName="MODULE" Enabled="True" Required="False" Hide="False" Append="False" Repeat="False"><IOMAlternatives><IOMAlternative DefNodeID="f047eefd-6dd6-407b-93b4-10bdd4c84ae7" Enabled="True"><IOMSources><IOMSource DefNodeID="0a25716d-4d76-4b98-90c2-0c516c50b5a7" Type="9" MsgGroupName="Header" InsObjName="OMTRANSACTIONHEADER" Attribute="MODULE" /></IOMSources></IOMAlternative></IOMAlternatives></IOMTarget></IOMappings></InsightObject></InsightObjects><EdiMsgGroup DefNodeID="abbc9565-e64e-4716-b8f4-86ba19985152" Name="Subdetail" Repeats="False"><EdiSegmentCondition SegCode="SDQ" /><SegmentGroups><Segment DefNodeID="fc77d5ee-8d1a-4dbd-83df-7ce5ecf570a9" Name="SDQ" Trailer="False"><EdiSegmentCondition SegCode="SDQ" /></Segment></SegmentGroups><InsightObjects><InsightObject DefNodeID="ba9b6901-7636-4f5c-8a63-043a079ddab6" Name="OMTRANSACTIONDETAIL" ParentObjectName="" Operation="1" ProfileUsage="1"><IOMappings><IOMTarget DefNodeID="9b4f0e12-7250-4e36-ae43-97c23df1ed93" ColumnName="DETAILTYPE" Enabled="True" Required="False" Hide="False" Append="False" Repeat="False"><IOMAlternatives><IOMAlternative DefNodeID="42a20400-cfb6-469d-b06c-fa3d9260622a" Enabled="True"><IOMSources><IOMSource DefNodeID="732caa37-befd-4133-af68-a1d86a07b981" Type="1"><![CDATA[I]]></IOMSource></IOMSources></IOMAlternative></IOMAlternatives></IOMTarget><IOMTarget DefNodeID="2fa272ba-939c-4078-82d6-c2e50cd95283" ColumnName="USERDEFINEDREFERENCE_1" Enabled="True" Required="False" Hide="False" Append="False" Repeat="False"><IOMAlternatives><IOMAlternative DefNodeID="beda173b-9530-47fc-b96b-63a9956901b1" Enabled="True"><IOMSources><IOMSource DefNodeID="94ddfbee-d9b5-4944-8568-838513064ad3" Type="2" MsgGroupName="Subdetail" SegName="SDQ" Element="3" SubElement="0"><MapFunction Name="Trim" /></IOMSource></IOMSources></IOMAlternative></IOMAlternatives></IOMTarget><IOMTarget DefNodeID="4ee0adfb-a513-44da-9128-9aeee948cdb2" ColumnName="QUANTITYORDERED" Enabled="True" Required="False" Hide="False" Append="False" Repeat="False"><IOMAlternatives><IOMAlternative DefNodeID="f4b1d20d-ed62-4876-84ca-45e4f5b92161" Enabled="True"><IOMSources><IOMSource DefNodeID="f8f4c6a0-d037-44e9-9ae9-81066d5f7a6d" Type="2" MsgGroupName="Subdetail" SegName="SDQ" Element="4" SubElement="0" /></IOMSources></IOMAlternative></IOMAlternatives></IOMTarget><IOMTarget DefNodeID="556df0e5-d442-463c-8052-9f274af67958" ColumnName="R_TRANSACTIONHEADER" Enabled="True" Required="False" Hide="False" Append="False" Repeat="False"><IOMAlternatives><IOMAlternative DefNodeID="d7516f9a-fdea-433f-a08d-7c19a554ed34" Enabled="True"><IOMSources><IOMSource DefNodeID="b9822e1b-667f-4b63-8a63-4b40b8cf9ed1" Type="9" MsgGroupName="Header" InsObjName="OMTRANSACTIONHEADER" Attribute="ROWID" /></IOMSources></IOMAlternative></IOMAlternatives></IOMTarget><IOMTarget DefNodeID="76a88ba2-83d1-482c-8ef0-166b0f608fcf" ColumnName="MODULE" Enabled="True" Required="False" Hide="False" Append="False" Repeat="False"><IOMAlternatives><IOMAlternative DefNodeID="cbdae17e-df49-4be9-825a-e0e8e51b48c8" Enabled="True"><IOMSources><IOMSource DefNodeID="f104198e-c3f3-4478-b1cb-f3389163c80b" Type="9" MsgGroupName="Header" InsObjName="OMTRANSACTIONHEADER" Attribute="MODULE" /></IOMSources></IOMAlternative></IOMAlternatives></IOMTarget><IOMTarget DefNodeID="533956a9-b89e-48e6-bd9a-b097bad533da" ColumnName="COMPANYID" Enabled="True" Required="False" Hide="False" Append="False" Repeat="False"><IOMAlternatives><IOMAlternative DefNodeID="f2eccb9c-0dad-4514-b20b-866f942ca195" Enabled="True"><IOMSources><IOMSource DefNodeID="bd8a46d9-990f-41da-ab57-a78f1653fc13" Type="9" MsgGroupName="Header" InsObjName="OMTRANSACTIONHEADER" Attribute="COMPANYID" /></IOMSources></IOMAlternative></IOMAlternatives></IOMTarget><IOMTarget DefNodeID="9a664543-571b-4db4-99ec-c9a0ee9cb73a" ColumnName="ROWID" Enabled="True" Required="False" Hide="False" Append="False" Repeat="False"><IOMAlternatives><IOMAlternative DefNodeID="ad15d74d-3556-4b14-aa36-c6cc2b7a433e" Enabled="True"><IOMSources><IOMSource DefNodeID="e1ec5552-2ff1-4f86-8eaa-73aa5bb81e07" Type="8" Variable="RowID" /></IOMSources></IOMAlternative></IOMAlternatives></IOMTarget><IOMTarget DefNodeID="c7fb4d8e-570b-4fb2-8828-aa51859ce9ee" ColumnName="RECORDTYPE" Enabled="True" Required="False" Hide="False" Append="False" Repeat="False"><IOMAlternatives><IOMAlternative DefNodeID="1f38925d-86ea-4f99-91d0-5103f7202b3a" Enabled="True"><IOMSources><IOMSource DefNodeID="735f4312-37a3-4776-8cf8-9a044e2e4e4c" Type="1"><![CDATA[R]]></IOMSource></IOMSources></IOMAlternative></IOMAlternatives></IOMTarget><IOMTarget DefNodeID="c22aeed1-5fb4-4ffd-8e2f-8e9c61b55940" ColumnName="LINENUMBER" Enabled="True" Required="False" Hide="False" Append="False" Repeat="False"><IOMAlternatives><IOMAlternative DefNodeID="396a8227-c9da-4d4f-8638-24d1e98f12e1" Enabled="True"><IOMSources><IOMSource DefNodeID="b9602c83-c8d3-4b07-aac7-489fd0e1b91f" Type="2" MsgGroupName="Detail" SegName="PO1" Element="1" SubElement="0"><MapFunction Name="Trim" /></IOMSource></IOMSources></IOMAlternative></IOMAlternatives></IOMTarget><IOMTarget DefNodeID="b99a27ab-2b79-41ff-a88f-93718feb43c0" ColumnName="UNITOFMEASURE" Enabled="True" Required="False" Hide="False" Append="False" Repeat="False"><IOMAlternatives><IOMAlternative DefNodeID="8fd26459-c5fe-4845-a880-4e16410240f0" Enabled="True"><IOMSources><IOMSource DefNodeID="fbe4fc26-b657-42bb-a495-03881eb084b3" Type="2" MsgGroupName="Subdetail" SegName="SDQ" Element="1" SubElement="0"><MapFunction Name="Trim" /></IOMSource></IOMSources></IOMAlternative></IOMAlternatives></IOMTarget><IOMTarget DefNodeID="1204f8b5-88c3-4d0e-9730-f01395303326" ColumnName="UNITPRICE" Enabled="True" Required="False" Hide="False" Append="False" Repeat="False"><IOMAlternatives><IOMAlternative DefNodeID="deb394ee-d35a-4ba2-9a21-31a7b2381279" Enabled="True"><IOMSources><IOMSource DefNodeID="551c6979-6b75-4968-916b-e894b8e04c26" Type="2" MsgGroupName="Detail" SegName="PO1" Element="4" SubElement="0" /></IOMSources></IOMAlternative></IOMAlternatives></IOMTarget></IOMappings></InsightObject><InsightObject DefNodeID="88cefc8f-4e5d-4d22-a223-abb0d3ba6e9e" Name="OMTRANSACTIONDETAIL" ParentObjectName="" Operation="1" ProfileUsage="1"><IOMappings><IOMTarget DefNodeID="ae15a47a-a654-4137-8a12-6be33ab90fb4" ColumnName="DETAILTYPE" Enabled="True" Required="False" Hide="False" Append="False" Repeat="False"><IOMAlternatives><IOMAlternative DefNodeID="e9b959b3-760e-4db5-9c0b-7c56c41a4ba1" Enabled="True"><IOMSources><IOMSource DefNodeID="ca817af8-5721-4f40-9232-64c03477f902" Type="1"><![CDATA[I]]></IOMSource></IOMSources></IOMAlternative></IOMAlternatives></IOMTarget><IOMTarget DefNodeID="a43e1d4b-24a1-4d9b-b96b-a8d34021043f" ColumnName="USERDEFINEDREFERENCE_1" Enabled="True" Required="False" Hide="False" Append="False" Repeat="False"><IOMAlternatives><IOMAlternative DefNodeID="4aee98dc-5e78-4de3-8ee2-a7d2592edf63" Enabled="True"><IOMSources><IOMSource DefNodeID="27119eea-f930-4958-b916-d6d71e00e9de" Type="2" MsgGroupName="Subdetail" SegName="SDQ" Element="5" SubElement="0"><MapFunction Name="Trim" /></IOMSource></IOMSources></IOMAlternative></IOMAlternatives></IOMTarget><IOMTarget DefNodeID="65e26482-f4d5-4c32-9fb2-b49e50625f46" ColumnName="QUANTITYORDERED" Enabled="True" Required="False" Hide="False" Append="False" Repeat="False"><IOMAlternatives><IOMAlternative DefNodeID="f9859b0a-6c0b-4921-ada9-c042a327a64f" Enabled="True"><IOMSources><IOMSource DefNodeID="75f10154-1622-4ffd-8e1e-7dab458cc0c0" Type="2" MsgGroupName="Subdetail" SegName="SDQ" Element="6" SubElement="0" /></IOMSources></IOMAlternative></IOMAlternatives></IOMTarget><IOMTarget DefNodeID="fe5321af-e07a-4c11-8f99-401730cf786c" ColumnName="COMPANYID" Enabled="True" Required="False" Hide="False" Append="False" Repeat="False"><IOMAlternatives><IOMAlternative DefNodeID="2a48e6a2-9b38-48c6-8b41-a0dd7af9454f" Enabled="True"><IOMSources><IOMSource DefNodeID="ddf3f160-5d1c-4984-93cf-316cb03e2b0f" Type="9" MsgGroupName="Header" InsObjName="OMTRANSACTIONHEADER" Attribute="COMPANYID" /></IOMSources></IOMAlternative></IOMAlternatives></IOMTarget><IOMTarget DefNodeID="b233aec5-c232-4987-b37a-69416789c785" ColumnName="MODULE" Enabled="True" Required="False" Hide="False" Append="False" Repeat="False"><IOMAlternatives><IOMAlternative DefNodeID="7a643d8a-547f-4419-b9c8-bdf5fb21d461" Enabled="True"><IOMSources><IOMSource DefNodeID="dae2b277-5a73-499f-8dbb-529ce7eba075" Type="9" MsgGroupName="Header" InsObjName="OMTRANSACTIONHEADER" Attribute="MODULE" /></IOMSources></IOMAlternative></IOMAlternatives></IOMTarget><IOMTarget DefNodeID="3d4eb67d-14e1-4558-a2c3-78a971d01e23" ColumnName="RECORDTYPE" Enabled="True" Required="False" Hide="False" Append="False" Repeat="False"><IOMAlternatives><IOMAlternative DefNodeID="62c7dd8f-2ed1-402d-a7fb-3ad6101eefce" Enabled="True"><IOMSources><IOMSource DefNodeID="63888fb9-e01d-4b2c-8e7f-872da3ed0744" Type="1"><![CDATA[I]]></IOMSource></IOMSources></IOMAlternative></IOMAlternatives></IOMTarget><IOMTarget DefNodeID="580ef4f9-bf2c-4768-957d-dffb2ecf89d1" ColumnName="R_TRANSACTIONHEADER" Enabled="True" Required="False" Hide="False" Append="False" Repeat="False"><IOMAlternatives><IOMAlternative DefNodeID="749d461a-3371-4ece-b10b-86293cb63edc" Enabled="True"><IOMSources><IOMSource DefNodeID="162ca723-bb1e-42db-b145-61215624b21e" Type="9" MsgGroupName="Header" InsObjName="OMTRANSACTIONHEADER" Attribute="ROWID" /></IOMSources></IOMAlternative></IOMAlternatives></IOMTarget><IOMTarget DefNodeID="e64a69c8-789e-41b5-b79b-cecd84567cfa" ColumnName="ROWID" Enabled="True" Required="False" Hide="False" Append="False" Repeat="False"><IOMAlternatives><IOMAlternative DefNodeID="146208f5-251b-4d94-8f70-4e9cceb51817" Enabled="True"><IOMSources><IOMSource DefNodeID="6845ef69-d718-4051-b6e3-9d2f8eede62e" Type="8" Variable="RowID" /></IOMSources></IOMAlternative></IOMAlternatives></IOMTarget><IOMTarget DefNodeID="6f77ea3e-5e5f-4b8d-9714-4161b7015d09" ColumnName="LINENUMBER" Enabled="True" Required="False" Hide="False" Append="False" Repeat="False"><IOMAlternatives><IOMAlternative DefNodeID="2a4f5e26-0547-4330-a2cb-ad9fef916da2" Enabled="True"><IOMSources><IOMSource DefNodeID="01686600-d639-4314-87a6-56915fc733c0" Type="2" MsgGroupName="Detail" SegName="PO1" Element="1" SubElement="0" /></IOMSources></IOMAlternative></IOMAlternatives></IOMTarget><IOMTarget DefNodeID="05eddad3-00e7-4be8-846d-34e0e1cebd55" ColumnName="UNITOFMEASURE" Enabled="True" Required="False" Hide="False" Append="False" Repeat="False"><IOMAlternatives><IOMAlternative DefNodeID="7ac6cdb7-5b08-4445-8600-9518cd7a3f8a" Enabled="True"><IOMSources><IOMSource DefNodeID="d6ccf2e3-1ca2-4226-9edc-f7b75926d5a2" Type="2" MsgGroupName="Subdetail" SegName="SDQ" Element="1" SubElement="0" /></IOMSources></IOMAlternative></IOMAlternatives></IOMTarget><IOMTarget DefNodeID="25784871-d891-4f96-b919-0e3b7c9b628e" ColumnName="UNITPRICE" Enabled="False" Required="False" Hide="False" Append="False" Repeat="False"><IOMAlternatives><IOMAlternative DefNodeID="17f7b0e8-a2f6-42db-9422-ad46efbe3acc" Enabled="True"><IOMSources><IOMSource DefNodeID="be6a729d-d1d3-4afc-b35a-11777b582e50" Type="2" MsgGroupName="Detail" SegName="PO1" Element="4" SubElement="0" /></IOMSources></IOMAlternative></IOMAlternatives></IOMTarget><IOMTarget DefNodeID="e9cb26e6-fba8-4372-b3df-839b30a86e6c" ColumnName="USERDEFINEDREFERENCE_2" Enabled="True" Required="False" Hide="False" Append="False" Repeat="False"><IOMAlternatives><IOMAlternative DefNodeID="48e364a2-b79d-4772-8f8b-271cb4101e8d" Enabled="True"><IOMSources><IOMSource DefNodeID="8ccd587a-3564-4fd0-bfd9-9ca37801fbf6" Type="2" MsgGroupName="Detail" SegName="PO1" Element="7" SubElement="0" /></IOMSources></IOMAlternative></IOMAlternatives></IOMTarget><IOMTarget DefNodeID="6960ba0a-7160-4023-a21d-d72b1bec89d7" ColumnName="USERDEFINEDQUANTITY_1" Enabled="True" Required="False" Hide="False" Append="False" Repeat="False"><IOMAlternatives><IOMAlternative DefNodeID="74d0f6d4-e047-42bd-b84b-55b23ac2e76a" Enabled="True"><IOMSources><IOMSource DefNodeID="1b8c1850-331e-4ade-a6d8-8f0c384bc2eb" Type="2" MsgGroupName="Detail" SegName="PO1" Element="4" SubElement="0" /></IOMSources></IOMAlternative></IOMAlternatives></IOMTarget></IOMappings></InsightObject><InsightObject DefNodeID="18586668-36a9-4684-b03f-8263cf8ddd35" Name="OMTRANSACTIONDETAIL" ParentObjectName="" Operation="1" ProfileUsage="1"><IOMappings><IOMTarget DefNodeID="8214df1d-a20d-4487-a183-6bfcfadfd42d" ColumnName="DETAILTYPE" Enabled="True" Required="False" Hide="False" Append="False" Repeat="False"><IOMAlternatives><IOMAlternative DefNodeID="f9a1eba2-4e33-4c22-9413-00559124a448" Enabled="True"><IOMSources><IOMSource DefNodeID="0fe108f9-f7ce-4001-9ce9-368c82cd88eb" Type="1"><![CDATA[I]]></IOMSource></IOMSources></IOMAlternative></IOMAlternatives></IOMTarget><IOMTarget DefNodeID="b4d97ab7-bf95-4aae-a131-ad27182549d5" ColumnName="USERDEFINEDREFERENCE_1" Enabled="True" Required="False" Hide="False" Append="False" Repeat="False"><IOMAlternatives><IOMAlternative DefNodeID="08971713-6192-46e6-bbc2-6b8b2417f936" Enabled="True"><IOMSources><IOMSource DefNodeID="98dcc021-931b-4e43-993e-0aa0ad7e7023" Type="2" MsgGroupName="Subdetail" SegName="SDQ" Element="7" SubElement="0"><MapFunction Name="Trim" /></IOMSource></IOMSources></IOMAlternative></IOMAlternatives></IOMTarget><IOMTarget DefNodeID="7c911a58-d507-471b-a9ad-324609279619" ColumnName="QUANTITYORDERED" Enabled="True" Required="False" Hide="False" Append="False" Repeat="False"><IOMAlternatives><IOMAlternative DefNodeID="3a8fda31-9a66-45af-b899-9e411e821116" Enabled="True"><IOMSources><IOMSource DefNodeID="4cb6eeea-8fea-4bfb-a915-918cde0bfe2d" Type="2" MsgGroupName="Subdetail" SegName="SDQ" Element="8" SubElement="0" /></IOMSources></IOMAlternative></IOMAlternatives></IOMTarget><IOMTarget DefNodeID="089fb49f-406d-4e36-8859-0a84dfedad91" ColumnName="COMPANYID" Enabled="True" Required="False" Hide="False" Append="False" Repeat="False"><IOMAlternatives><IOMAlternative DefNodeID="2e541d46-8bd0-450b-80f0-67a0e90df3b1" Enabled="True"><IOMSources><IOMSource DefNodeID="877310da-7c30-4c0e-ab45-fb6967fef38b" Type="9" MsgGroupName="Header" InsObjName="OMTRANSACTIONHEADER" Attribute="COMPANYID" /></IOMSources></IOMAlternative></IOMAlternatives></IOMTarget><IOMTarget DefNodeID="874635e1-f4bc-4552-ab66-f8f9132822af" ColumnName="MODULE" Enabled="True" Required="False" Hide="False" Append="False" Repeat="False"><IOMAlternatives><IOMAlternative DefNodeID="4f0d17b5-285b-4c1b-ba9d-d90cfaa2b9cb" Enabled="True"><IOMSources><IOMSource DefNodeID="0a1a9539-f0ee-481b-8edb-b1ee88d41425" Type="9" MsgGroupName="Header" InsObjName="OMTRANSACTIONHEADER" Attribute="MODULE" /></IOMSources></IOMAlternative></IOMAlternatives></IOMTarget><IOMTarget DefNodeID="3b9d2c3b-b9a3-4416-b7fc-2f1fa93d0845" ColumnName="RECORDTYPE" Enabled="True" Required="False" Hide="False" Append="False" Repeat="False"><IOMAlternatives><IOMAlternative DefNodeID="c56cf13e-e5cd-412d-a10e-489407ba5de5" Enabled="True"><IOMSources><IOMSource DefNodeID="8a09a1e9-a5e3-497b-8e38-46626a469cad" Type="1"><![CDATA[I]]></IOMSource></IOMSources></IOMAlternative></IOMAlternatives></IOMTarget><IOMTarget DefNodeID="a9d6a5b1-b479-44b4-9ff1-19ac6a947143" ColumnName="R_TRANSACTIONHEADER" Enabled="True" Required="False" Hide="False" Append="False" Repeat="False"><IOMAlternatives><IOMAlternative DefNodeID="cd5b70ab-3d9b-4902-a8ae-a6faa879c84c" Enabled="True"><IOMSources><IOMSource DefNodeID="6ac44e76-570c-4f66-9efb-777004106cf8" Type="9" MsgGroupName="Header" InsObjName="OMTRANSACTIONHEADER" Attribute="ROWID" /></IOMSources></IOMAlternative></IOMAlternatives></IOMTarget><IOMTarget DefNodeID="0da6e951-b07b-43a6-941d-f51ba37c06d2" ColumnName="ROWID" Enabled="True" Required="False" Hide="False" Append="False" Repeat="False"><IOMAlternatives><IOMAlternative DefNodeID="b76de314-1782-4171-9614-3cfdff0c18c0" Enabled="True"><IOMSources><IOMSource DefNodeID="f89e1f76-b8db-46cc-834b-bfaafbaca2a4" Type="8" Variable="RowID" /></IOMSources></IOMAlternative></IOMAlternatives></IOMTarget><IOMTarget DefNodeID="556d9f12-a916-41a5-b675-8e64f7260437" ColumnName="LINENUMBER" Enabled="True" Required="False" Hide="False" Append="False" Repeat="False"><IOMAlternatives><IOMAlternative DefNodeID="dbd3046a-e553-429b-9f95-4a3d1af72df3" Enabled="True"><IOMSources><IOMSource DefNodeID="30e6dcef-c691-4978-ba5a-3938d520b289" Type="2" MsgGroupName="Detail" SegName="PO1" Element="1" SubElement="0" /></IOMSources></IOMAlternative></IOMAlternatives></IOMTarget><IOMTarget DefNodeID="b26dc98f-afa3-4709-86dc-d739dec12b51" ColumnName="UNITOFMEASURE" Enabled="True" Required="False" Hide="False" Append="False" Repeat="False"><IOMAlternatives><IOMAlternative DefNodeID="3347f554-2d4a-4d68-91bb-993242739cbf" Enabled="True"><IOMSources><IOMSource DefNodeID="c6254161-c2b4-4512-b88c-b6a19211dfc5" Type="2" MsgGroupName="Subdetail" SegName="SDQ" Element="1" SubElement="0" /></IOMSources></IOMAlternative></IOMAlternatives></IOMTarget><IOMTarget DefNodeID="68f363da-1a53-4dab-92fb-1aeab6fbb69f" ColumnName="UNITPRICE" Enabled="False" Required="False" Hide="False" Append="False" Repeat="False"><IOMAlternatives><IOMAlternative DefNodeID="20ce5860-2c1a-4163-ab2b-358e4926774a" Enabled="True"><IOMSources><IOMSource DefNodeID="84f521e2-0123-4e20-a7a4-bd8233f0f23d" Type="2" MsgGroupName="Detail" SegName="PO1" Element="4" SubElement="0" /></IOMSources></IOMAlternative></IOMAlternatives></IOMTarget><IOMTarget DefNodeID="6af5cfdc-9855-43da-9991-172d193d1f33" ColumnName="USERDEFINEDREFERENCE_2" Enabled="True" Required="False" Hide="False" Append="False" Repeat="False"><IOMAlternatives><IOMAlternative DefNodeID="fe48795d-6a3f-4cfb-9910-0541d3d33095" Enabled="True"><IOMSources><IOMSource DefNodeID="55b26432-e274-4476-8f19-56e03636539c" Type="2" MsgGroupName="Detail" SegName="PO1" Element="7" SubElement="0" /></IOMSources></IOMAlternative></IOMAlternatives></IOMTarget><IOMTarget DefNodeID="0c0c501e-fe13-42a9-b1dc-83f1db91be7a" ColumnName="USERDEFINEDQUANTITY_1" Enabled="True" Required="False" Hide="False" Append="False" Repeat="False"><IOMAlternatives><IOMAlternative DefNodeID="42eef2ab-0335-4ef8-8dd4-e2abe484cc07" Enabled="True"><IOMSources><IOMSource DefNodeID="3288aff5-18bf-4941-ad72-c15f53967f2a" Type="2" MsgGroupName="Detail" SegName="PO1" Element="4" SubElement="0" /></IOMSources></IOMAlternative></IOMAlternatives></IOMTarget></IOMappings></InsightObject><InsightObject DefNodeID="44e0e9fd-e361-4fc2-87ba-066136a4001b" Name="OMTRANSACTIONDETAIL" ParentObjectName="" Operation="1" ProfileUsage="1"><IOMappings><IOMTarget DefNodeID="6aea7d9f-c8bd-4d5b-9561-7d99b5309151" ColumnName="DETAILTYPE" Enabled="True" Required="False" Hide="False" Append="False" Repeat="False"><IOMAlternatives><IOMAlternative DefNodeID="1bc4339a-d994-4969-bb07-3f4ed1d4a20f" Enabled="True"><IOMSources><IOMSource DefNodeID="318576b7-44c1-42c4-93cc-c3a35189b5f8" Type="1"><![CDATA[I]]></IOMSource></IOMSources></IOMAlternative></IOMAlternatives></IOMTarget><IOMTarget DefNodeID="9cf8d57a-7e3c-4354-98c4-4c88a6025d30" ColumnName="USERDEFINEDREFERENCE_1" Enabled="True" Required="False" Hide="False" Append="False" Repeat="False"><IOMAlternatives><IOMAlternative DefNodeID="80bd6c03-997b-4b9e-9a32-59bfdd4bbab3" Enabled="True"><IOMSources><IOMSource DefNodeID="7a1b6a7a-565d-47d8-9b52-c9f939adc18e" Type="2" MsgGroupName="Subdetail" SegName="SDQ" Element="9" SubElement="0"><MapFunction Name="Trim" /></IOMSource></IOMSources></IOMAlternative></IOMAlternatives></IOMTarget><IOMTarget DefNodeID="4d83455e-d59e-427f-8674-f89088e65dcc" ColumnName="QUANTITYORDERED" Enabled="True" Required="False" Hide="False" Append="False" Repeat="False"><IOMAlternatives><IOMAlternative DefNodeID="0218cfca-e94b-47cb-8c97-d568696b0300" Enabled="True"><IOMSources><IOMSource DefNodeID="9b4992b8-ac44-4f24-9919-3374972c0f65" Type="2" MsgGroupName="Subdetail" SegName="SDQ" Element="10" SubElement="0" /></IOMSources></IOMAlternative></IOMAlternatives></IOMTarget><IOMTarget DefNodeID="f2b95094-2a7c-4017-b1a0-f906630cb2be" ColumnName="COMPANYID" Enabled="True" Required="False" Hide="False" Append="False" Repeat="False"><IOMAlternatives><IOMAlternative DefNodeID="88c49779-e5e6-4bd7-8d60-cf6a4746cf67" Enabled="True"><IOMSources><IOMSource DefNodeID="a93b1284-c6cd-45e3-9239-8b337559c684" Type="9" MsgGroupName="Header" InsObjName="OMTRANSACTIONHEADER" Attribute="COMPANYID" /></IOMSources></IOMAlternative></IOMAlternatives></IOMTarget><IOMTarget DefNodeID="1ad84a0f-29e4-4701-966b-e3a831f65086" ColumnName="MODULE" Enabled="True" Required="False" Hide="False" Append="False" Repeat="False"><IOMAlternatives><IOMAlternative DefNodeID="f575a2a7-23f0-4965-a2bf-7aabbb410081" Enabled="True"><IOMSources><IOMSource DefNodeID="ab137ff0-e12f-462f-9c9e-352eda02c34c" Type="9" MsgGroupName="Header" InsObjName="OMTRANSACTIONHEADER" Attribute="MODULE" /></IOMSources></IOMAlternative></IOMAlternatives></IOMTarget><IOMTarget DefNodeID="394f2446-71b3-4447-9ee6-3b582f31373e" ColumnName="RECORDTYPE" Enabled="True" Required="False" Hide="False" Append="False" Repeat="False"><IOMAlternatives><IOMAlternative DefNodeID="ec4ba216-83d3-46bd-bbc6-769b3f92ecd3" Enabled="True"><IOMSources><IOMSource DefNodeID="9a3695b2-0025-433f-800e-c70e2601302f" Type="1"><![CDATA[I]]></IOMSource></IOMSources></IOMAlternative></IOMAlternatives></IOMTarget><IOMTarget DefNodeID="6351fbd3-d691-4b26-a372-807f58b4de2d" ColumnName="R_TRANSACTIONHEADER" Enabled="True" Required="False" Hide="False" Append="False" Repeat="False"><IOMAlternatives><IOMAlternative DefNodeID="c81ac474-c045-4394-b1a3-5c361741d372" Enabled="True"><IOMSources><IOMSource DefNodeID="63f9df48-aa53-462c-ace8-782e879303bb" Type="9" MsgGroupName="Header" InsObjName="OMTRANSACTIONHEADER" Attribute="ROWID" /></IOMSources></IOMAlternative></IOMAlternatives></IOMTarget><IOMTarget DefNodeID="8c961ae1-ab20-45c3-8c25-17b6401fb0ac" ColumnName="ROWID" Enabled="True" Required="False" Hide="False" Append="False" Repeat="False"><IOMAlternatives><IOMAlternative DefNodeID="e208de48-ada3-4ff7-9f22-9c3eb60793c5" Enabled="True"><IOMSources><IOMSource DefNodeID="02b3d9e2-92bc-47ef-9a9f-11271a540518" Type="8" Variable="RowID" /></IOMSources></IOMAlternative></IOMAlternatives></IOMTarget><IOMTarget DefNodeID="92813de4-4c52-4066-ae77-0f3351efd368" ColumnName="LINENUMBER" Enabled="True" Required="False" Hide="False" Append="False" Repeat="False"><IOMAlternatives><IOMAlternative DefNodeID="be607ec1-0924-4dbe-8751-70f43f14c3ac" Enabled="True"><IOMSources><IOMSource DefNodeID="a8e193cd-ebae-4194-94c0-d5a7e1f687e0" Type="2" MsgGroupName="Detail" SegName="PO1" Element="1" SubElement="0" /></IOMSources></IOMAlternative></IOMAlternatives></IOMTarget><IOMTarget DefNodeID="33cf9055-fb5b-4bad-992e-2159d2c296ac" ColumnName="UNITOFMEASURE" Enabled="True" Required="False" Hide="False" Append="False" Repeat="False"><IOMAlternatives><IOMAlternative DefNodeID="0e6ac751-9383-4ea6-9de4-2c59f5f9292e" Enabled="True"><IOMSources><IOMSource DefNodeID="7c501c0e-b6f0-42c1-a533-1961f6ebe28b" Type="2" MsgGroupName="Subdetail" SegName="SDQ" Element="1" SubElement="0" /></IOMSources></IOMAlternative></IOMAlternatives></IOMTarget><IOMTarget DefNodeID="9c95d5de-bb62-43e5-81ca-34b8ca654c6a" ColumnName="UNITPRICE" Enabled="False" Required="False" Hide="False" Append="False" Repeat="False"><IOMAlternatives><IOMAlternative DefNodeID="357de39c-acf0-4fb0-ab15-b145864d3fbb" Enabled="True"><IOMSources><IOMSource DefNodeID="4a4a6fc4-21b5-47a8-8726-88706066235e" Type="2" MsgGroupName="Detail" SegName="PO1" Element="4" SubElement="0" /></IOMSources></IOMAlternative></IOMAlternatives></IOMTarget><IOMTarget DefNodeID="024d9d1b-e05a-4a12-8cd9-15e1ee44adff" ColumnName="USERDEFINEDREFERENCE_2" Enabled="True" Required="False" Hide="False" Append="False" Repeat="False"><IOMAlternatives><IOMAlternative DefNodeID="236a69e8-3f80-4419-8ef4-c2b803a1a36d" Enabled="True"><IOMSources><IOMSource DefNodeID="f11a1686-264b-4450-ba47-0ba746402a0e" Type="2" MsgGroupName="Detail" SegName="PO1" Element="7" SubElement="0" /></IOMSources></IOMAlternative></IOMAlternatives></IOMTarget><IOMTarget DefNodeID="0f75c109-96fe-4783-9350-0cf25d467b48" ColumnName="USERDEFINEDQUANTITY_1" Enabled="True" Required="False" Hide="False" Append="False" Repeat="False"><IOMAlternatives><IOMAlternative DefNodeID="8349d406-d403-45a6-9711-16af0ef1eb24" Enabled="True"><IOMSources><IOMSource DefNodeID="ad3f9e4f-434e-4bae-9018-8208c7a01fe6" Type="2" MsgGroupName="Detail" SegName="PO1" Element="4" SubElement="0" /></IOMSources></IOMAlternative></IOMAlternatives></IOMTarget></IOMappings></InsightObject><InsightObject DefNodeID="3b53379a-6ae6-44a2-9655-a56c3ffe244e" Name="OMTRANSACTIONDETAIL" ParentObjectName="" Operation="1" ProfileUsage="1"><IOMappings><IOMTarget DefNodeID="cfe15809-ec02-4b0f-8938-230203ca347a" ColumnName="USERDEFINEDREFERENCE_1" Enabled="True" Required="False" Hide="False" Append="False" Repeat="False"><IOMAlternatives><IOMAlternative DefNodeID="60b22201-52e4-47a2-9ea8-8723b20ccba1" Enabled="True"><IOMSources><IOMSource DefNodeID="92cff832-4667-4076-a9c4-4f3c35570513" Type="2" MsgGroupName="Subdetail" SegName="SDQ" Element="11" SubElement="0"><MapFunction Name="Trim" /></IOMSource></IOMSources></IOMAlternative></IOMAlternatives></IOMTarget><IOMTarget DefNodeID="50d9a332-2747-4ea4-ae84-036f54c09e92" ColumnName="DETAILTYPE" Enabled="True" Required="False" Hide="False" Append="False" Repeat="False"><IOMAlternatives><IOMAlternative DefNodeID="5c6c91ac-433c-4a9b-9803-f3b60fda8034" Enabled="True"><IOMSources><IOMSource DefNodeID="db9f674c-163f-47b3-b25b-5961bbcb5fc6" Type="1"><![CDATA[I]]></IOMSource></IOMSources></IOMAlternative></IOMAlternatives></IOMTarget><IOMTarget DefNodeID="d7925255-5678-42bc-a038-76ceecba1374" ColumnName="QUANTITYORDERED" Enabled="True" Required="False" Hide="False" Append="False" Repeat="False"><IOMAlternatives><IOMAlternative DefNodeID="caa151ad-a893-40c3-a00a-76f3d6368dbe" Enabled="True"><IOMSources><IOMSource DefNodeID="9569a04d-6c77-43e4-8302-d30ccfb40078" Type="2" MsgGroupName="Subdetail" SegName="SDQ" Element="12" SubElement="0" /></IOMSources></IOMAlternative></IOMAlternatives></IOMTarget><IOMTarget DefNodeID="719ab341-c080-4bf5-a319-28596611f06a" ColumnName="COMPANYID" Enabled="True" Required="False" Hide="False" Append="False" Repeat="False"><IOMAlternatives><IOMAlternative DefNodeID="96c7adc8-fddf-4d63-88c8-a310fedc8fdb" Enabled="True"><IOMSources><IOMSource DefNodeID="379e17db-16f4-4e65-9be8-bc642a2ddc55" Type="9" MsgGroupName="Header" InsObjName="OMTRANSACTIONHEADER" Attribute="COMPANYID" /></IOMSources></IOMAlternative></IOMAlternatives></IOMTarget><IOMTarget DefNodeID="62aa3816-ae35-4016-8373-5269511c80dd" ColumnName="MODULE" Enabled="True" Required="False" Hide="False" Append="False" Repeat="False"><IOMAlternatives><IOMAlternative DefNodeID="8fc94fc7-bff2-42b6-af56-5e8b02533eb3" Enabled="True"><IOMSources><IOMSource DefNodeID="86ba6472-1cef-4911-99d8-8569b6a2759d" Type="9" MsgGroupName="Header" InsObjName="OMTRANSACTIONHEADER" Attribute="MODULE" /></IOMSources></IOMAlternative></IOMAlternatives></IOMTarget><IOMTarget DefNodeID="f23bcba0-fc7b-49b0-8feb-77984cd07681" ColumnName="RECORDTYPE" Enabled="True" Required="False" Hide="False" Append="False" Repeat="False"><IOMAlternatives><IOMAlternative DefNodeID="500acf03-7705-4558-b57c-6511e4120730" Enabled="True"><IOMSources><IOMSource DefNodeID="471c6f5f-65aa-49f7-816a-211d0e172ac3" Type="1"><![CDATA[I]]></IOMSource></IOMSources></IOMAlternative></IOMAlternatives></IOMTarget><IOMTarget DefNodeID="e0356a05-1b2b-4563-9b86-a38ceefa96c9" ColumnName="R_TRANSACTIONHEADER" Enabled="True" Required="False" Hide="False" Append="False" Repeat="False"><IOMAlternatives><IOMAlternative DefNodeID="0bbda6eb-1fe0-4bab-b558-1ec16164082e" Enabled="True"><IOMSources><IOMSource DefNodeID="67fd929a-c493-4fcc-8b89-14deb913f3f2" Type="9" MsgGroupName="Header" InsObjName="OMTRANSACTIONHEADER" Attribute="ROWID" /></IOMSources></IOMAlternative></IOMAlternatives></IOMTarget><IOMTarget DefNodeID="b23d2cc0-9222-45cf-bec6-45d4a951b38d" ColumnName="ROWID" Enabled="True" Required="False" Hide="False" Append="False" Repeat="False"><IOMAlternatives><IOMAlternative DefNodeID="1b301d9d-3a1b-4599-b6fb-a9cc21e4d137" Enabled="True"><IOMSources><IOMSource DefNodeID="ba69ad89-4b92-48bf-8cd7-c3a282f135ac" Type="8" Variable="RowID" /></IOMSources></IOMAlternative></IOMAlternatives></IOMTarget><IOMTarget DefNodeID="3a001b9b-2e4d-466b-bee9-be5355e155ee" ColumnName="LINENUMBER" Enabled="True" Required="False" Hide="False" Append="False" Repeat="False"><IOMAlternatives><IOMAlternative DefNodeID="4c74abba-22c2-4c2b-9b4a-b9de02ee32fc" Enabled="True"><IOMSources><IOMSource DefNodeID="6f18eaa5-e8b1-4356-8903-e5be49ceba3a" Type="2" MsgGroupName="Detail" SegName="PO1" Element="1" SubElement="0" /></IOMSources></IOMAlternative></IOMAlternatives></IOMTarget><IOMTarget DefNodeID="d399e17c-be65-4dbb-b396-72ee4f156291" ColumnName="UNITOFMEASURE" Enabled="True" Required="False" Hide="False" Append="False" Repeat="False"><IOMAlternatives><IOMAlternative DefNodeID="7719e337-8094-4f5b-8c03-d46a709e3581" Enabled="True"><IOMSources><IOMSource DefNodeID="f9d1467f-57c3-4385-80de-4fa80d073115" Type="2" MsgGroupName="Subdetail" SegName="SDQ" Element="1" SubElement="0" /></IOMSources></IOMAlternative></IOMAlternatives></IOMTarget><IOMTarget DefNodeID="389776da-eef5-47ac-af95-83cf738c3be7" ColumnName="UNITPRICE" Enabled="False" Required="False" Hide="False" Append="False" Repeat="False"><IOMAlternatives><IOMAlternative DefNodeID="cc10656a-7135-4c89-8553-60a60afb1eda" Enabled="True"><IOMSources><IOMSource DefNodeID="542c4fc7-b5da-4e1e-9891-30a7c2468d4a" Type="2" MsgGroupName="Detail" SegName="PO1" Element="4" SubElement="0" /></IOMSources></IOMAlternative></IOMAlternatives></IOMTarget><IOMTarget DefNodeID="3ab503f8-3705-475c-9c8c-84eeefbb061d" ColumnName="USERDEFINEDREFERENCE_2" Enabled="True" Required="False" Hide="False" Append="False" Repeat="False"><IOMAlternatives><IOMAlternative DefNodeID="5f67b247-e63e-4ea3-b7c5-0e2451759ef0" Enabled="True"><IOMSources><IOMSource DefNodeID="aa63c7a5-b680-4cec-b9b2-73ef9a3e5223" Type="2" MsgGroupName="Detail" SegName="PO1" Element="7" SubElement="0" /></IOMSources></IOMAlternative></IOMAlternatives></IOMTarget><IOMTarget DefNodeID="42ef7584-793a-4e98-a5a1-1a56c49980f1" ColumnName="USERDEFINEDQUANTITY_1" Enabled="True" Required="False" Hide="False" Append="False" Repeat="False"><IOMAlternatives><IOMAlternative DefNodeID="b9523794-0253-469e-b873-8e31398dad12" Enabled="True"><IOMSources><IOMSource DefNodeID="31e3ea6e-d2a7-47a3-bb23-f11735def32d" Type="2" MsgGroupName="Detail" SegName="PO1" Element="4" SubElement="0" /></IOMSources></IOMAlternative></IOMAlternatives></IOMTarget></IOMappings></InsightObject><InsightObject DefNodeID="85d8ef30-dd31-49b1-9cca-126b3cf30b09" Name="OMTRANSACTIONDETAIL" ParentObjectName="" Operation="1" ProfileUsage="1"><IOMappings><IOMTarget DefNodeID="e84e4718-5329-4daf-8aff-f46ec6ab230e" ColumnName="DETAILTYPE" Enabled="True" Required="False" Hide="False" Append="False" Repeat="False"><IOMAlternatives><IOMAlternative DefNodeID="5f405578-2a7c-432e-aeff-9c23c5a38453" Enabled="True"><IOMSources><IOMSource DefNodeID="253a3d0b-efeb-4bb8-b1af-93a46a92000d" Type="1"><![CDATA[I]]></IOMSource></IOMSources></IOMAlternative></IOMAlternatives></IOMTarget><IOMTarget DefNodeID="279e5f8c-0923-41d6-bace-092ab63812bf" ColumnName="USERDEFINEDREFERENCE_1" Enabled="True" Required="False" Hide="False" Append="False" Repeat="False"><IOMAlternatives><IOMAlternative DefNodeID="0a56f0eb-a890-4731-a911-56aa4c56f2c8" Enabled="True"><IOMSources><IOMSource DefNodeID="0f61dd96-9509-43db-a903-1b65be83139e" Type="2" MsgGroupName="Subdetail" SegName="SDQ" Element="13" SubElement="0"><MapFunction Name="Trim" /></IOMSource></IOMSources></IOMAlternative></IOMAlternatives></IOMTarget><IOMTarget DefNodeID="366b6620-7a26-4f94-ba29-5c8e691fd44d" ColumnName="QUANTITYORDERED" Enabled="True" Required="False" Hide="False" Append="False" Repeat="False"><IOMAlternatives><IOMAlternative DefNodeID="bac9ba31-2b07-4596-85a0-5e5f73713307" Enabled="True"><IOMSources><IOMSource DefNodeID="f4147ebf-ff01-4091-8320-eb47e9303d93" Type="2" MsgGroupName="Subdetail" SegName="SDQ" Element="14" SubElement="0" /></IOMSources></IOMAlternative></IOMAlternatives></IOMTarget><IOMTarget DefNodeID="5fc715cf-aaab-4ce1-afd1-5eac35180d36" ColumnName="COMPANYID" Enabled="True" Required="False" Hide="False" Append="False" Repeat="False"><IOMAlternatives><IOMAlternative DefNodeID="40f06710-7a58-4083-b8dc-25acd789a652" Enabled="True"><IOMSources><IOMSource DefNodeID="ccaa7a3c-e4cf-498d-93ba-184b6a6d69f2" Type="9" MsgGroupName="Header" InsObjName="OMTRANSACTIONHEADER" Attribute="COMPANYID" /></IOMSources></IOMAlternative></IOMAlternatives></IOMTarget><IOMTarget DefNodeID="6795a7d4-3b03-4c5c-8266-3bc0715a2d20" ColumnName="MODULE" Enabled="True" Required="False" Hide="False" Append="False" Repeat="False"><IOMAlternatives><IOMAlternative DefNodeID="c8d740af-6a84-49e0-8eaa-8bc82c3b6b2f" Enabled="True"><IOMSources><IOMSource DefNodeID="bed8fe29-f94b-48f4-861c-ea53e619eab0" Type="9" MsgGroupName="Header" InsObjName="OMTRANSACTIONHEADER" Attribute="MODULE" /></IOMSources></IOMAlternative></IOMAlternatives></IOMTarget><IOMTarget DefNodeID="b2e999e4-52a1-47f1-b0d0-774c53cc1df4" ColumnName="R_TRANSACTIONHEADER" Enabled="True" Required="False" Hide="False" Append="False" Repeat="False"><IOMAlternatives><IOMAlternative DefNodeID="0186a092-e5d4-46d6-a96e-85cc4b7f3c5d" Enabled="True"><IOMSources><IOMSource DefNodeID="2abf7085-32c7-4d72-be3d-dbc2c21e17cd" Type="9" MsgGroupName="Header" InsObjName="OMTRANSACTIONHEADER" Attribute="ROWID" /></IOMSources></IOMAlternative></IOMAlternatives></IOMTarget><IOMTarget DefNodeID="c57bc4de-0fc5-4b59-aa26-6d94e5c367b2" ColumnName="RECORDTYPE" Enabled="True" Required="False" Hide="False" Append="False" Repeat="False"><IOMAlternatives><IOMAlternative DefNodeID="e7e40b1f-0b21-4bba-b933-5ea8a308d3e6" Enabled="True"><IOMSources><IOMSource DefNodeID="a8276ba6-e452-48e8-a411-5236ff0fa019" Type="1"><![CDATA[I]]></IOMSource></IOMSources></IOMAlternative></IOMAlternatives></IOMTarget><IOMTarget DefNodeID="d3bc83cd-9c0d-4755-9db7-e1b4c6f94d88" ColumnName="ROWID" Enabled="True" Required="False" Hide="False" Append="False" Repeat="False"><IOMAlternatives><IOMAlternative DefNodeID="f1a48310-0d40-4f15-a810-7fd6d4a23be9" Enabled="True"><IOMSources><IOMSource DefNodeID="14f43575-f550-4e27-936e-9463f891d55e" Type="8" Variable="RowID" /></IOMSources></IOMAlternative></IOMAlternatives></IOMTarget><IOMTarget DefNodeID="bb959fba-4906-4981-aa44-f84cbfbbcb29" ColumnName="LINENUMBER" Enabled="True" Required="False" Hide="False" Append="False" Repeat="False"><IOMAlternatives><IOMAlternative DefNodeID="d9dc1a01-155b-4466-b1f2-990bb9f7cb4b" Enabled="True"><IOMSources><IOMSource DefNodeID="0dc3910a-9ca2-41b7-a3c1-5d2f253edf86" Type="2" MsgGroupName="Detail" SegName="PO1" Element="1" SubElement="0" /></IOMSources></IOMAlternative></IOMAlternatives></IOMTarget><IOMTarget DefNodeID="165389d3-6451-4e6b-bd38-80341cba20aa" ColumnName="UNITOFMEASURE" Enabled="True" Required="False" Hide="False" Append="False" Repeat="False"><IOMAlternatives><IOMAlternative DefNodeID="69b9d529-f551-4b01-807e-a64798c4ac6d" Enabled="True"><IOMSources><IOMSource DefNodeID="7dbddc98-c2c8-47fb-8f2e-0c79e1b0c50b" Type="2" MsgGroupName="Subdetail" SegName="SDQ" Element="1" SubElement="0" /></IOMSources></IOMAlternative></IOMAlternatives></IOMTarget><IOMTarget DefNodeID="6dfebd57-0040-436d-bdb3-b43ca15918aa" ColumnName="UNITPRICE" Enabled="False" Required="False" Hide="False" Append="False" Repeat="False"><IOMAlternatives><IOMAlternative DefNodeID="6d3d34b2-833a-4535-ad3a-bab6aee72cfe" Enabled="True"><IOMSources><IOMSource DefNodeID="bf905afd-cd92-4817-b4ea-5a81af468a31" Type="2" MsgGroupName="Detail" SegName="PO1" Element="4" SubElement="0" /></IOMSources></IOMAlternative></IOMAlternatives></IOMTarget><IOMTarget DefNodeID="ce70c694-69bf-485d-8ccd-7c5f2976f729" ColumnName="USERDEFINEDREFERENCE_2" Enabled="True" Required="False" Hide="False" Append="False" Repeat="False"><IOMAlternatives><IOMAlternative DefNodeID="815180a8-aea8-41cc-a871-6c549c3e2f60" Enabled="True"><IOMSources><IOMSource DefNodeID="668195c2-6600-4bb8-a044-2357efdb8d68" Type="2" MsgGroupName="Detail" SegName="PO1" Element="7" SubElement="0" /></IOMSources></IOMAlternative></IOMAlternatives></IOMTarget><IOMTarget DefNodeID="97a2c524-7ea0-4419-b540-dd16314efc5b" ColumnName="USERDEFINEDQUANTITY_1" Enabled="True" Required="False" Hide="False" Append="False" Repeat="False"><IOMAlternatives><IOMAlternative DefNodeID="67a8796e-52e6-40f1-b043-363d9c80845f" Enabled="True"><IOMSources><IOMSource DefNodeID="0a84d861-9620-453d-9b36-8f6f85168a60" Type="2" MsgGroupName="Detail" SegName="PO1" Element="4" SubElement="0" /></IOMSources></IOMAlternative></IOMAlternatives></IOMTarget></IOMappings></InsightObject><InsightObject DefNodeID="f03a05ad-3dcf-4e9d-9acf-0e137df2e8b4" Name="OMTRANSACTIONDETAIL" ParentObjectName="" Operation="1" ProfileUsage="1"><IOMappings><IOMTarget DefNodeID="8d3e895f-ca08-4e3a-9f0e-e97f79f233a3" ColumnName="DETAILTYPE" Enabled="True" Required="False" Hide="False" Append="False" Repeat="False"><IOMAlternatives><IOMAlternative DefNodeID="ab4f990c-0c88-4751-b650-ed213f077544" Enabled="True"><IOMSources><IOMSource DefNodeID="77a39861-9042-48e5-b592-021b9bfb3aa1" Type="1"><![CDATA[I]]></IOMSource></IOMSources></IOMAlternative></IOMAlternatives></IOMTarget><IOMTarget DefNodeID="d9b1cf73-fd49-4cc5-9135-1ed61d510957" ColumnName="USERDEFINEDREFERENCE_1" Enabled="True" Required="False" Hide="False" Append="False" Repeat="False"><IOMAlternatives><IOMAlternative DefNodeID="9095a948-0694-4371-957f-420f49980760" Enabled="True"><IOMSources><IOMSource DefNodeID="7bf762f4-6212-4b0c-9cf9-d39a2ff9e14c" Type="2" MsgGroupName="Subdetail" SegName="SDQ" Element="15" SubElement="0"><MapFunction Name="Trim" /></IOMSource></IOMSources></IOMAlternative></IOMAlternatives></IOMTarget><IOMTarget DefNodeID="01ff688f-ff21-4b17-8349-0a97de8e0601" ColumnName="QUANTITYORDERED" Enabled="True" Required="False" Hide="False" Append="False" Repeat="False"><IOMAlternatives><IOMAlternative DefNodeID="e6873e73-b736-414d-ab17-74572adec12b" Enabled="True"><IOMSources><IOMSource DefNodeID="edd80518-eac8-46ae-9428-791e3943226e" Type="2" MsgGroupName="Subdetail" SegName="SDQ" Element="16" SubElement="0" /></IOMSources></IOMAlternative></IOMAlternatives></IOMTarget><IOMTarget DefNodeID="e5331730-84b5-43d4-8c25-3b621825aa13" ColumnName="COMPANYID" Enabled="True" Required="False" Hide="False" Append="False" Repeat="False"><IOMAlternatives><IOMAlternative DefNodeID="ead62e0f-d877-4d23-afcc-9faca0ed46b8" Enabled="True"><IOMSources><IOMSource DefNodeID="1024ed96-6c1d-44cb-94f9-7fb2730ebb4a" Type="9" MsgGroupName="Header" InsObjName="OMTRANSACTIONHEADER" Attribute="COMPANYID" /></IOMSources></IOMAlternative></IOMAlternatives></IOMTarget><IOMTarget DefNodeID="78db149d-037a-435d-a475-02fef6b7a36c" ColumnName="MODULE" Enabled="True" Required="False" Hide="False" Append="False" Repeat="False"><IOMAlternatives><IOMAlternative DefNodeID="02b8e09a-597c-4f1d-9126-103e8fa8f03a" Enabled="True"><IOMSources><IOMSource DefNodeID="6727ccc8-cf15-466e-bac5-1e42e08645a4" Type="9" MsgGroupName="Header" InsObjName="OMTRANSACTIONHEADER" Attribute="MODULE" /></IOMSources></IOMAlternative></IOMAlternatives></IOMTarget><IOMTarget DefNodeID="423e7462-5b64-4df3-a67e-bae02e31dd89" ColumnName="R_TRANSACTIONHEADER" Enabled="True" Required="False" Hide="False" Append="False" Repeat="False"><IOMAlternatives><IOMAlternative DefNodeID="006e27c0-ff5d-4bcf-b434-19fbaa1b4b5f" Enabled="True"><IOMSources><IOMSource DefNodeID="cfe49350-4a22-44a2-b6c0-f88e6bfe992e" Type="9" MsgGroupName="Header" InsObjName="OMTRANSACTIONHEADER" Attribute="ROWID" /></IOMSources></IOMAlternative></IOMAlternatives></IOMTarget><IOMTarget DefNodeID="e01f9736-e9bb-483a-a39e-8873554472de" ColumnName="RECORDTYPE" Enabled="True" Required="False" Hide="False" Append="False" Repeat="False"><IOMAlternatives><IOMAlternative DefNodeID="ee2a3e9b-0263-4728-bd64-a2a2fbaf6ca7" Enabled="True"><IOMSources><IOMSource DefNodeID="a63c12a5-5e08-4124-bf17-2d6d523c0360" Type="1"><![CDATA[I]]></IOMSource></IOMSources></IOMAlternative></IOMAlternatives></IOMTarget><IOMTarget DefNodeID="15de1157-e5fe-469f-9880-41d1e11f9073" ColumnName="ROWID" Enabled="True" Required="False" Hide="False" Append="False" Repeat="False"><IOMAlternatives><IOMAlternative DefNodeID="fb95b52f-535a-4bae-a9ca-25b2c119467c" Enabled="True"><IOMSources><IOMSource DefNodeID="f9649035-55da-44ef-8bfe-d8dd6d20a794" Type="8" Variable="RowID" /></IOMSources></IOMAlternative></IOMAlternatives></IOMTarget><IOMTarget DefNodeID="51420890-a68e-476f-8a4c-c47f656920d8" ColumnName="LINENUMBER" Enabled="True" Required="False" Hide="False" Append="False" Repeat="False"><IOMAlternatives><IOMAlternative DefNodeID="e611bb92-1f94-4d47-a262-af80da9430e7" Enabled="True"><IOMSources><IOMSource DefNodeID="53f33267-1e1c-43e4-8595-0cf8cc0e3f2a" Type="2" MsgGroupName="Detail" SegName="PO1" Element="1" SubElement="0" /></IOMSources></IOMAlternative></IOMAlternatives></IOMTarget><IOMTarget DefNodeID="ec10664e-45fc-429b-b78b-31f1fc3b590c" ColumnName="UNITOFMEASURE" Enabled="True" Required="False" Hide="False" Append="False" Repeat="False"><IOMAlternatives><IOMAlternative DefNodeID="954397ed-e03e-473f-bbe0-b36d8c3e3b18" Enabled="True"><IOMSources><IOMSource DefNodeID="b03658c8-bf4a-4a83-bd41-1bb0c769b1db" Type="2" MsgGroupName="Subdetail" SegName="SDQ" Element="1" SubElement="0" /></IOMSources></IOMAlternative></IOMAlternatives></IOMTarget><IOMTarget DefNodeID="0d241673-3ab8-4e3f-af8e-68bc92428423" ColumnName="UNITPRICE" Enabled="False" Required="False" Hide="False" Append="False" Repeat="False"><IOMAlternatives><IOMAlternative DefNodeID="3da38dd8-a2a7-4479-9c20-66a42bc60f08" Enabled="True"><IOMSources><IOMSource DefNodeID="eab4e5a4-5df9-46db-b9ae-f8d5360602b4" Type="2" MsgGroupName="Detail" SegName="PO1" Element="4" SubElement="0" /></IOMSources></IOMAlternative></IOMAlternatives></IOMTarget><IOMTarget DefNodeID="740201d6-cfa0-40b0-a67b-c8941ae0c514" ColumnName="USERDEFINEDREFERENCE_2" Enabled="True" Required="False" Hide="False" Append="False" Repeat="False"><IOMAlternatives><IOMAlternative DefNodeID="74aaed6e-c09f-4b67-a2b5-2ddf83bd7d4d" Enabled="True"><IOMSources><IOMSource DefNodeID="724cd36d-2237-406d-b79b-696c11edbe79" Type="2" MsgGroupName="Detail" SegName="PO1" Element="7" SubElement="0" /></IOMSources></IOMAlternative></IOMAlternatives></IOMTarget><IOMTarget DefNodeID="e0660625-c523-4d60-892e-d4617836f6bc" ColumnName="USERDEFINEDQUANTITY_1" Enabled="True" Required="False" Hide="False" Append="False" Repeat="False"><IOMAlternatives><IOMAlternative DefNodeID="c39ec937-bd03-4512-adbd-98104b4addfe" Enabled="True"><IOMSources><IOMSource DefNodeID="31b6f7ed-b592-4f0e-ab05-2cc8b62e93a3" Type="2" MsgGroupName="Detail" SegName="PO1" Element="4" SubElement="0" /></IOMSources></IOMAlternative></IOMAlternatives></IOMTarget></IOMappings></InsightObject><InsightObject DefNodeID="95c46b05-0dab-4739-bf5d-02bb4590e7fd" Name="OMTRANSACTIONDETAIL" ParentObjectName="" Operation="1" ProfileUsage="1"><IOMappings><IOMTarget DefNodeID="91bf746e-4713-4582-ac6a-1f9476dac8e1" ColumnName="DETAILTYPE" Enabled="True" Required="False" Hide="False" Append="False" Repeat="False"><IOMAlternatives><IOMAlternative DefNodeID="87ebf1ae-440f-4739-85d6-c8b3e5b88868" Enabled="True"><IOMSources><IOMSource DefNodeID="bb5c4696-a204-499e-b0bc-38ffc3e5cdfa" Type="1"><![CDATA[I]]></IOMSource></IOMSources></IOMAlternative></IOMAlternatives></IOMTarget><IOMTarget DefNodeID="f44d3abb-bbc9-4054-a73a-cb7968aa1969" ColumnName="USERDEFINEDREFERENCE_1" Enabled="True" Required="False" Hide="False" Append="False" Repeat="False"><IOMAlternatives><IOMAlternative DefNodeID="6c81787d-264c-4820-927b-66de0bcfa8fc" Enabled="True"><IOMSources><IOMSource DefNodeID="4cacdb06-db60-4f7c-b396-d8cd7acad5cd" Type="2" MsgGroupName="Subdetail" SegName="SDQ" Element="17" SubElement="0"><MapFunction Name="Trim" /></IOMSource></IOMSources></IOMAlternative></IOMAlternatives></IOMTarget><IOMTarget DefNodeID="7d99b3ae-fca3-464b-ad09-96b3f382a1b8" ColumnName="QUANTITYORDERED" Enabled="True" Required="False" Hide="False" Append="False" Repeat="False"><IOMAlternatives><IOMAlternative DefNodeID="3d5aa3e5-bfc0-4136-adae-6bf95ee1a204" Enabled="True"><IOMSources><IOMSource DefNodeID="a04d7985-5506-4f91-891d-9d51c6fc81fa" Type="2" MsgGroupName="Subdetail" SegName="SDQ" Element="18" SubElement="0" /></IOMSources></IOMAlternative></IOMAlternatives></IOMTarget><IOMTarget DefNodeID="5febef76-888f-47a6-9e75-b2c227b05a37" ColumnName="COMPANYID" Enabled="True" Required="False" Hide="False" Append="False" Repeat="False"><IOMAlternatives><IOMAlternative DefNodeID="e2f66f45-bffb-4a02-ae1e-77afe31ed6f2" Enabled="True"><IOMSources><IOMSource DefNodeID="8fd839a2-009f-4dbc-a810-a408393d1711" Type="9" MsgGroupName="Header" InsObjName="OMTRANSACTIONHEADER" Attribute="COMPANYID" /></IOMSources></IOMAlternative></IOMAlternatives></IOMTarget><IOMTarget DefNodeID="e784e4e4-ef8d-4358-86b3-5a9d6c28ac63" ColumnName="MODULE" Enabled="True" Required="False" Hide="False" Append="False" Repeat="False"><IOMAlternatives><IOMAlternative DefNodeID="f5aa5ab0-bcb7-4071-8751-73cab35253ef" Enabled="True"><IOMSources><IOMSource DefNodeID="24cbce54-1ebf-46fa-acbe-1d2ef0246bfa" Type="9" MsgGroupName="Header" InsObjName="OMTRANSACTIONHEADER" Attribute="MODULE" /></IOMSources></IOMAlternative></IOMAlternatives></IOMTarget><IOMTarget DefNodeID="aac1d905-d13c-4b66-83d7-a67ab77c0076" ColumnName="RECORDTYPE" Enabled="True" Required="False" Hide="False" Append="False" Repeat="False"><IOMAlternatives><IOMAlternative DefNodeID="1d668677-c67a-476f-8fcf-4dd0040c5128" Enabled="True"><IOMSources><IOMSource DefNodeID="ebdca928-c117-428e-af5d-8376d3c225e2" Type="1"><![CDATA[I]]></IOMSource></IOMSources></IOMAlternative></IOMAlternatives></IOMTarget><IOMTarget DefNodeID="cc94f060-a789-452d-9d45-0902b3defea7" ColumnName="R_TRANSACTIONHEADER" Enabled="True" Required="False" Hide="False" Append="False" Repeat="False"><IOMAlternatives><IOMAlternative DefNodeID="d62cc093-b713-4067-bf1c-40ed8131a9ec" Enabled="True"><IOMSources><IOMSource DefNodeID="847d843b-ba64-49de-9457-bc849d50ef3a" Type="9" MsgGroupName="Header" InsObjName="OMTRANSACTIONHEADER" Attribute="ROWID" /></IOMSources></IOMAlternative></IOMAlternatives></IOMTarget><IOMTarget DefNodeID="2a127505-cc97-4320-bd2b-e0453f9e9a3a" ColumnName="ROWID" Enabled="True" Required="False" Hide="False" Append="False" Repeat="False"><IOMAlternatives><IOMAlternative DefNodeID="711576a5-5488-48ba-a16e-70c810a51735" Enabled="True"><IOMSources><IOMSource DefNodeID="a814b861-3d29-4737-848a-66d4d8f9ebe8" Type="8" Variable="RowID" /></IOMSources></IOMAlternative></IOMAlternatives></IOMTarget><IOMTarget DefNodeID="79c6da1e-c0b5-4b7c-8b79-ddc27f825c29" ColumnName="LINENUMBER" Enabled="True" Required="False" Hide="False" Append="False" Repeat="False"><IOMAlternatives><IOMAlternative DefNodeID="4a596cdb-4134-40f1-89f7-e309e74816b6" Enabled="True"><IOMSources><IOMSource DefNodeID="6b8da611-1f27-440b-b05c-477cac58e53e" Type="2" MsgGroupName="Detail" SegName="PO1" Element="1" SubElement="0" /></IOMSources></IOMAlternative></IOMAlternatives></IOMTarget><IOMTarget DefNodeID="38d2ea3b-6869-4983-8efe-fcbe055f7e29" ColumnName="UNITOFMEASURE" Enabled="True" Required="False" Hide="False" Append="False" Repeat="False"><IOMAlternatives><IOMAlternative DefNodeID="823c89f8-ae09-4277-b62d-995558358cec" Enabled="True"><IOMSources><IOMSource DefNodeID="e8f27ac2-592e-43d5-88f1-3daf6fef1fad" Type="2" MsgGroupName="Subdetail" SegName="SDQ" Element="1" SubElement="0" /></IOMSources></IOMAlternative></IOMAlternatives></IOMTarget><IOMTarget DefNodeID="de718095-ceba-48c1-bf68-d32f2d87a3c2" ColumnName="UNITPRICE" Enabled="False" Required="False" Hide="False" Append="False" Repeat="False"><IOMAlternatives><IOMAlternative DefNodeID="569d8d03-bcc6-40c3-8d95-8cfe0b5dbac4" Enabled="True"><IOMSources><IOMSource DefNodeID="340d31bf-f8cc-45c0-a419-db0fd3ae6653" Type="2" MsgGroupName="Detail" SegName="PO1" Element="4" SubElement="0" /></IOMSources></IOMAlternative></IOMAlternatives></IOMTarget><IOMTarget DefNodeID="31b0d91a-dfea-4ba2-8bdb-4b8bbd430ed9" ColumnName="USERDEFINEDREFERENCE_2" Enabled="True" Required="False" Hide="False" Append="False" Repeat="False"><IOMAlternatives><IOMAlternative DefNodeID="088969f8-6fc0-4ba6-93fc-26ae0506c85e" Enabled="True"><IOMSources><IOMSource DefNodeID="2f12d5bb-4e6a-4519-bc6b-fafdf6d0335a" Type="2" MsgGroupName="Detail" SegName="PO1" Element="7" SubElement="0" /></IOMSources></IOMAlternative></IOMAlternatives></IOMTarget><IOMTarget DefNodeID="a2634320-69fb-4c08-9c9a-23d7f64a3cea" ColumnName="USERDEFINEDQUANTITY_1" Enabled="True" Required="False" Hide="False" Append="False" Repeat="False"><IOMAlternatives><IOMAlternative DefNodeID="bba3a8f8-40d2-4ff8-af49-ffc58e0c9dca" Enabled="True"><IOMSources><IOMSource DefNodeID="3ce6e60d-51d8-4a48-8b5e-0724d6f2b5e1" Type="2" MsgGroupName="Detail" SegName="PO1" Element="4" SubElement="0" /></IOMSources></IOMAlternative></IOMAlternatives></IOMTarget></IOMappings></InsightObject><InsightObject DefNodeID="981bce0c-565f-41a7-a2de-be8542efbbda" Name="OMTRANSACTIONDETAIL" ParentObjectName="" Operation="1" ProfileUsage="1"><IOMappings><IOMTarget DefNodeID="d0a37b0d-dc0f-42a5-ba49-62af28e9f10b" ColumnName="DETAILTYPE" Enabled="True" Required="False" Hide="False" Append="False" Repeat="False"><IOMAlternatives><IOMAlternative DefNodeID="d107e359-f6bd-4f59-93e4-078fba71bbba" Enabled="True"><IOMSources><IOMSource DefNodeID="cee146d9-d6dd-4275-9e20-4dfe6bb11566" Type="1"><![CDATA[I]]></IOMSource></IOMSources></IOMAlternative></IOMAlternatives></IOMTarget><IOMTarget DefNodeID="c1d13ca0-70f7-4464-ac37-9cf69847896e" ColumnName="USERDEFINEDREFERENCE_1" Enabled="True" Required="False" Hide="False" Append="False" Repeat="False"><IOMAlternatives><IOMAlternative DefNodeID="1992915f-aef3-4a6d-8afe-ef4d82e201bb" Enabled="True"><IOMSources><IOMSource DefNodeID="a6d10b2f-c9ff-4262-87d7-bd0da97f3d26" Type="2" MsgGroupName="Subdetail" SegName="SDQ" Element="19" SubElement="0"><MapFunction Name="Trim" /></IOMSource></IOMSources></IOMAlternative></IOMAlternatives></IOMTarget><IOMTarget DefNodeID="4b0f3ba4-f540-465b-9736-cc220f7ac70c" ColumnName="QUANTITYORDERED" Enabled="True" Required="False" Hide="False" Append="False" Repeat="False"><IOMAlternatives><IOMAlternative DefNodeID="8f25fd38-d739-4679-982c-34ae03819309" Enabled="True"><IOMSources><IOMSource DefNodeID="ec84d805-205b-4147-b301-6f0be82d0a0b" Type="2" MsgGroupName="Subdetail" SegName="SDQ" Element="20" SubElement="0" /></IOMSources></IOMAlternative></IOMAlternatives></IOMTarget><IOMTarget DefNodeID="a0470b21-00a9-4cfd-a0e0-fdd52f341896" ColumnName="COMPANYID" Enabled="True" Required="False" Hide="False" Append="False" Repeat="False"><IOMAlternatives><IOMAlternative DefNodeID="6a6dea28-ada4-4368-8909-5ee2c1b1157e" Enabled="True"><IOMSources><IOMSource DefNodeID="c01ebc48-c392-4fc0-9190-811308fc766f" Type="9" MsgGroupName="Header" InsObjName="OMTRANSACTIONHEADER" Attribute="COMPANYID" /></IOMSources></IOMAlternative></IOMAlternatives></IOMTarget><IOMTarget DefNodeID="710edd12-8a8a-4ac6-aef9-45206309a7af" ColumnName="MODULE" Enabled="True" Required="False" Hide="False" Append="False" Repeat="False"><IOMAlternatives><IOMAlternative DefNodeID="eacf37c7-6f10-4961-8b6d-64082ee1fbb8" Enabled="True"><IOMSources><IOMSource DefNodeID="5741f14b-c0b8-4ba4-8616-fd8eb16593ce" Type="9" MsgGroupName="Header" InsObjName="OMTRANSACTIONHEADER" Attribute="MODULE" /></IOMSources></IOMAlternative></IOMAlternatives></IOMTarget><IOMTarget DefNodeID="0182b762-d186-4fa8-9ace-a8336f5e0ecc" ColumnName="RECORDTYPE" Enabled="True" Required="False" Hide="False" Append="False" Repeat="False"><IOMAlternatives><IOMAlternative DefNodeID="cbb4fdce-35b1-4bdb-b8af-cd68bbb37f60" Enabled="True"><IOMSources><IOMSource DefNodeID="d704af91-c094-49e0-92ee-5e9789b69cd8" Type="1"><![CDATA[I]]></IOMSource></IOMSources></IOMAlternative></IOMAlternatives></IOMTarget><IOMTarget DefNodeID="3916df2b-84aa-4ebd-88d5-d6e44eae6063" ColumnName="R_TRANSACTIONHEADER" Enabled="True" Required="False" Hide="False" Append="False" Repeat="False"><IOMAlternatives><IOMAlternative DefNodeID="dc8c3fbf-794f-479d-a537-a80d1a69c00f" Enabled="True"><IOMSources><IOMSource DefNodeID="6cfdd803-1f12-4b31-a47d-abc2d3a1e12a" Type="9" MsgGroupName="Header" InsObjName="OMTRANSACTIONHEADER" Attribute="ROWID" /></IOMSources></IOMAlternative></IOMAlternatives></IOMTarget><IOMTarget DefNodeID="e0edc317-16b7-41cc-9c2f-b9481c526824" ColumnName="ROWID" Enabled="True" Required="False" Hide="False" Append="False" Repeat="False"><IOMAlternatives><IOMAlternative DefNodeID="58961f1c-ea1c-435e-a14a-21a886b28856" Enabled="True"><IOMSources><IOMSource DefNodeID="30dc300b-7722-41ca-96ca-fb923a4212ea" Type="8" Variable="RowID" /></IOMSources></IOMAlternative></IOMAlternatives></IOMTarget><IOMTarget DefNodeID="bdc45aeb-f576-4e0c-8803-b11ebf869e64" ColumnName="LINENUMBER" Enabled="True" Required="False" Hide="False" Append="False" Repeat="False"><IOMAlternatives><IOMAlternative DefNodeID="e697cf50-0dec-4a08-8ea1-0d776240c2b5" Enabled="True"><IOMSources><IOMSource DefNodeID="3be2334a-cedc-4ccb-ad95-29c822dc1039" Type="2" MsgGroupName="Detail" SegName="PO1" Element="1" SubElement="0" /></IOMSources></IOMAlternative></IOMAlternatives></IOMTarget><IOMTarget DefNodeID="a2a2b0c7-b395-414b-a1db-0d6695c29e6e" ColumnName="UNITOFMEASURE" Enabled="True" Required="False" Hide="False" Append="False" Repeat="False"><IOMAlternatives><IOMAlternative DefNodeID="a4f36cc5-8769-471a-8c31-e78d954e47d0" Enabled="True"><IOMSources><IOMSource DefNodeID="08782b9d-2090-4815-8a5c-f836e28cdfb8" Type="2" MsgGroupName="Subdetail" SegName="SDQ" Element="1" SubElement="0" /></IOMSources></IOMAlternative></IOMAlternatives></IOMTarget><IOMTarget DefNodeID="8afd4ef5-21fd-48a2-a091-72addb2ab27e" ColumnName="UNITPRICE" Enabled="False" Required="False" Hide="False" Append="False" Repeat="False"><IOMAlternatives><IOMAlternative DefNodeID="e7baa2a1-93a1-4bc3-9832-3b86c7881b4d" Enabled="True"><IOMSources><IOMSource DefNodeID="f89c253a-1f9e-4966-a109-071cee055817" Type="2" MsgGroupName="Detail" SegName="PO1" Element="4" SubElement="0" /></IOMSources></IOMAlternative></IOMAlternatives></IOMTarget><IOMTarget DefNodeID="fb5db04b-73de-4bae-8c9c-6ea14163e76b" ColumnName="USERDEFINEDREFERENCE_2" Enabled="True" Required="False" Hide="False" Append="False" Repeat="False"><IOMAlternatives><IOMAlternative DefNodeID="37c48fa9-7c26-4e14-8964-cc5586bfceb5" Enabled="True"><IOMSources><IOMSource DefNodeID="2720431d-1c0e-4bb5-a887-36efd1996f67" Type="2" MsgGroupName="Detail" SegName="PO1" Element="7" SubElement="0" /></IOMSources></IOMAlternative></IOMAlternatives></IOMTarget><IOMTarget DefNodeID="a8190696-3ec8-460c-acf3-3322874e571b" ColumnName="USERDEFINEDQUANTITY_1" Enabled="True" Required="False" Hide="False" Append="False" Repeat="False"><IOMAlternatives><IOMAlternative DefNodeID="c9ab69fb-7cb7-48c8-81ad-a77ba41b7bee" Enabled="True"><IOMSources><IOMSource DefNodeID="c97ea19f-2d95-43b6-ad25-3e23ede0ae7c" Type="2" MsgGroupName="Detail" SegName="PO1" Element="4" SubElement="0" /></IOMSources></IOMAlternative></IOMAlternatives></IOMTarget></IOMappings></InsightObject><InsightObject DefNodeID="52471e2f-f175-470b-909a-7dce7fc36d36" Name="OMTRANSACTIONDETAIL" ParentObjectName="" Operation="1" ProfileUsage="1"><IOMappings><IOMTarget DefNodeID="c53ffa8f-b7cd-4191-9f3b-4d4c1925f76e" ColumnName="DETAILTYPE" Enabled="True" Required="False" Hide="False" Append="False" Repeat="False"><IOMAlternatives><IOMAlternative DefNodeID="71a82ddb-cea0-4b55-a2e0-bdd783f47f58" Enabled="True"><IOMSources><IOMSource DefNodeID="a5a63f79-d0b1-4664-b7a3-f4b5bb54ec6c" Type="1"><![CDATA[I]]></IOMSource></IOMSources></IOMAlternative></IOMAlternatives></IOMTarget><IOMTarget DefNodeID="e19c7a7e-cfed-408e-a3f5-9382d3993d8f" ColumnName="USERDEFINEDREFERENCE_1" Enabled="True" Required="False" Hide="False" Append="False" Repeat="False"><IOMAlternatives><IOMAlternative DefNodeID="8cf5bcdb-71a5-49fe-b941-a4ead1aa2981" Enabled="True"><IOMSources><IOMSource DefNodeID="662b553b-43b8-4be9-a537-a5d89c62faba" Type="2" MsgGroupName="Subdetail" SegName="SDQ" Element="21" SubElement="0"><MapFunction Name="Trim" /></IOMSource></IOMSources></IOMAlternative></IOMAlternatives></IOMTarget><IOMTarget DefNodeID="9054a5f9-73a3-4e32-898a-05e97502dd6e" ColumnName="QUANTITYORDERED" Enabled="True" Required="False" Hide="False" Append="False" Repeat="False"><IOMAlternatives><IOMAlternative DefNodeID="006bceb9-1b6a-4230-8d0e-a2f45381ccd5" Enabled="True"><IOMSources><IOMSource DefNodeID="ab66b8c6-9351-4008-9b16-3f4e8b9290ea" Type="2" MsgGroupName="Subdetail" SegName="SDQ" Element="22" SubElement="0" /></IOMSources></IOMAlternative></IOMAlternatives></IOMTarget><IOMTarget DefNodeID="7053c537-c1f7-46dd-b943-74cf7be73714" ColumnName="COMPANYID" Enabled="True" Required="False" Hide="False" Append="False" Repeat="False"><IOMAlternatives><IOMAlternative DefNodeID="82a41e6f-438b-42e1-92fb-0940aa1f3b3b" Enabled="True"><IOMSources><IOMSource DefNodeID="3259104d-e99d-4fec-a20e-add42e646849" Type="9" MsgGroupName="Header" InsObjName="OMTRANSACTIONHEADER" Attribute="COMPANYID" /></IOMSources></IOMAlternative></IOMAlternatives></IOMTarget><IOMTarget DefNodeID="0c33998e-5cc5-4278-96d5-8e9ffac5aeef" ColumnName="MODULE" Enabled="True" Required="False" Hide="False" Append="False" Repeat="False"><IOMAlternatives><IOMAlternative DefNodeID="13a19baa-7cc4-432f-9e6a-ac8fc33e3b81" Enabled="True"><IOMSources><IOMSource DefNodeID="4086d66f-8909-4b89-93b0-54b82a7e8cc1" Type="9" MsgGroupName="Header" InsObjName="OMTRANSACTIONHEADER" Attribute="MODULE" /></IOMSources></IOMAlternative></IOMAlternatives></IOMTarget><IOMTarget DefNodeID="4449a82e-96be-4491-bde3-47c7fa6d8612" ColumnName="RECORDTYPE" Enabled="True" Required="False" Hide="False" Append="False" Repeat="False"><IOMAlternatives><IOMAlternative DefNodeID="9d131064-5a5a-4980-a4f3-a9db746237f4" Enabled="True"><IOMSources><IOMSource DefNodeID="fcddb7de-ed2d-4eae-b51f-15d6fa6d2e35" Type="1"><![CDATA[I]]></IOMSource></IOMSources></IOMAlternative></IOMAlternatives></IOMTarget><IOMTarget DefNodeID="9fa60e60-aaa7-452a-898d-fdb42ca5a368" ColumnName="R_TRANSACTIONHEADER" Enabled="True" Required="False" Hide="False" Append="False" Repeat="False"><IOMAlternatives><IOMAlternative DefNodeID="469373f1-90e6-42d9-bbf1-97dee4cf7398" Enabled="True"><IOMSources><IOMSource DefNodeID="d8bd3731-6ad6-4d10-b0e7-13aba74a21ee" Type="9" MsgGroupName="Header" InsObjName="OMTRANSACTIONHEADER" Attribute="ROWID" /></IOMSources></IOMAlternative></IOMAlternatives></IOMTarget><IOMTarget DefNodeID="20498ba5-18b1-4407-806a-392aa092b692" ColumnName="ROWID" Enabled="True" Required="False" Hide="False" Append="False" Repeat="False"><IOMAlternatives><IOMAlternative DefNodeID="9d8b31f3-c338-48a3-8acc-0845ec79af22" Enabled="True"><IOMSources><IOMSource DefNodeID="2b23fe9e-6e61-4e97-a6e9-45341e1c65ba" Type="8" Variable="RowID" /></IOMSources></IOMAlternative></IOMAlternatives></IOMTarget><IOMTarget DefNodeID="953afba5-f3ef-4c44-b69b-56856ecd5ab3" ColumnName="LINENUMBER" Enabled="True" Required="False" Hide="False" Append="False" Repeat="False"><IOMAlternatives><IOMAlternative DefNodeID="1f63d648-4b03-4764-856f-81094b57fcc8" Enabled="True"><IOMSources><IOMSource DefNodeID="6274aef6-1cab-44c6-85a2-32650a1ef612" Type="2" MsgGroupName="Detail" SegName="PO1" Element="1" SubElement="0" /></IOMSources></IOMAlternative></IOMAlternatives></IOMTarget><IOMTarget DefNodeID="c832ca42-242b-4a9e-a89b-8a1be75d90d3" ColumnName="UNITOFMEASURE" Enabled="True" Required="False" Hide="False" Append="False" Repeat="False"><IOMAlternatives><IOMAlternative DefNodeID="af262a6d-f978-4bc7-86ea-e4bbce88b85b" Enabled="True"><IOMSources><IOMSource DefNodeID="547db6f2-917c-4065-be67-651045aa9a4c" Type="2" MsgGroupName="Subdetail" SegName="SDQ" Element="1" SubElement="0" /></IOMSources></IOMAlternative></IOMAlternatives></IOMTarget><IOMTarget DefNodeID="9ed0f9c8-4b32-4a21-b55d-39a1bb0d6ea8" ColumnName="UNITPRICE" Enabled="False" Required="False" Hide="False" Append="False" Repeat="False"><IOMAlternatives><IOMAlternative DefNodeID="b07892f5-61a6-4533-aaea-890926a56b33" Enabled="True"><IOMSources><IOMSource DefNodeID="2d19294a-2757-4b6a-9bf4-a406307dfc37" Type="2" MsgGroupName="Detail" SegName="PO1" Element="4" SubElement="0" /></IOMSources></IOMAlternative></IOMAlternatives></IOMTarget><IOMTarget DefNodeID="56f589b0-8a33-4543-ac77-b828a94eabac" ColumnName="USERDEFINEDREFERENCE_2" Enabled="True" Required="False" Hide="False" Append="False" Repeat="False"><IOMAlternatives><IOMAlternative DefNodeID="c8e6db2a-2115-4b14-b24f-c198d4e4480a" Enabled="True"><IOMSources><IOMSource DefNodeID="bea1b30c-2c77-471d-84d9-7deb13cdd8b7" Type="2" MsgGroupName="Detail" SegName="PO1" Element="7" SubElement="0" /></IOMSources></IOMAlternative></IOMAlternatives></IOMTarget><IOMTarget DefNodeID="e6616ce5-e9fb-44bd-910b-9000d590b715" ColumnName="USERDEFINEDQUANTITY_1" Enabled="True" Required="False" Hide="False" Append="False" Repeat="False"><IOMAlternatives><IOMAlternative DefNodeID="fbc0bb2c-c5a5-486b-8dba-88c50411577a" Enabled="True"><IOMSources><IOMSource DefNodeID="ecb1e14d-b42d-4035-8a4e-2b66e75980a5" Type="2" MsgGroupName="Detail" SegName="PO1" Element="4" SubElement="0" /></IOMSources></IOMAlternative></IOMAlternatives></IOMTarget></IOMappings></InsightObject></InsightObjects></EdiMsgGroup></EdiMsgGroup></EdiMsgGroup></EdiMsgGroups></EdiMapDef>