<SqlLookupDef Name="GNC_RECORDTYPE" Type="0" Version="1"><Description><![CDATA[GNC_RECORDTYPE(BEG01)]]></Description><Comments><![CDATA[]]></Comments><FailMessage><![CDATA[]]></FailMessage><SqlQuery><![CDATA[/*
DECLARE @BEG01NEWCHANGE CHAR(2) = '00'
*/
DECLARE @PORECORDTYPE CHAR(1)
SELECT TOP 1 @PORECORDTYPE = IIF(@BEG01NEWCHANGE = '00', 'I', 'E')
SELECT @PORECORDTYPE AS PORECORDTYPE
]]></SqlQuery><Attributes><SqlLookupDefAttribute Name="BEG01NEWCHANGE" Type="1" Required="True" ColumnName="" /><SqlLookupDefAttribute Name="PORECORDTYPE" Type="2" Required="True" ColumnName="PORECORDTYPE" /></Attributes><Parameters><SqlLookupDefParameter Name="@BEG01NEWCHANGE" DataType="3" Length="2" ValueType="1"><![CDATA[BEG01NEWCHANGE]]></SqlLookupDefParameter></Parameters></SqlLookupDef>