<SqlLookupDef Name="GNC_ITEM_ROWID" Type="0" Version="1"><Description><![CDATA[GNC_ITEM_ROWID(VENDOR,ITEMCODE)]]></Description><Comments><![CDATA[]]></Comments><FailMessage><![CDATA[]]></FailMessage><SqlQuery><![CDATA[--GNC_ITEM_ROWID(VENDOR,ITEMCODE) 
 /*
DECLARE @VENDORNUMBER CHAR(12) = '999990001'
DECLARE @ITEMCODE CHAR(20) = '001884.031.1' 
 */
DECLARE @ITEM_ROWID UNIQUEIDENTIFIER 

SELECT TOP 1 @ITEM_ROWID = ITM.ROWID
FROM IMITEM ITM (NOLOCK)
JOIN IDMASTER WH (NOLOCK) ON WH.ROWID = ITM.R_WAREHOUSE
JOIN GNC_EDI_TRANSLATION EDI (NOLOCK) ON EDI.VENDOR = @VENDORNUMBER
WHERE ITM.ITEMCODE = @ITEMCODE 
AND EDI.WAREHOUSEID = WH.IDENTITYID

SELECT @ITEM_ROWID AS ITEM_ROWID
]]></SqlQuery><Attributes><SqlLookupDefAttribute Name="VENDORNUMBER" Type="1" Required="True" ColumnName="" /><SqlLookupDefAttribute Name="ITEMCODE" Type="1" Required="True" ColumnName="" /><SqlLookupDefAttribute Name="ITEM_ROWID" Type="2" Required="True" ColumnName="ITEM_ROWID" /></Attributes><Parameters><SqlLookupDefParameter Name="@VENDORNUMBER" DataType="3" Length="12" ValueType="1"><![CDATA[VENDORNUMBER]]></SqlLookupDefParameter><SqlLookupDefParameter Name="@ITEMCODE" DataType="3" Length="20" ValueType="1"><![CDATA[ITEMCODE]]></SqlLookupDefParameter></Parameters></SqlLookupDef>