<SqlLookupDef Name="GNC_UNITPRICE" Type="0" Version="1"><Description><![CDATA[GNC_UNITPRICE(CO,CUST,VENDOR,STORE,ITEMCODE)]]></Description><Comments><![CDATA[]]></Comments><FailMessage><![CDATA[]]></FailMessage><SqlQuery><![CDATA[--GNC_UNITPRICE(CO, CUST, VENDOR, STORE, ITEMCODE) 
/*
DECLARE @COMPANYID CHAR(2) = 'SB' 
DECLARE @CUSTOMERID VARCHAR(38) = '{0a0f0783-db8b-4b59-ac48-4f5ec84b43b8}' 
DECLARE @VENDORNUMBER CHAR(12) = '999990001'
DECLARE @STORENUMBER VARCHAR(50) = '99' 
DECLARE @ITEMCODE CHAR(20) = '001884.031.1' 
*/
DECLARE @UNITPRICE VARCHAR(20)

SELECT TOP 1 @UNITPRICE = PSD.LANDEDPRICE - PSD.HANDLINGCHARGE - PSD.OTHERCHARGE - PSD.FREIGHTCHARGE
FROM IDMASTER CUST (NOLOCK) 
LEFT JOIN IDRELATIONSHIPLINKS LCUST (NOLOCK) ON LCUST.R_IDMASTER = CUST.ROWID 
		AND LCUST.IDMASTERTYPE = '01'  AND LCUST.IDMEMBERTYPE = '02' 
JOIN IDMASTER CONS (NOLOCK) ON CONS.ROWID = LCUST.R_IDMEMBER 
JOIN IDCONSIGNEE ICONS (NOLOCK) ON ICONS.R_IDENTITY = CONS.ROWID 
JOIN GNC_EDI_TRANSLATION GET (NOLOCK) ON ISNULL(GET.VENDOR, '') = @VENDORNUMBER
JOIN IDMASTER WH (NOLOCK) ON WH.IDENTITYID = GET.WAREHOUSEID
JOIN IMITEM ITM (NOLOCK) ON ITM.ITEMCODE = @ITEMCODE AND ITM.R_WAREHOUSE = WH.ROWID
LEFT JOIN IDCONSIGNEESHIPPERZONE SZ (NOLOCK) ON SZ.R_CONSIGNEE = CONS.ROWID AND SZ.R_SHIPPER = WH.ROWID
LEFT JOIN IMPRICESCHEDULEHEADER PSH (NOLOCK) ON PSH.ROWID = ISNULL(SZ.R_PRICESCHEDULE, ICONS.R_PRICESCHEDULE)
LEFT JOIN IMPRICESCHEDULEDETAIL PSD (NOLOCK) ON PSD.R_PRICESCHEDULEHEADER = PSH.ROWID AND PSD.R_ITEM = ITM.ROWID AND PSD.EXPIRATIONDATE >= GETDATE()
WHERE CONS.COMPANYID = @COMPANYID 
AND CUST.ROWID = CAST(@CUSTOMERID AS UNIQUEIDENTIFIER)
AND RIGHT('0000'+ICONS.USERDEFINEDREFERENCE_2,4) = RIGHT('0000'+@STORENUMBER,4) 

SELECT @UNITPRICE AS UNITPRICE
]]></SqlQuery><Attributes><SqlLookupDefAttribute Name="COMPANYID" Type="1" Required="True" ColumnName="" /><SqlLookupDefAttribute Name="CUSTOMERID" Type="1" Required="True" ColumnName="" /><SqlLookupDefAttribute Name="VENDORNUMBER" Type="1" Required="True" ColumnName="" /><SqlLookupDefAttribute Name="STORENUMBER" Type="1" Required="True" ColumnName="" /><SqlLookupDefAttribute Name="ITEMCODE" Type="1" Required="True" ColumnName="" /><SqlLookupDefAttribute Name="UNITPRICE" Type="2" Required="True" ColumnName="UNITPRICE" /></Attributes><Parameters><SqlLookupDefParameter Name="@COMPANYID" DataType="3" Length="2" ValueType="1"><![CDATA[COMPANYID]]></SqlLookupDefParameter><SqlLookupDefParameter Name="@CUSTOMERID" DataType="22" Length="38" ValueType="1"><![CDATA[CUSTOMERID]]></SqlLookupDefParameter><SqlLookupDefParameter Name="@VENDORNUMBER" DataType="3" Length="12" ValueType="1"><![CDATA[VENDORNUMBER]]></SqlLookupDefParameter><SqlLookupDefParameter Name="@STORENUMBER" DataType="22" Length="50" ValueType="1"><![CDATA[STORENUMBER]]></SqlLookupDefParameter><SqlLookupDefParameter Name="@ITEMCODE" DataType="3" Length="20" ValueType="1"><![CDATA[ITEMCODE]]></SqlLookupDefParameter></Parameters></SqlLookupDef>