<SqlLookupDef Name="GNC_CONSIGNEE_ROWID" Type="0" Version="1"><Description><![CDATA[GNC_CONSIGNEE_ROWID(CO,CUST,STORE)]]></Description><Comments><![CDATA[]]></Comments><FailMessage><![CDATA[]]></FailMessage><SqlQuery><![CDATA[--GNC_LOOKUP_CONSIGNEEROWID(CO,CUST,STORE) 
/*
DECLARE @COMPANYID CHAR(2) = 'SB' 
DECLARE @CUSTOMERID VARCHAR(38) = '{0a0f0783-db8b-4b59-ac48-4f5ec84b43b8}' 
DECLARE @STORENUMBER VARCHAR(50) = '99' 
*/
DECLARE @CONSIGNEEROWID VARCHAR(38)--UNIQUEIDENTIFIER 

SELECT 
TOP 1 @CONSIGNEEROWID = CONS.ROWID 
FROM IDMASTER CUST (NOLOCK) 
LEFT JOIN IDRELATIONSHIPLINKS LCUST (NOLOCK) ON LCUST.R_IDMASTER = CUST.ROWID 
		AND LCUST.IDMASTERTYPE = '01'  AND LCUST.IDMEMBERTYPE = '02' 
JOIN IDMASTER CONS (NOLOCK) ON CONS.ROWID = LCUST.R_IDMEMBER 
JOIN IDCONSIGNEE ICONS (NOLOCK) ON ICONS.R_IDENTITY = CONS.ROWID 
WHERE CONS.COMPANYID = @COMPANYID 
AND CUST.ROWID = CAST(@CUSTOMERID AS UNIQUEIDENTIFIER)
AND RIGHT('0000'+ICONS.USERDEFINEDREFERENCE_2,4) = RIGHT('0000'+@STORENUMBER,4) 

SELECT @CONSIGNEEROWID AS CONSIGNEEROWID
]]></SqlQuery><Attributes><SqlLookupDefAttribute Name="COMPANYID" Type="1" Required="True" ColumnName="" /><SqlLookupDefAttribute Name="CUSTOMERID" Type="1" Required="True" ColumnName="" /><SqlLookupDefAttribute Name="STORENUMBER" Type="1" Required="True" ColumnName="" /><SqlLookupDefAttribute Name="CONSIGNEEROWID" Type="2" Required="True" ColumnName="CONSIGNEEROWID" /></Attributes><Parameters><SqlLookupDefParameter Name="@COMPANYID" DataType="3" Length="2" ValueType="1"><![CDATA[COMPANYID]]></SqlLookupDefParameter><SqlLookupDefParameter Name="@CUSTOMERID" DataType="22" Length="38" ValueType="1"><![CDATA[CUSTOMERID]]></SqlLookupDefParameter><SqlLookupDefParameter Name="@STORENUMBER" DataType="22" Length="50" ValueType="1"><![CDATA[STORENUMBER]]></SqlLookupDefParameter></Parameters></SqlLookupDef>