<SqlLookupDef Name="GNC_PO_TRANSNUMBER" Type="0" Version="1"><Description><![CDATA[GNC_PO_TRANSNUMBER(VENDOR,DEPT,PONUMBER)]]></Description><Comments><![CDATA[]]></Comments><FailMessage><![CDATA[]]></FailMessage><SqlQuery><![CDATA[--GNC_PO_TRANSNUMBER(VENDOR,DEPT,PONUMBER) 
/*
DECLARE @VENDORNUMBER CHAR(12) = '999990001' 
DECLARE @DEPTNUMBER CHAR(10) = NULL 
DECLARE @PONUMBER VARCHAR(20) = 'POB3X80156' 
*/
DECLARE @TRANSACTIONNUMBER CHAR(20) 

SELECT TOP 1 @TRANSACTIONNUMBER = TRIM(EDI.IDGROUP) + '-' + @PONUMBER 
FROM GNC_EDI_TRANSLATION EDI (NOLOCK) 
WHERE ISNULL(EDI.VENDOR,'') = ISNULL(@VENDORNUMBER,'') 
AND ISNULL(EDI.DEPT,'') = ISNULL(@DEPTNUMBER,'') 

SELECT @TRANSACTIONNUMBER AS TRANSACTIONNUMBER 
]]></SqlQuery><Attributes><SqlLookupDefAttribute Name="VENDORNUMBER" Type="1" Required="True" ColumnName="" /><SqlLookupDefAttribute Name="DEPTNUMBER" Type="1" Required="True" ColumnName="" /><SqlLookupDefAttribute Name="PONUMBER" Type="1" Required="True" ColumnName="" /><SqlLookupDefAttribute Name="TRANSACTIONNUMBER" Type="2" Required="True" ColumnName="TRANSACTIONNUMBER" /></Attributes><Parameters><SqlLookupDefParameter Name="@VENDORNUMBER" DataType="3" Length="12" ValueType="1"><![CDATA[VENDORNUMBER]]></SqlLookupDefParameter><SqlLookupDefParameter Name="@DEPTNUMBER" DataType="3" Length="10" ValueType="1"><![CDATA[DEPTNUMBER]]></SqlLookupDefParameter><SqlLookupDefParameter Name="@PONUMBER" DataType="22" Length="20" ValueType="1"><![CDATA[PONUMBER]]></SqlLookupDefParameter></Parameters></SqlLookupDef>