<SqlLookupDef Name="EDI535_812_DETAIL" Type="0" Version="1"><Description><![CDATA[Create Rural King 812 Email Detail Record]]></Description><Comments><![CDATA[]]></Comments><FailMessage><![CDATA[FAILURE to Create Rural King 812 Email Detail Record]]></FailMessage><SqlQuery><![CDATA[--EDI535_812_DETAIL (Create Rural King 812 Email Detail Record)
/*
DECLARE 
@IDGROUP VARCHAR(10)= '535'			,
@ST01	VARCHAR(3)	= '824'			,	--DOCTYPE
@CDD01 VARCHAR(2)	= 'A5'			,	--ADJREASON	
@CDD02 VARCHAR(1)	= 'C'			,	--CDFLAG 
@CDD07 VARCHAR(10)	= '4'			,	--CDQTY
@CDD11 VARCHAR(17)	= '18.20'		,	--CDPRICE
@CDD14 VARCHAR(264) = 'BECAUSE'		,	--CDMESSAGE
@LIN01 VARCHAR(10)	= '1'			,	--PO_LINENUMBER
@LIN03 VARCHAR(48)	= '801560155'	,	--PO_ALTERNATESKU
@LIN05 VARCHAR(48)	= '008776142313',	--UPCNO
@LIN07 VARCHAR(48)	= '001884.031.1',	--ITEMCODE
@N902ZZ VARCHAR(50)	= ''			,	--DESCRIPTION
@N903LI VARCHAR(45)	= 'Defective Units Received'	,	--COMMENTS
@SAC01 VARCHAR(1)	= 'A'			,	--A=ALLOWANCE, C=CHARGE
@SAC02 VARCHAR(4)	= 'D240'		,	--SERVICECODE	(D240=FREIGHT...)
@SAC05 VARCHAR(15)	= '2783'		,	--SACAMOUNT
@SAC08 VARCHAR(9)	= '1.25'		,	--SACRATE
@SAC15 VARCHAR(80)	= 'FREIGHT'			--SACDESCRIPTION
*/
DECLARE @REMAILHEADER VARCHAR(38)
SET @REMAILHEADER = (	SELECT TOP 1 ROWID 
			FROM GNC_EDI_EMAILHEADER (NOLOCK) 
			ORDER BY CREATIONDATETIME DESC)

DECLARE @TRANSACTIONNUMBER VARCHAR(20)
SET @TRANSACTIONNUMBER = (	SELECT TOP 1 TRANSACTIONNUMBER 
			FROM GNC_EDI_EMAILHEADER (NOLOCK) 
			ORDER BY CREATIONDATETIME DESC)

--SELECT @REMAILHEADER AS REMAILHEADER	-->TEST THE LOOKUPDEFINITION:

--POPULATE GNC_EDI_EMAILDETAIL:
INSERT INTO GNC_EDI_EMAILDETAIL 
SELECT 
	@REMAILHEADER AS R_EMAILHEADER, 
	@ST01 AS DOCTYPE, 
	@IDGROUP AS IDGROUP, 
	EDI.WAREHOUSEID AS WAREHOUSEID,
	@TRANSACTIONNUMBER AS TRANSACTIONUMBER, 
	(	SELECT OH.PURCHASEORDERNUMBER 
		FROM OMTRANSACTIONHEADER OH (NOLOCK) 
		WHERE OH.TRANSACTIONNUMBER = @TRANSACTIONNUMBER
		) AS PONUMBER, 
	(	SELECT ICONS.USERDEFINEDREFERENCE_2  
		FROM OMTRANSACTIONHEADER OH (NOLOCK) 
		JOIN IDCONSIGNEE ICONS (NOLOCK) ON ICONS.R_IDENTITY = OH.R_SHIPPER 
		WHERE OH.TRANSACTIONNUMBER = @TRANSACTIONNUMBER
		) AS STORENUMBER, 
	@LIN01 AS LINENUMBER,
	@CDD01 + ' - ' + DBO.FN_EDI_CODE_DESCRIPTION('CDD01',@CDD01) + ' ' + 
	DBO.FN_EDI_CODE_DESCRIPTION('CDD02',@CDD02) + ' ' + 
	@CDD07 + ' EA @ $' + @CDD11 + ' LINE#: ' + @LIN01 + 
	' SKU:' + @LIN03 + ' UPC:' + @LIN05 + ' ITEM:' + @LIN07 + 
	IIF(ISNULL(@SAC02,'')='', '', 
		' (' + @SAC02 + ' - ' + DBO.FN_EDI_CODE_DESCRIPTION('SAC02',@SAC02) + ' ' + 
		--@SAC15 + ' ' + 
		DBO.FN_EDI_CODE_DESCRIPTION('SAC01',@SAC01) + ' $' + 
		@SAC05 + ' @RATE:' + @SAC08 + ')' ) 
	+ ' --> ' + 	@N903LI + IIF(ISNULL(@N902ZZ,'') = '', '', ' ('+@N902ZZ+')') 
	
	AS DETAIL
FROM GNC_EDI_TRANSLATION EDI (NOLOCK) 
WHERE EDI.IDGROUP = @IDGROUP
]]></SqlQuery><Attributes><SqlLookupDefAttribute Name="IDGROUP" Type="1" Required="True" ColumnName="" /><SqlLookupDefAttribute Name="ST01" Type="1" Required="True" ColumnName="" /><SqlLookupDefAttribute Name="CDD01" Type="1" Required="True" ColumnName="" /><SqlLookupDefAttribute Name="CDD02" Type="1" Required="True" ColumnName="" /><SqlLookupDefAttribute Name="CDD07" Type="1" Required="True" ColumnName="" /><SqlLookupDefAttribute Name="CDD11" Type="1" Required="True" ColumnName="" /><SqlLookupDefAttribute Name="CDD14" Type="1" Required="True" ColumnName="" /><SqlLookupDefAttribute Name="LIN01" Type="1" Required="True" ColumnName="" /><SqlLookupDefAttribute Name="LIN03" Type="1" Required="True" ColumnName="" /><SqlLookupDefAttribute Name="LIN05" Type="1" Required="True" ColumnName="" /><SqlLookupDefAttribute Name="LIN07" Type="1" Required="True" ColumnName="" /><SqlLookupDefAttribute Name="N902ZZ" Type="1" Required="True" ColumnName="" /><SqlLookupDefAttribute Name="N903LI" Type="1" Required="True" ColumnName="" /><SqlLookupDefAttribute Name="SAC01" Type="1" Required="True" ColumnName="" /><SqlLookupDefAttribute Name="SAC02" Type="1" Required="True" ColumnName="" /><SqlLookupDefAttribute Name="SAC05" Type="1" Required="True" ColumnName="" /><SqlLookupDefAttribute Name="SAC08" Type="1" Required="True" ColumnName="" /><SqlLookupDefAttribute Name="SAC15" Type="1" Required="True" ColumnName="" /><SqlLookupDefAttribute Name="REMAILHEADER" Type="2" Required="True" ColumnName="REMAILHEADER" /></Attributes><Parameters><SqlLookupDefParameter Name="@IDGROUP" DataType="22" Length="10" ValueType="1"><![CDATA[IDGROUP]]></SqlLookupDefParameter><SqlLookupDefParameter Name="@ST01" DataType="22" Length="3" ValueType="1"><![CDATA[ST01]]></SqlLookupDefParameter><SqlLookupDefParameter Name="@CDD01" DataType="22" Length="2" ValueType="1"><![CDATA[CDD01]]></SqlLookupDefParameter><SqlLookupDefParameter Name="@CDD02" DataType="22" Length="1" ValueType="1"><![CDATA[CDD02]]></SqlLookupDefParameter><SqlLookupDefParameter Name="@CDD07" DataType="22" Length="10" ValueType="1"><![CDATA[CDD07]]></SqlLookupDefParameter><SqlLookupDefParameter Name="@CDD11" DataType="22" Length="17" ValueType="1"><![CDATA[CDD11]]></SqlLookupDefParameter><SqlLookupDefParameter Name="@CDD14" DataType="22" Length="264" ValueType="1"><![CDATA[CDD14]]></SqlLookupDefParameter><SqlLookupDefParameter Name="@LIN01" DataType="22" Length="10" ValueType="1"><![CDATA[LIN01]]></SqlLookupDefParameter><SqlLookupDefParameter Name="@LIN03" DataType="22" Length="48" ValueType="1"><![CDATA[LIN03]]></SqlLookupDefParameter><SqlLookupDefParameter Name="@LIN05" DataType="22" Length="48" ValueType="1"><![CDATA[LIN05]]></SqlLookupDefParameter><SqlLookupDefParameter Name="@LIN07" DataType="22" Length="48" ValueType="1"><![CDATA[LIN07]]></SqlLookupDefParameter><SqlLookupDefParameter Name="@N902ZZ" DataType="22" Length="50" ValueType="1"><![CDATA[N902ZZ]]></SqlLookupDefParameter><SqlLookupDefParameter Name="@N903LI" DataType="22" Length="45" ValueType="1"><![CDATA[N903LI]]></SqlLookupDefParameter><SqlLookupDefParameter Name="@SAC01" DataType="22" Length="1" ValueType="1"><![CDATA[SAC01]]></SqlLookupDefParameter><SqlLookupDefParameter Name="@SAC02" DataType="22" Length="4" ValueType="1"><![CDATA[SAC02]]></SqlLookupDefParameter><SqlLookupDefParameter Name="@SAC05" DataType="22" Length="15" ValueType="1"><![CDATA[SAC05]]></SqlLookupDefParameter><SqlLookupDefParameter Name="@SAC08" DataType="22" Length="9" ValueType="1"><![CDATA[SAC08]]></SqlLookupDefParameter><SqlLookupDefParameter Name="@SAC15" DataType="22" Length="80" ValueType="1"><![CDATA[SAC15]]></SqlLookupDefParameter></Parameters></SqlLookupDef>