<SqlLookupDef Name="EDI535_812_HEADER" Type="0" Version="1"><Description><![CDATA[Create Rural King 812 Email Header Record]]></Description><Comments><![CDATA[]]></Comments><FailMessage><![CDATA[FAILURE to Create Rural King 812 Email Header Record]]></FailMessage><SqlQuery><![CDATA[--EDI535_812_HEADER (Create Rural King 812 Email Header Record)
/*
DECLARE
@IDGROUP VARCHAR(10)= '535'				,
@ST01	VARCHAR(3)	= '812'				,	--DOCTYPE
@BCD01 VARCHAR(8)	= '20230216'		,	--CDADJUSTDATE
@BCD02 VARCHAR(22)	= '998877665'		,	--CDADJUSTNUMBER
@BCD03 VARCHAR(2)	= 'T'				,	--CRADJUSTACTION
@BCD04 VARCHAR(15)	= '31903'			,	--NETAMOUNT
@BCD05 VARCHAR(1)	= 'C'				,	--CDFLAGCODE
@BCD07 VARCHAR(20)	= '10-45775'		,	--INVOICENUMBER
@BCD10 VARCHAR(50)	= 'POB1X80156'		,	--PURCHASEORDERNUMBER
-->NEED TO LOOK INTO CREDITNOTEREQUEST ON THE 810 MAP
@BCD12 VARCHAR(2)	= 'CR'				,	--TRANSACTIONTYPECODE
@BCD13 VARCHAR(3)	= 'PD'				,	--REFERENCEIDQUALIFIER
@BCD14 VARCHAR(50)	= '12345'			,	--CDADJUSTNUMBER/DEALNUMBER
@N902 VARCHAR(50)	= '80156'			,	--PO_VENDOR
@SAC01 VARCHAR(1)	= 'C'				,	--A=ALLOWANCE, C=CHARGE
@SAC02 VARCHAR(4)	= 'H850'			,	--H850=TAX
@SAC05 VARCHAR(15)	= '2783'			,	--TOTAL TAX AMOUNT
@N102 VARCHAR(60)	= 'RURALKING #99'	,	--SHIPTONAME
@N104 VARCHAR(20)	= '99'				,	--STORENUMBER USE:RIGHT('00'+TRIM(@N104),4)
@N301 VARCHAR(35)	= '9525 COLLINS RD'	,	--SHIPTOADDRESS1
@N401 VARCHAR(20)	= 'COLLINSVILLE'	,	--SHIPTOCITY
@N402 VARCHAR(2)	= 'IL'				,	--SHIPTOSTATE
@N403 VARCHAR(10)	= '62234'				--SHIPTOZIP
*/
DECLARE @ROWID UNIQUEIDENTIFIER
SET @ROWID = NEWID() 

--POPULATE GNC_EDI_EMAILHEADER:
INSERT INTO GNC_EDI_EMAILHEADER 
SELECT 
	@ROWID AS ROWID, 
	GETDATE() AS CREATIONDATETIME, 
	'N' AS EMAILSENTFLAG, 
	@ST01 AS DOCTYPE, 
	EDI.IDGROUP, 
	EDI.WAREHOUSEID, 
	@BCD07 AS TRANSACTIONNUMBER, 
	(	SELECT OH.PURCHASEORDERNUMBER 
		FROM OMTRANSACTIONHEADER OH (NOLOCK) 
		WHERE OH.TRANSACTIONNUMBER = @BCD07
		) AS PONUMBER, 
	(	SELECT ICONS.USERDEFINEDREFERENCE_2  
		FROM OMTRANSACTIONHEADER OH (NOLOCK) 
		JOIN IDCONSIGNEE ICONS (NOLOCK) ON ICONS.R_IDENTITY = OH.R_SHIPPER 
		WHERE OH.TRANSACTIONNUMBER = @BCD07
		) AS STORENUMBER, 
	@BCD01 AS DATETIME, 
	@BCD03 + ' - ' + DBO.FN_EDI_CODE_DESCRIPTION('BCD03',@BCD03) AS ACTION, 
	@BCD02 AS REFERENCE, 
	@BCD05 + ' - ' + DBO.FN_EDI_CODE_DESCRIPTION('BCD05',@BCD05) + ' TOTAL AMOUNT = $' + @BCD04  + 
	' (' + @SAC02 + ' - ' + DBO.FN_EDI_CODE_DESCRIPTION('SAC02',@SAC02) + ' = $' + @SAC05 + ')'AS RESULT, 
	@BCD07 + ' - ' + @BCD10 AS INDENTIFIERS, 
	@BCD12 + ' - ' + DBO.FN_EDI_CODE_DESCRIPTION('BCD12',@BCD12) + ' ' + 
	@BCD13 + ' - ' + DBO.FN_EDI_CODE_DESCRIPTION('BCD13',@BCD13) + ': ' +  @BCD14 AS SUBJECT
FROM GNC_EDI_TRANSLATION EDI (NOLOCK) 
WHERE EDI.IDGROUP = @IDGROUP
]]></SqlQuery><Attributes><SqlLookupDefAttribute Name="IDGROUP" Type="1" Required="True" ColumnName="" /><SqlLookupDefAttribute Name="ST01" Type="1" Required="True" ColumnName="" /><SqlLookupDefAttribute Name="BCD01" Type="1" Required="True" ColumnName="" /><SqlLookupDefAttribute Name="BCD02" Type="1" Required="True" ColumnName="" /><SqlLookupDefAttribute Name="BCD03" Type="1" Required="True" ColumnName="" /><SqlLookupDefAttribute Name="BCD04" Type="1" Required="True" ColumnName="" /><SqlLookupDefAttribute Name="BCD05" Type="1" Required="True" ColumnName="" /><SqlLookupDefAttribute Name="BCD07" Type="1" Required="True" ColumnName="" /><SqlLookupDefAttribute Name="BCD10" Type="1" Required="True" ColumnName="" /><SqlLookupDefAttribute Name="BCD12" Type="1" Required="True" ColumnName="" /><SqlLookupDefAttribute Name="BCD13" Type="1" Required="True" ColumnName="" /><SqlLookupDefAttribute Name="BCD14" Type="1" Required="True" ColumnName="" /><SqlLookupDefAttribute Name="N902" Type="1" Required="True" ColumnName="" /><SqlLookupDefAttribute Name="SAC01" Type="1" Required="True" ColumnName="" /><SqlLookupDefAttribute Name="SAC02" Type="1" Required="True" ColumnName="" /><SqlLookupDefAttribute Name="SAC05" Type="1" Required="True" ColumnName="" /><SqlLookupDefAttribute Name="N102" Type="1" Required="True" ColumnName="" /><SqlLookupDefAttribute Name="N104" Type="1" Required="True" ColumnName="" /><SqlLookupDefAttribute Name="N301" Type="1" Required="True" ColumnName="" /><SqlLookupDefAttribute Name="N401" Type="1" Required="True" ColumnName="" /><SqlLookupDefAttribute Name="N402" Type="1" Required="True" ColumnName="" /><SqlLookupDefAttribute Name="N403" Type="1" Required="True" ColumnName="" /><SqlLookupDefAttribute Name="ROWID" Type="2" Required="True" ColumnName="ROWID" /></Attributes><Parameters><SqlLookupDefParameter Name="@IDGROUP" DataType="22" Length="10" ValueType="1"><![CDATA[IDGROUP]]></SqlLookupDefParameter><SqlLookupDefParameter Name="@ST01" DataType="22" Length="3" ValueType="1"><![CDATA[ST01]]></SqlLookupDefParameter><SqlLookupDefParameter Name="@BCD01" DataType="22" Length="8" ValueType="1"><![CDATA[BCD01]]></SqlLookupDefParameter><SqlLookupDefParameter Name="@BCD02" DataType="22" Length="22" ValueType="1"><![CDATA[BCD02]]></SqlLookupDefParameter><SqlLookupDefParameter Name="@BCD03" DataType="22" Length="2" ValueType="1"><![CDATA[BCD03]]></SqlLookupDefParameter><SqlLookupDefParameter Name="@BCD04" DataType="22" Length="15" ValueType="1"><![CDATA[BCD04]]></SqlLookupDefParameter><SqlLookupDefParameter Name="@BCD05" DataType="22" Length="1" ValueType="1"><![CDATA[BCD05]]></SqlLookupDefParameter><SqlLookupDefParameter Name="@BCD07" DataType="22" Length="20" ValueType="1"><![CDATA[BCD07]]></SqlLookupDefParameter><SqlLookupDefParameter Name="@BCD10" DataType="22" Length="50" ValueType="1"><![CDATA[BCD10]]></SqlLookupDefParameter><SqlLookupDefParameter Name="@BCD12" DataType="22" Length="2" ValueType="1"><![CDATA[BCD12]]></SqlLookupDefParameter><SqlLookupDefParameter Name="@BCD13" DataType="22" Length="3" ValueType="1"><![CDATA[BCD13]]></SqlLookupDefParameter><SqlLookupDefParameter Name="@BCD14" DataType="22" Length="50" ValueType="1"><![CDATA[BCD14]]></SqlLookupDefParameter><SqlLookupDefParameter Name="@N902" DataType="22" Length="50" ValueType="1"><![CDATA[N902]]></SqlLookupDefParameter><SqlLookupDefParameter Name="@SAC01" DataType="22" Length="1" ValueType="1"><![CDATA[SAC01]]></SqlLookupDefParameter><SqlLookupDefParameter Name="@SAC02" DataType="22" Length="4" ValueType="1"><![CDATA[SAC02]]></SqlLookupDefParameter><SqlLookupDefParameter Name="@SAC05" DataType="22" Length="15" ValueType="1"><![CDATA[SAC05]]></SqlLookupDefParameter><SqlLookupDefParameter Name="@N102" DataType="22" Length="60" ValueType="1"><![CDATA[N102]]></SqlLookupDefParameter><SqlLookupDefParameter Name="@N104" DataType="22" Length="20" ValueType="1"><![CDATA[N104]]></SqlLookupDefParameter><SqlLookupDefParameter Name="@N301" DataType="22" Length="35" ValueType="1"><![CDATA[N301]]></SqlLookupDefParameter><SqlLookupDefParameter Name="@N401" DataType="22" Length="20" ValueType="1"><![CDATA[N401]]></SqlLookupDefParameter><SqlLookupDefParameter Name="@N402" DataType="22" Length="2" ValueType="1"><![CDATA[N402]]></SqlLookupDefParameter><SqlLookupDefParameter Name="@N403" DataType="22" Length="10" ValueType="1"><![CDATA[N403]]></SqlLookupDefParameter></Parameters></SqlLookupDef>