<SqlLookupDef Name="EDI535_824_HEADER" Type="0" Version="1"><Description><![CDATA[Create Rural King 824 Header Record]]></Description><Comments><![CDATA[]]></Comments><FailMessage><![CDATA[FAILURE to Create: Rural King 824 Header Record]]></FailMessage><SqlQuery><![CDATA[--EDI535_824_HEADER (Create Rural King 824 Email Header Record)
/*
DECLARE
@IDGROUP VARCHAR(10)= '535'				,
@ST01	VARCHAR(3)	= '824'				,	--DOCTYPE
@BGN01  VARCHAR(2)	= '44'				,	--DOCACTION
@BGN02  VARCHAR(30)	= '10-45775'			,	--DOCNUMBER
@BGN03  VARCHAR(8)	= '20230214'			,	--DOCDATE
@BGN04  VARCHAR(8)	= '1335'				,	--DOCTIME
@OTI01  VARCHAR(2)	= 'TR'				,	--TRANSCODE
@OTI02  VARCHAR(3)	= 'IV'				,	--TRANSTYPE
@OTI03  VARCHAR(30)	= '10-45775'			,	--TRANSNUMBER
@OTI08  VARCHAR(9)	= '2'				,	--GSCNTRLNO
@OTI09  VARCHAR(9)	= '0002'				,	--STCNTRLNO
@TED01  VARCHAR(3)	= '024'				,	--ERRTYPE
@TED02  VARCHAR(60)	= 'Warning Error Code: E SegmentType: SAC'	--ERRMSG
*/
DECLARE @ROWID UNIQUEIDENTIFIER
SET @ROWID = NEWID() 

--POPULATE GNC_EDI_EMAILHEADER:
INSERT INTO GNC_EDI_EMAILHEADER 
SELECT 
	@ROWID AS ROWID, 
	GETDATE() AS CREATIONDATETIME, 
	'N' AS EMAILSENTFLAG, 
	@ST01 AS DOCTYPE, 
	EDI.IDGROUP, 
	EDI.WAREHOUSEID, 
	ISNULL	( 
				(SELECT TOP 1 TRANSACTIONNUMBER 
					FROM OMTRANSACTIONHEADER OH (NOLOCK) 
					WHERE OH.TRANSACTIONNUMBER = @BGN02), 
				(SELECT TOP 1 TRANSACTIONNUMBER 
					FROM OMTRANSACTIONHEADER OH (NOLOCK) 
					WHERE OH.PURCHASEORDERNUMBER = @BGN02 
					AND OH.RECORDTYPE = 'R'
					AND OH.TRANSACTIONTYPE = 'I') 
			) AS TRANSACTIONNUMBER, 
	ISNULL	( 
				(SELECT TOP 1 PURCHASEORDERNUMBER 
					FROM OMTRANSACTIONHEADER OH (NOLOCK) 
					WHERE OH.PURCHASEORDERNUMBER = @BGN02), 
				(SELECT TOP 1 PURCHASEORDERNUMBER 
					FROM OMTRANSACTIONHEADER OH (NOLOCK) 
					WHERE OH.TRANSACTIONNUMBER = @BGN02 
					AND OH.RECORDTYPE = 'R'
					AND OH.TRANSACTIONTYPE = 'I') 
			) AS PONUMBER, 
	ISNULL	( 
				(SELECT TOP 1 ICONS.USERDEFINEDREFERENCE_2 
					FROM OMTRANSACTIONHEADER OH (NOLOCK) 
					JOIN IDCONSIGNEE ICONS (NOLOCK) ON ICONS.R_IDENTITY = OH.R_SHIPPER 
					WHERE OH.TRANSACTIONNUMBER = @BGN02), 
				(SELECT TOP 1 ICONS.USERDEFINEDREFERENCE_2 
					FROM OMTRANSACTIONHEADER OH (NOLOCK) 
					JOIN IDCONSIGNEE ICONS (NOLOCK) ON ICONS.R_IDENTITY = OH.R_SHIPPER 
					WHERE OH.PURCHASEORDERNUMBER = @BGN02 
					AND OH.RECORDTYPE = 'R'
					AND OH.TRANSACTIONTYPE = 'I') 
			) AS STORENUMBER, 
	@BGN03 AS DATETIME, 
	@BGN01 + ' - ' + DBO.FN_EDI_CODE_DESCRIPTION('BGN01',@BGN01) AS ACTION, 
	@BGN02 AS REFERENCE, 
	@OTI01 + ' - ' + DBO.FN_EDI_CODE_DESCRIPTION('OTI01',@OTI01) AS RESULT, 
	@OTI02 + ' - ' + @OTI03 AS INDENTIFIERS, 
	@TED01 + ' - ' + @TED02 AS SUBJECT
FROM GNC_EDI_TRANSLATION EDI (NOLOCK) 
WHERE EDI.IDGROUP = @IDGROUP
]]></SqlQuery><Attributes><SqlLookupDefAttribute Name="IDGROUP" Type="1" Required="True" ColumnName="" /><SqlLookupDefAttribute Name="ST01" Type="1" Required="True" ColumnName="" /><SqlLookupDefAttribute Name="BGN01" Type="1" Required="True" ColumnName="" /><SqlLookupDefAttribute Name="BGN02" Type="1" Required="True" ColumnName="" /><SqlLookupDefAttribute Name="BGN03" Type="1" Required="True" ColumnName="" /><SqlLookupDefAttribute Name="BGN04" Type="1" Required="True" ColumnName="" /><SqlLookupDefAttribute Name="OTI01" Type="1" Required="True" ColumnName="" /><SqlLookupDefAttribute Name="OTI02" Type="1" Required="True" ColumnName="" /><SqlLookupDefAttribute Name="OTI03" Type="1" Required="True" ColumnName="" /><SqlLookupDefAttribute Name="OTI08" Type="1" Required="True" ColumnName="" /><SqlLookupDefAttribute Name="OTI09" Type="1" Required="True" ColumnName="" /><SqlLookupDefAttribute Name="TED01" Type="1" Required="True" ColumnName="" /><SqlLookupDefAttribute Name="TED02" Type="1" Required="True" ColumnName="" /><SqlLookupDefAttribute Name="ROWID" Type="2" Required="True" ColumnName="ROWID" /></Attributes><Parameters><SqlLookupDefParameter Name="@IDGROUP" DataType="22" Length="10" ValueType="1"><![CDATA[IDGROUP]]></SqlLookupDefParameter><SqlLookupDefParameter Name="@ST01" DataType="22" Length="3" ValueType="1"><![CDATA[ST01]]></SqlLookupDefParameter><SqlLookupDefParameter Name="@BGN01" DataType="22" Length="2" ValueType="1"><![CDATA[BGN01]]></SqlLookupDefParameter><SqlLookupDefParameter Name="@BGN02" DataType="22" Length="30" ValueType="1"><![CDATA[BGN02]]></SqlLookupDefParameter><SqlLookupDefParameter Name="@BGN03" DataType="22" Length="8" ValueType="1"><![CDATA[BGN03]]></SqlLookupDefParameter><SqlLookupDefParameter Name="@BGN04" DataType="22" Length="8" ValueType="1"><![CDATA[BGN04]]></SqlLookupDefParameter><SqlLookupDefParameter Name="@OTI01" DataType="22" Length="2" ValueType="1"><![CDATA[OTI01]]></SqlLookupDefParameter><SqlLookupDefParameter Name="@OTI02" DataType="22" Length="3" ValueType="1"><![CDATA[OTI02]]></SqlLookupDefParameter><SqlLookupDefParameter Name="@OTI03" DataType="22" Length="30" ValueType="1"><![CDATA[OTI03]]></SqlLookupDefParameter><SqlLookupDefParameter Name="@OTI08" DataType="22" Length="9" ValueType="1"><![CDATA[OTI08]]></SqlLookupDefParameter><SqlLookupDefParameter Name="@OTI09" DataType="22" Length="9" ValueType="1"><![CDATA[OTI09]]></SqlLookupDefParameter><SqlLookupDefParameter Name="@TED01" DataType="22" Length="3" ValueType="1"><![CDATA[TED01]]></SqlLookupDefParameter><SqlLookupDefParameter Name="@TED02" DataType="22" Length="60" ValueType="1"><![CDATA[TED02]]></SqlLookupDefParameter></Parameters></SqlLookupDef>