<SqlLookupDef Name="EDI535_824_DETAIL" Type="0" Version="1"><Description><![CDATA[Create Rural King 824 Email Detail Record]]></Description><Comments><![CDATA[]]></Comments><FailMessage><![CDATA[Failure to create Rural King 824 Email Detail Record]]></FailMessage><SqlQuery><![CDATA[--EDI535_824_DETAIL (Create Rural King 824 Email Detail Record)
/*
DECLARE 
@IDGROUP VARCHAR(10)= '535'			,
@ST01	VARCHAR(3)	= '824'			,	--DOCTYPE
@NTE01 VARCHAR(3)	= 'GEN'			,	--MSGTYPE
@NTE02 VARCHAR(80)	= 'ERRORMSG'		--MESSAGE
*/
DECLARE @REMAILHEADER VARCHAR(38)
SET @REMAILHEADER = (	SELECT TOP 1 ROWID 
			FROM GNC_EDI_EMAILHEADER (NOLOCK) 
			ORDER BY CREATIONDATETIME DESC)

DECLARE @TRANSACTIONNUMBER VARCHAR(20)
SET @TRANSACTIONNUMBER = (	SELECT TOP 1 TRANSACTIONNUMBER 
			FROM GNC_EDI_EMAILHEADER (NOLOCK) 
			ORDER BY CREATIONDATETIME DESC)

--SELECT @REMAILHEADER AS REMAILHEADER	-->TEST THE LOOKUPDEFINITION:

--POPULATE GNC_EDI_EMAILDETAIL:
INSERT INTO GNC_EDI_EMAILDETAIL 
SELECT 
	@REMAILHEADER AS R_EMAILHEADER, 
	@ST01 AS DOCTYPE, 
	@IDGROUP AS IDGROUP, 
	EDI.WAREHOUSEID AS WAREHOUSEID,
	@TRANSACTIONNUMBER AS TRANSACTIONUMBER, 
	(	SELECT OH.PURCHASEORDERNUMBER 
		FROM OMTRANSACTIONHEADER OH (NOLOCK) 
		WHERE OH.TRANSACTIONNUMBER = @TRANSACTIONNUMBER
		) AS PONUMBER, 
	(	SELECT ICONS.USERDEFINEDREFERENCE_2  
		FROM OMTRANSACTIONHEADER OH (NOLOCK) 
		JOIN IDCONSIGNEE ICONS (NOLOCK) ON ICONS.R_IDENTITY = OH.R_SHIPPER 
		WHERE OH.TRANSACTIONNUMBER = @TRANSACTIONNUMBER
		) AS STORENUMBER, 
	1 AS LINENUMBER,
	@NTE01 + ' - ' + @NTE02 AS DETAIL
FROM GNC_EDI_TRANSLATION EDI (NOLOCK) 
WHERE EDI.IDGROUP = @IDGROUP
]]></SqlQuery><Attributes><SqlLookupDefAttribute Name="IDGROUP" Type="1" Required="True" ColumnName="" /><SqlLookupDefAttribute Name="ST01" Type="1" Required="True" ColumnName="" /><SqlLookupDefAttribute Name="NTE01" Type="1" Required="True" ColumnName="" /><SqlLookupDefAttribute Name="NTE02" Type="1" Required="True" ColumnName="" /><SqlLookupDefAttribute Name="REMAILHEADER" Type="2" Required="True" ColumnName="REMAILHEADER" /></Attributes><Parameters><SqlLookupDefParameter Name="@IDGROUP" DataType="22" Length="10" ValueType="1"><![CDATA[IDGROUP]]></SqlLookupDefParameter><SqlLookupDefParameter Name="@ST01" DataType="22" Length="3" ValueType="1"><![CDATA[ST01]]></SqlLookupDefParameter><SqlLookupDefParameter Name="@NTE01" DataType="22" Length="3" ValueType="1"><![CDATA[NTE01]]></SqlLookupDefParameter><SqlLookupDefParameter Name="@NTE02" DataType="22" Length="80" ValueType="1"><![CDATA[NTE02]]></SqlLookupDefParameter></Parameters></SqlLookupDef>