<SqlLookupDef Name="ASCII_OMHDR_INSRT_V2" Type="2" Version="1"><Description><![CDATA[GET OM Transaction Header id | Line Number | item Code]]></Description><Comments><![CDATA[]]></Comments><FailMessage><![CDATA[Error finding Transaction header id or Item ]]></FailMessage><SqlQuery><![CDATA[
Declare  /*@VIOLATION Varchar(50),
        @POTYPE Varchar(20),
		@PORESERVENUMBER Varchar(30),
        @Companyid Char(2),
		@PROFILECODE Varchar(20),
		@ZONEOVERRIDE Varchar(20),	
		@WAREHOUSEID  Varchar(20),
		@CUSTOMERID  Varchar(20),	
		@CONSIGNEEID Varchar(20),	
		@PURCHASEORDERNUMBER Varchar(20),
		@POSTORENUMBER Varchar(50),	
		@POGLN Varchar(50),	
		@WORKORDER Varchar(50),	
		@SHIPNOTBEFOREDATE Varchar(50),	
		@SHIPNOTAFTERDATE Varchar(50),	
		@ORDEREDBY Varchar(50),
		@REQUESTDATE Varchar(50),	
		@REQUESTDATETYPE Varchar(10),	
		@ORDERSHIPPINGINSTRUCTIONS VARCHAR(8000),
		@ItemCode Varchar(20),
		@LineNumber INT,
*/

		@NEWID UNIQUEIDENTIFIER 
IF (ISNULL(@VIOLATION,'') <> '')
BEGIN
	RAISERROR('VIOLATION IS NOT NULL', 16, 1)
	RETURN
END
IF (ISNULL(@POTYPE,'') <> 'NEW')
BEGIN
	RAISERROR('PO TYPE IS NOT ''NEW''', 16, 1)
	RETURN
END
SELECT TOP 1 @NEWID = ROWID FROM OMTRANSACTIONHEADER WHERE USERDEFINEDREFERENCE_10 = @PORESERVENUMBER AND COMPANYID = @Companyid

IF (ISNULL(@NEWID, '') = '')
BEGIN
SET @NEWID = NEWID()

INSERT INTO OMTRANSACTIONHEADER (ROWID, CREATIONDATETIME, CREATIONUSERID, LASTUPDATEDATETIME, LASTUPDATEUSERID, R_PROFILE, COMPANYID, MODULE, R_CUSTOMER, TRANSACTIONTYPE, R_ZONEFREIGHTRATEOVERRIDE, R_FMSHIPPER, PURCHASEORDERNUMBER, USERDEFINEDREFERENCE_19, USERDEFINEDREFERENCE_20, USERDEFINEDREFERENCE_4, USERDEFINEDDATE_19, USERDEFINEDDATE_20, USERDEFINEDREFERENCE_3, SHIPPINGDATE, USERDEFINEDCODE_1, USERDEFINEDQUANTITY_1, USERDEFINEDREFERENCE_10, RECORDTYPE )
SELECT @NEWID, GETDATE(), 'sa', GETDATE(), 'sa', (SELECT ROWID FROM OMTRANSACTIONDP WHERE PROFILECODE = @PROFILECODE AND COMPANYID = @Companyid), @Companyid, 'OM', 
(SELECT ROWID FROM IDMASTER WHERE IDENTITYID = @CUSTOMERID AND COMPANYID = @Companyid), 'I', (SELECT ROWID FROM RTZONETABLECODES WHERE CODE = @ZONEOVERRIDE AND COMPANYID =  Companyid), (SELECT ROWID FROM IDMASTER WHERE IDENTITYID = @CUSTOMERID AND COMPANYID = @Companyid), @PURCHASEORDERNUMBER, @POSTORENUMBER, @POGLN, @WORKORDER, CAST(@SHIPNOTBEFOREDATE as datetime), CAST(@SHIPNOTAFTERDATE as datetime), @ORDEREDBY, CAST(@REQUESTDATE as datetime) , @REQUESTDATETYPE, @ORDERSHIPPINGINSTRUCTIONS, @PORESERVENUMBER, 'R'
END

Declare @ItemCodeRowID Varchar(38)


IF(ISNULL(@LineNumber, 0) = 0 AND ISNULL(@NEWID, '') <> '' )
BEGIN
SELECT @LineNumber = MAX(CAST(ISNULL(LINENUMBER, 0) AS Int)) + 1  FROM OMTRANSACTIONDETAIL
WHERE R_TRANSACTIONHEADER = @NEWID
END

Select TOP 1 @ItemCodeRowID  = IMITEM.RowID
FROM IMITEM
WHERE IMITEM.CompanyID = @Companyid
AND IMITEM.ITEMCODE = Trim(@ItemCode)

SELECT @NEWID AS OMHDRID, @ItemCodeRowID as ItemCodeRowID, @LineNumber AS LN
]]></SqlQuery><Attributes><SqlLookupDefAttribute Name="VIOLATION" Type="1" Required="True" ColumnName="" /><SqlLookupDefAttribute Name="POTYPE" Type="1" Required="True" ColumnName="" /><SqlLookupDefAttribute Name="PORESERVENUMBER" Type="1" Required="True" ColumnName="" /><SqlLookupDefAttribute Name="Companyid" Type="1" Required="True" ColumnName="" /><SqlLookupDefAttribute Name="PROFILECODE" Type="1" Required="True" ColumnName="" /><SqlLookupDefAttribute Name="ZONEOVERRIDE" Type="1" Required="True" ColumnName="" /><SqlLookupDefAttribute Name="WAREHOUSEID" Type="1" Required="True" ColumnName="" /><SqlLookupDefAttribute Name="CUSTOMERID" Type="1" Required="True" ColumnName="" /><SqlLookupDefAttribute Name="CONSIGNEEID" Type="1" Required="True" ColumnName="" /><SqlLookupDefAttribute Name="PURCHASEORDERNUMBER" Type="1" Required="True" ColumnName="" /><SqlLookupDefAttribute Name="POSTORENUMBER" Type="1" Required="True" ColumnName="" /><SqlLookupDefAttribute Name="POGLN" Type="1" Required="True" ColumnName="" /><SqlLookupDefAttribute Name="WORKORDER" Type="1" Required="True" ColumnName="" /><SqlLookupDefAttribute Name="SHIPNOTBEFOREDATE" Type="1" Required="True" ColumnName="" /><SqlLookupDefAttribute Name="SHIPNOTAFTERDATE" Type="1" Required="True" ColumnName="" /><SqlLookupDefAttribute Name="ORDEREDBY" Type="1" Required="True" ColumnName="" /><SqlLookupDefAttribute Name="REQUESTDATE" Type="1" Required="True" ColumnName="" /><SqlLookupDefAttribute Name="REQUESTDATETYPE" Type="1" Required="True" ColumnName="" /><SqlLookupDefAttribute Name="ORDERSHIPPINGINSTRUCTIONS" Type="1" Required="True" ColumnName="" /><SqlLookupDefAttribute Name="OMHDRID" Type="2" Required="True" ColumnName="OMHDRID" /><SqlLookupDefAttribute Name="ItemCode" Type="1" Required="True" ColumnName="" /><SqlLookupDefAttribute Name="LineNumber" Type="1" Required="True" ColumnName="" /><SqlLookupDefAttribute Name="LN" Type="2" Required="True" ColumnName="LN" /><SqlLookupDefAttribute Name="ItemCodeRowID" Type="2" Required="True" ColumnName="ItemCodeRowID" /></Attributes><Parameters><SqlLookupDefParameter Name="@VIOLATION" DataType="22" Length="50" ValueType="1"><![CDATA[VIOLATION]]></SqlLookupDefParameter><SqlLookupDefParameter Name="@POTYPE" DataType="22" Length="20" ValueType="1"><![CDATA[POTYPE]]></SqlLookupDefParameter><SqlLookupDefParameter Name="@PORESERVENUMBER" DataType="22" Length="30" ValueType="1"><![CDATA[PORESERVENUMBER]]></SqlLookupDefParameter><SqlLookupDefParameter Name="@Companyid" DataType="22" Length="2" ValueType="1"><![CDATA[Companyid]]></SqlLookupDefParameter><SqlLookupDefParameter Name="@PROFILECODE" DataType="22" Length="20" ValueType="1"><![CDATA[PROFILECODE]]></SqlLookupDefParameter><SqlLookupDefParameter Name="@ZONEOVERRIDE" DataType="22" Length="20" ValueType="1"><![CDATA[ZONEOVERRIDE]]></SqlLookupDefParameter><SqlLookupDefParameter Name="@WAREHOUSEID" DataType="22" Length="20" ValueType="1"><![CDATA[WAREHOUSEID]]></SqlLookupDefParameter><SqlLookupDefParameter Name="@CUSTOMERID" DataType="22" Length="20" ValueType="1"><![CDATA[CUSTOMERID]]></SqlLookupDefParameter><SqlLookupDefParameter Name="@CONSIGNEEID" DataType="22" Length="20" ValueType="1"><![CDATA[CONSIGNEEID]]></SqlLookupDefParameter><SqlLookupDefParameter Name="@PURCHASEORDERNUMBER" DataType="22" Length="50" ValueType="1"><![CDATA[PURCHASEORDERNUMBER]]></SqlLookupDefParameter><SqlLookupDefParameter Name="@POSTORENUMBER" DataType="22" Length="50" ValueType="1"><![CDATA[POSTORENUMBER]]></SqlLookupDefParameter><SqlLookupDefParameter Name="@POGLN" DataType="22" Length="50" ValueType="1"><![CDATA[POGLN]]></SqlLookupDefParameter><SqlLookupDefParameter Name="@WORKORDER" DataType="22" Length="50" ValueType="1"><![CDATA[WORKORDER]]></SqlLookupDefParameter><SqlLookupDefParameter Name="@SHIPNOTBEFOREDATE" DataType="22" Length="30" ValueType="1"><![CDATA[SHIPNOTBEFOREDATE]]></SqlLookupDefParameter><SqlLookupDefParameter Name="@SHIPNOTAFTERDATE" DataType="22" Length="30" ValueType="1"><![CDATA[SHIPNOTAFTERDATE]]></SqlLookupDefParameter><SqlLookupDefParameter Name="@ORDEREDBY" DataType="22" Length="50" ValueType="1"><![CDATA[ORDEREDBY]]></SqlLookupDefParameter><SqlLookupDefParameter Name="@REQUESTDATE" DataType="22" Length="30" ValueType="1"><![CDATA[REQUESTDATE]]></SqlLookupDefParameter><SqlLookupDefParameter Name="@REQUESTDATETYPE" DataType="22" Length="10" ValueType="1"><![CDATA[REQUESTDATETYPE]]></SqlLookupDefParameter><SqlLookupDefParameter Name="@ORDERSHIPPINGINSTRUCTIONS" DataType="22" Length="8000" ValueType="1"><![CDATA[ORDERSHIPPINGINSTRUCTIONS]]></SqlLookupDefParameter><SqlLookupDefParameter Name="@ItemCode" DataType="22" Length="38" ValueType="1"><![CDATA[ItemCode]]></SqlLookupDefParameter><SqlLookupDefParameter Name="@LineNumber" DataType="8" Length="0" ValueType="1"><![CDATA[LineNumber]]></SqlLookupDefParameter></Parameters></SqlLookupDef>