<EdiMapDef MessageID="RuralKing-850" MapDefVersion="1" MapTypeVersion="5010" Module="OM" Template="True" TranSet="850" Type="0"><Description><![CDATA[Rural King 850 - PO or Change PO]]></Description><Comments><![CDATA[]]></Comments><TopLevelInsightObject>OMTRANSACTION</TopLevelInsightObject><PostScript><![CDATA[]]></PostScript><Customer><![CDATA[10535]]></Customer><TradingPartner><![CDATA[Rural King]]></TradingPartner><InsightObjectMethod>0</InsightObjectMethod><EdiMsgGroups><EdiMsgGroup DefNodeID="21cf913a-3494-463b-bbdd-d6d70f95ed83" Name="HEADER" Repeats="False"><EdiSegmentCondition SegCode="BEG" /><SegmentGroups><Segment DefNodeID="818cb964-4342-404b-88cd-6c55ee776780" Name="BEG" Trailer="False"><EdiSegmentCondition SegCode="BEG" /></Segment><Segment DefNodeID="f774f785-1d3e-4d75-98c4-28003cdb9127" Name="DTM ShipNotBefore" Trailer="False"><EdiSegmentCondition SegCode="DTM"><ESCElements><ESCElement Element="1" SubElement="0">064</ESCElement></ESCElements></EdiSegmentCondition></Segment><Segment DefNodeID="fac5dcbf-ab62-460e-a0a3-6eea7ec7d710" Name="DTM ShipNotAfter" Trailer="False"><EdiSegmentCondition SegCode="DTM"><ESCElements><ESCElement Element="1" SubElement="0">063</ESCElement></ESCElements></EdiSegmentCondition></Segment><Segment DefNodeID="6cd5d19b-0b9a-42d6-b376-ef31c7e72c12" Name="TD5" Trailer="False"><EdiSegmentCondition SegCode="TD5" /></Segment><Segment DefNodeID="503d70a0-3083-4daa-a3ef-9c52f656451c" Name="MTX" Trailer="False"><EdiSegmentCondition SegCode="MTX" /></Segment><Segment DefNodeID="af2214eb-029c-4012-b0ce-22db913e2288" Name="N1 SF" Trailer="False"><EdiSegmentCondition SegCode="N1"><ESCElements><ESCElement Element="1" SubElement="0">SF</ESCElement></ESCElements></EdiSegmentCondition></Segment><Segment DefNodeID="627323aa-d595-4038-9535-a41387fddb5f" Name="N1 ST" Trailer="False"><EdiSegmentCondition SegCode="N1"><ESCElements><ESCElement Element="1" SubElement="0">ST</ESCElement></ESCElements></EdiSegmentCondition></Segment></SegmentGroups><Lookups><Lookup DefNodeID="db3fd3aa-5134-4ec5-bcd5-84f3452a06c3" Code="GNC_TERMS_ROWID" Version="1" Name="GNC_TERMS_ROWID(CO,CUST)"><LookupMappings><LMTarget DefNodeID="fd2c8e07-152e-4381-b644-dff5ce421cad" AttributeName="COMPANYID" Enabled="True" Required="False"><LMAlternatives><LMAlternative DefNodeID="3b238165-8972-4bde-9f39-0e20813abb12" Enabled="True"><LMSources><LMSource DefNodeID="9ba10e6a-5096-43bb-8a35-9e764ea99640" Type="8" Variable="CompanyID" /></LMSources></LMAlternative></LMAlternatives></LMTarget><LMTarget DefNodeID="b7c2e835-12a4-4ed3-a4a7-f30b8df8bdc9" AttributeName="CUSTOMERID" Enabled="True" Required="False"><LMAlternatives><LMAlternative DefNodeID="b9700e29-ba6a-45bf-a231-5b1033250afe" Enabled="True"><LMSources><LMSource DefNodeID="4903c7ae-3968-4903-98bc-b135d4f30e72" Type="8" Variable="CustomerID" /></LMSources></LMAlternative></LMAlternatives></LMTarget></LookupMappings></Lookup><Lookup DefNodeID="7fb6bd89-1735-48b5-bd29-8140301da200" Code="GNC_SALESREP_ROWID" Version="1" Name="GNC_SALESREP_ROWID(CO,CUST,STORE)"><LookupMappings><LMTarget DefNodeID="d0b14ce8-4440-4a1a-b4fc-3ae5a9cb8a00" AttributeName="COMPANYID" Enabled="True" Required="False"><LMAlternatives><LMAlternative DefNodeID="1d5c0bba-e88b-403f-b6a2-fe615c89ef34" Enabled="True"><LMSources><LMSource DefNodeID="82c3b8a8-64a3-4425-a980-4e470b953531" Type="8" Variable="CompanyID" /></LMSources></LMAlternative></LMAlternatives></LMTarget><LMTarget DefNodeID="498c8eca-3964-4bb7-8b9a-b86a0ec64ee7" AttributeName="CUSTOMERID" Enabled="True" Required="False"><LMAlternatives><LMAlternative DefNodeID="314c4daf-cc27-43a6-905c-ae99e6ae04cc" Enabled="True"><LMSources><LMSource DefNodeID="9552f376-8fbd-468f-bea1-8d76fcaf18fd" Type="8" Variable="CustomerID" /></LMSources></LMAlternative></LMAlternatives></LMTarget><LMTarget DefNodeID="5b346534-352b-4168-befc-e995cf37e5ff" AttributeName="STORENUMBER" Enabled="True" Required="False"><LMAlternatives><LMAlternative DefNodeID="ec03b072-0010-4daf-afdb-d572aaaaa15a" Enabled="True"><LMSources><LMSource DefNodeID="222067f7-a8f9-4845-862d-338433204a77" Type="2" MsgGroupName="HEADER" SegName="N1 ST" Element="4" SubElement="0" /></LMSources></LMAlternative></LMAlternatives></LMTarget></LookupMappings></Lookup><Lookup DefNodeID="d5da24b2-4cc0-44b4-a5a2-31cca8b6835f" Code="GNC_CONSIGNEE_ROWID" Version="1" Name="GNC_CONSIGNEE_ROWID(CO,CUST,STORE)"><LookupMappings><LMTarget DefNodeID="7b66146a-5e1f-4c37-875e-120a9fc02282" AttributeName="COMPANYID" Enabled="True" Required="False"><LMAlternatives><LMAlternative DefNodeID="d16b7d94-4e83-4c2d-aba2-0f23fa050d16" Enabled="True"><LMSources><LMSource DefNodeID="7af3aed9-2805-40f5-a855-2bcb5e566ad3" Type="8" Variable="CompanyID" /></LMSources></LMAlternative></LMAlternatives></LMTarget><LMTarget DefNodeID="3404d0b9-d121-49e2-81e5-daef72929b2d" AttributeName="CUSTOMERID" Enabled="True" Required="False"><LMAlternatives><LMAlternative DefNodeID="315cbc82-af76-4fb8-80b2-35587d021052" Enabled="True"><LMSources><LMSource DefNodeID="df48f208-b03d-4739-9b9f-aa248c03a2c4" Type="8" Variable="CustomerID" /></LMSources></LMAlternative></LMAlternatives></LMTarget><LMTarget DefNodeID="4e10cb64-6da4-4ca3-b915-52f0873eccb3" AttributeName="STORENUMBER" Enabled="True" Required="False"><LMAlternatives><LMAlternative DefNodeID="49da9e52-38f1-4f90-82af-f3d32046de8f" Enabled="True"><LMSources><LMSource DefNodeID="654a5424-bc52-40cf-9eab-30e3e95603b5" Type="2" MsgGroupName="HEADER" SegName="N1 ST" Element="4" SubElement="0" /></LMSources></LMAlternative></LMAlternatives></LMTarget></LookupMappings></Lookup><Lookup DefNodeID="b34388e1-46d6-45b4-bc4f-b2da92655ebd" Code="GNC_WAREHOUSE_ROWID" Version="1" Name="GNC_WAREHOUSE_ROWID(VENDOR)"><LookupMappings><LMTarget DefNodeID="6286a944-7b27-4fa8-97dd-df79099a30ed" AttributeName="VENDORNUMBER" Enabled="True" Required="False"><LMAlternatives><LMAlternative DefNodeID="10fcaf82-a5be-4b42-9de3-077ceda59e51" Enabled="True"><LMSources><LMSource DefNodeID="7d4a411f-e115-46fd-99ea-5b7be4c3aefd" Type="2" MsgGroupName="HEADER" SegName="N1 SF" Element="4" SubElement="0" /></LMSources></LMAlternative></LMAlternatives></LMTarget></LookupMappings></Lookup><Lookup DefNodeID="a13c3315-c920-459e-8ca9-1de200b8f88e" Code="GNC_RECORDTYPE" Version="1" Name="GNC_RECORDTYPE(BEG01)"><LookupMappings><LMTarget DefNodeID="8f39d6bc-978e-406c-bf90-5c5dcf3463f0" AttributeName="BEG01NEWCHANGE" Enabled="True" Required="False"><LMAlternatives><LMAlternative DefNodeID="ef48c833-b247-40b7-a803-24da18b0a4f8" Enabled="True"><LMSources><LMSource DefNodeID="7a8adc1e-e81a-4330-9a1a-8e29420958bb" Type="2" MsgGroupName="HEADER" SegName="BEG" Element="1" SubElement="0" /></LMSources></LMAlternative></LMAlternatives></LMTarget></LookupMappings></Lookup><Lookup DefNodeID="5feb0ae6-eaf1-4196-ad7f-8fb2f1340c47" Code="GNC_PO_TRANSNUMBER" Version="1" Name="GNC_PO_TRANSNUMBER(VENDOR,DEPT,PONUMBER)"><LookupMappings><LMTarget DefNodeID="a81aaa25-88d7-48cb-abe9-c7b32bc852d6" AttributeName="VENDORNUMBER" Enabled="True" Required="False"><LMAlternatives><LMAlternative DefNodeID="6705c4c4-cb86-45e9-ad1f-de6dfc53fc6a" Enabled="True"><LMSources><LMSource DefNodeID="1dd5c18b-62f8-40c1-9178-ba65907f40d8" Type="2" MsgGroupName="HEADER" SegName="N1 SF" Element="4" SubElement="0" /></LMSources></LMAlternative></LMAlternatives></LMTarget><LMTarget DefNodeID="38d2fa21-9978-4ed0-8545-5c13eb548930" AttributeName="DEPTNUMBER" Enabled="True" Required="False"><LMAlternatives><LMAlternative DefNodeID="72f87495-63c7-4c04-8629-6634c58f4cb4" Enabled="True"><LMSources><LMSource DefNodeID="722e5cc2-993b-4f13-8a0e-37ba171d21a6" Type="1"><![CDATA[]]></LMSource></LMSources></LMAlternative></LMAlternatives></LMTarget><LMTarget DefNodeID="292929ef-21c6-425a-8272-a204b3d87bb2" AttributeName="PONUMBER" Enabled="True" Required="False"><LMAlternatives><LMAlternative DefNodeID="3274c817-4bb4-4506-a18b-accb5595cc22" Enabled="True"><LMSources><LMSource DefNodeID="40b19962-bbd6-4d1f-a870-8b86f345ab58" Type="2" MsgGroupName="HEADER" SegName="BEG" Element="3" SubElement="0" /></LMSources></LMAlternative></LMAlternatives></LMTarget></LookupMappings></Lookup></Lookups><InsightObjects><InsightObject DefNodeID="bed586f0-6e9c-4d6f-9d32-aed15c19dd3b" Name="OMTRANSACTIONHEADER" ParentObjectName="" Operation="1" ProfileUsage="1"><IOMappings><IOMTarget DefNodeID="6eff6b44-5ad8-4115-8691-714e9b1ac500" ColumnName="ROWID" Enabled="True" Required="True" Hide="False" Append="False" Repeat="False"><IOMAlternatives><IOMAlternative DefNodeID="a2f3cb84-33c8-4411-9ca2-2aa36293317d" Enabled="True"><IOMSources><IOMSource DefNodeID="ae77d791-7ba2-45d8-868a-0fc02c1ac121" Type="8" Variable="RowID" /></IOMSources></IOMAlternative></IOMAlternatives></IOMTarget><IOMTarget DefNodeID="d029c334-faba-4455-baa3-c5fe6cbcb821" ColumnName="TRANSACTIONNUMBER" Enabled="True" Required="False" Hide="False" Append="False" Repeat="False"><IOMAlternatives><IOMAlternative DefNodeID="a68f3911-f852-4cf3-abfc-76db9b0b95dc" Enabled="True"><IOMSources><IOMSource DefNodeID="07b55f49-cf9b-4c6f-a467-8321879f8ea2" Type="4" MsgGroupName="HEADER" LookupCode="GNC_PO_TRANSNUMBER" LookupVersion="1" Attribute="TRANSACTIONNUMBER" /></IOMSources></IOMAlternative></IOMAlternatives></IOMTarget><IOMTarget DefNodeID="cea517fd-1482-4b02-a485-c384e62549ab" ColumnName="COMPANYID" Enabled="True" Required="True" Hide="False" Append="False" Repeat="False"><IOMAlternatives><IOMAlternative DefNodeID="2424b103-5f7d-4633-ba11-1ac38c48fba2" Enabled="True"><IOMSources><IOMSource DefNodeID="b2d8796b-c0ee-4566-9fcb-d521ea09ef97" Type="8" Variable="CompanyID" /></IOMSources></IOMAlternative></IOMAlternatives></IOMTarget><IOMTarget DefNodeID="92964a89-2e89-4975-b013-b73bed988ff9" ColumnName="MODULE" Enabled="True" Required="True" Hide="False" Append="False" Repeat="False"><IOMAlternatives><IOMAlternative DefNodeID="9b236e94-1c84-402c-ae23-3832221fe89f" Enabled="True"><IOMSources><IOMSource DefNodeID="1ffe9254-baf8-4432-a53f-83a1437e1023" Type="1"><![CDATA[OM]]></IOMSource></IOMSources></IOMAlternative></IOMAlternatives></IOMTarget><IOMTarget DefNodeID="365966ad-0c7c-4cd5-b0c0-9912ca4046d3" ColumnName="RECORDTYPE" Enabled="True" Required="True" Hide="False" Append="False" Repeat="False"><IOMAlternatives><IOMAlternative DefNodeID="21b9cc8f-4a93-4799-b438-3f1c94a6d48c" Enabled="False"><IOMSources><IOMSource DefNodeID="04047079-dda6-46a8-b69a-09e2ed377371" Type="2" MsgGroupName="HEADER" SegName="BEG" Element="1" SubElement="0"><Translation Code="RK850PO-BEG01-NEW/CH" Version="1" CanFail="False" Description="" /></IOMSource></IOMSources></IOMAlternative><IOMAlternative DefNodeID="fec44520-8dd5-4c1d-905e-82bfa5164ce8" Enabled="True"><IOMSources><IOMSource DefNodeID="523cba9b-3178-4c42-b3e2-676b99373379" Type="4" MsgGroupName="HEADER" LookupCode="GNC_RECORDTYPE" LookupVersion="1" Attribute="PORECORDTYPE" /></IOMSources></IOMAlternative></IOMAlternatives></IOMTarget><IOMTarget DefNodeID="2371d738-e32c-427d-9938-8d92c2e10531" ColumnName="R_PROFILE" Enabled="True" Required="True" Hide="False" Append="False" Repeat="False"><IOMAlternatives><IOMAlternative DefNodeID="de662c9f-bd7d-4264-ad59-f44b68673788" Enabled="True"><IOMSources><IOMSource DefNodeID="ad755b07-f8e7-4998-b9dc-ef8294912c75" Type="8" Variable="ProfileID" /></IOMSources></IOMAlternative></IOMAlternatives></IOMTarget><IOMTarget DefNodeID="12913804-a644-4914-b487-2944b99c3feb" ColumnName="R_CUSTOMER" Enabled="True" Required="True" Hide="False" Append="False" Repeat="False"><IOMAlternatives><IOMAlternative DefNodeID="95fc602c-55c8-470f-862c-ced9629211cf" Enabled="True"><IOMSources><IOMSource DefNodeID="e96856d0-b31e-4f73-aefc-6071b669e51c" Type="8" Variable="CustomerID" /></IOMSources></IOMAlternative></IOMAlternatives></IOMTarget><IOMTarget DefNodeID="688d079e-29de-420c-86e4-6c95c8a0ac8d" ColumnName="TRANSACTIONTYPE" Enabled="True" Required="True" Hide="False" Append="False" Repeat="False"><IOMAlternatives><IOMAlternative DefNodeID="a679c6ea-39fd-4cd6-b3b5-c119fc6e509a" Enabled="True"><IOMSources><IOMSource DefNodeID="efedc458-dd55-4d06-9a9d-c4f06f35c9d9" Type="1"><![CDATA[I]]></IOMSource></IOMSources></IOMAlternative></IOMAlternatives></IOMTarget><IOMTarget DefNodeID="8c72654d-0bad-475b-a870-6b5e946cf8e5" ColumnName="STATUS" Enabled="True" Required="True" Hide="False" Append="False" Repeat="False"><IOMAlternatives><IOMAlternative DefNodeID="506f5544-0bb2-488b-96fd-e074141be20c" Enabled="True"><IOMSources><IOMSource DefNodeID="9f21ce9c-b558-4acd-aef5-ce37e7baaae2" Type="1"><![CDATA[O]]></IOMSource></IOMSources></IOMAlternative></IOMAlternatives></IOMTarget><IOMTarget DefNodeID="6cc30d95-aa8d-4219-adfc-9035cd300093" ColumnName="STAGE" Enabled="True" Required="True" Hide="False" Append="False" Repeat="False"><IOMAlternatives><IOMAlternative DefNodeID="ccb62bbb-b5ba-4fbf-9d4c-af468dc0bed3" Enabled="True"><IOMSources><IOMSource DefNodeID="b4df606f-9b40-42fc-9a10-0f77baf119ae" Type="1"><![CDATA[F]]></IOMSource></IOMSources></IOMAlternative></IOMAlternatives></IOMTarget><IOMTarget DefNodeID="ab413afb-ae70-47ba-b530-1f279402ae21" ColumnName="TRANSACTIONORIGIN" Enabled="True" Required="True" Hide="False" Append="False" Repeat="False"><IOMAlternatives><IOMAlternative DefNodeID="45fb2d84-292c-486a-a7eb-8cd141ead3f8" Enabled="True"><IOMSources><IOMSource DefNodeID="12af4c63-d5ef-46d8-b1d2-77574b930c16" Type="1"><![CDATA[E]]></IOMSource></IOMSources></IOMAlternative></IOMAlternatives></IOMTarget><IOMTarget DefNodeID="82d8ff92-484e-426b-8053-7bca90309eb9" ColumnName="R_FMSHIPPER" Enabled="True" Required="True" Hide="False" Append="False" Repeat="False"><IOMAlternatives><IOMAlternative DefNodeID="56c7ab4d-6751-44a1-94c7-7b20db02fc4c" Enabled="True"><IOMSources><IOMSource DefNodeID="0d1a45ff-b7f6-413e-9077-172162111a45" Type="4" MsgGroupName="HEADER" LookupCode="GNC_WAREHOUSE_ROWID" LookupVersion="1" Attribute="WAREHOUSE_ROWID" /></IOMSources></IOMAlternative></IOMAlternatives></IOMTarget><IOMTarget DefNodeID="2b0f23fb-f130-4fca-9916-01f0b759eb80" ColumnName="R_SHIPPER" Enabled="True" Required="True" Hide="False" Append="False" Repeat="False"><IOMAlternatives><IOMAlternative DefNodeID="4750384a-74fb-48c7-9686-633c768b3ecc" Enabled="True"><IOMSources><IOMSource DefNodeID="e9a7d2a0-9f85-471b-9645-cd34d37edee7" Type="4" MsgGroupName="HEADER" LookupCode="GNC_CONSIGNEE_ROWID" LookupVersion="1" Attribute="CONSIGNEEROWID" /></IOMSources></IOMAlternative></IOMAlternatives></IOMTarget><IOMTarget DefNodeID="c1c03458-ebf5-47c1-956e-b7e29827bd2e" ColumnName="TRANSACTIONDATE" Enabled="True" Required="True" Hide="False" Append="False" Repeat="False"><IOMAlternatives><IOMAlternative DefNodeID="6e3cb87e-9df1-45ec-8452-cc56913b41ed" Enabled="True"><IOMSources><IOMSource DefNodeID="ecc6f7d7-6170-4e6d-ae2b-e65410d55506" Type="2" MsgGroupName="HEADER" SegName="BEG" Element="5" SubElement="0"><MapFunction Name="EdiDateToSQLDate" /></IOMSource></IOMSources></IOMAlternative></IOMAlternatives></IOMTarget><IOMTarget DefNodeID="c9627b92-1b31-4d6a-b257-485843c75bcd" ColumnName="SHIPPINGDATE" Enabled="True" Required="True" Hide="False" Append="False" Repeat="False"><IOMAlternatives><IOMAlternative DefNodeID="bcff14df-21c2-49f9-b41e-b9fc52712b26" Enabled="True"><IOMSources><IOMSource DefNodeID="ab3e937c-2a92-4dbe-bea7-53e34b1600fa" Type="2" MsgGroupName="HEADER" SegName="DTM ShipNotBefore" Element="2" SubElement="0"><MapFunction Name="EdiDateToSQLDate" /></IOMSource></IOMSources></IOMAlternative></IOMAlternatives></IOMTarget><IOMTarget DefNodeID="ee0a6190-edf1-4118-962a-4a1ab947d889" ColumnName="COMMENT" Enabled="True" Required="False" Hide="False" Append="False" Repeat="False"><IOMAlternatives><IOMAlternative DefNodeID="663e270d-eee1-411d-b898-25f8a43f54d6" Enabled="True"><IOMSources><IOMSource DefNodeID="fabf9a38-085b-4b14-86a3-108b261aa5da" Type="2" MsgGroupName="HEADER" SegName="TD5" Element="5" SubElement="0" /></IOMSources></IOMAlternative></IOMAlternatives></IOMTarget><IOMTarget DefNodeID="a847df33-894d-4b80-a675-782f92512a64" ColumnName="USERDEFINEDCOMMENT" Enabled="True" Required="False" Hide="False" Append="False" Repeat="False"><IOMAlternatives><IOMAlternative DefNodeID="0a5de21a-9757-4e62-9b2e-6e15c80c26a5" Enabled="True"><IOMSources><IOMSource DefNodeID="0724c9f2-ddc1-4b08-8451-db4474b583d7" Type="2" MsgGroupName="HEADER" SegName="MTX" Element="2" SubElement="0" /><IOMSource DefNodeID="b2b57587-43f0-4197-aa4a-0874866a19f9" Type="1"><![CDATA[\r\n]]></IOMSource><IOMSource DefNodeID="73ec9d22-aa76-4709-a81d-bab8f474b130" Type="2" MsgGroupName="HEADER" SegName="MTX" Element="3" SubElement="0" /></IOMSources></IOMAlternative></IOMAlternatives></IOMTarget><IOMTarget DefNodeID="51ccac76-9032-47fb-ba97-47f1e443b93d" ColumnName="USERDEFINEDDATE_19" Enabled="True" Required="False" Hide="False" Append="False" Repeat="False"><IOMAlternatives><IOMAlternative DefNodeID="45bd295e-79a0-4881-b383-d68cd634be05" Enabled="True"><IOMSources><IOMSource DefNodeID="aa8db613-a02f-4099-a4f5-50724e3ffb72" Type="2" MsgGroupName="HEADER" SegName="DTM ShipNotBefore" Element="2" SubElement="0"><MapFunction Name="EdiDateToSQLDate" /></IOMSource></IOMSources></IOMAlternative></IOMAlternatives></IOMTarget><IOMTarget DefNodeID="eeae0152-6209-4ac0-b276-680313cbf725" ColumnName="USERDEFINEDDATE_20" Enabled="True" Required="False" Hide="False" Append="False" Repeat="False"><IOMAlternatives><IOMAlternative DefNodeID="11faff07-ed0b-4621-bd6a-72da82b3c2b6" Enabled="True"><IOMSources><IOMSource DefNodeID="2a9e7c32-f343-46b4-afcb-04c70c96af48" Type="2" MsgGroupName="HEADER" SegName="DTM ShipNotAfter" Element="2" SubElement="0"><MapFunction Name="EdiDateToSQLDate" /></IOMSource></IOMSources></IOMAlternative></IOMAlternatives></IOMTarget><IOMTarget DefNodeID="f55360bd-c9db-48fc-a37e-9b82651c315b" ColumnName="USERDEFINEDREFERENCE_17" Enabled="True" Required="False" Hide="False" Append="False" Repeat="False"><IOMAlternatives><IOMAlternative DefNodeID="535b87fd-840b-409f-9e18-74fa1e69a0d0" Enabled="True"><IOMSources><IOMSource DefNodeID="a3fd8968-8af5-44ae-8622-19549b37a644" Type="2" MsgGroupName="HEADER" SegName="N1 SF" Element="4" SubElement="0" /></IOMSources></IOMAlternative></IOMAlternatives></IOMTarget><IOMTarget DefNodeID="abd7d224-2c79-445f-bc4f-724fb1471608" ColumnName="USERDEFINEDREFERENCE_19" Enabled="True" Required="False" Hide="False" Append="False" Repeat="False"><IOMAlternatives><IOMAlternative DefNodeID="9ec900f4-1062-4346-9cb7-6b094e44bf57" Enabled="True"><IOMSources><IOMSource DefNodeID="b01944e3-6bf4-4a6a-8218-c174b5d0f86c" Type="2" MsgGroupName="HEADER" SegName="N1 ST" Element="4" SubElement="0" /></IOMSources></IOMAlternative></IOMAlternatives></IOMTarget><IOMTarget DefNodeID="385c8d44-99c2-421f-8399-82367490f393" ColumnName="PURCHASEORDERNUMBER" Enabled="True" Required="False" Hide="False" Append="False" Repeat="False"><IOMAlternatives><IOMAlternative DefNodeID="d2890ce1-d3fa-47f7-acd6-b3bba87dc6ae" Enabled="True"><IOMSources><IOMSource DefNodeID="2a344076-23a6-41e9-a381-e35addd3948c" Type="2" MsgGroupName="HEADER" SegName="BEG" Element="3" SubElement="0" /></IOMSources></IOMAlternative></IOMAlternatives></IOMTarget><IOMTarget DefNodeID="407b690b-3117-42ac-a1a0-a709eeb8dce0" ColumnName="R_TERMS" Enabled="True" Required="False" Hide="False" Append="False" Repeat="False"><IOMAlternatives><IOMAlternative DefNodeID="2002427e-038e-479c-9f33-fe838e86dc3b" Enabled="True"><IOMSources><IOMSource DefNodeID="1da01f3e-d88d-4117-abcb-15c771753613" Type="4" MsgGroupName="HEADER" LookupCode="GNC_TERMS_ROWID" LookupVersion="1" Attribute="TERMSROWID" /></IOMSources></IOMAlternative></IOMAlternatives></IOMTarget><IOMTarget DefNodeID="5bad62be-bde9-4bb0-9f05-3c5be37e006e" ColumnName="R_SALESPERSON_1" Enabled="True" Required="False" Hide="False" Append="False" Repeat="False"><IOMAlternatives><IOMAlternative DefNodeID="f9ec3246-1a13-473b-9b18-d8401d60bdee" Enabled="True"><IOMSources><IOMSource DefNodeID="0ef730cd-f6cc-435f-8e6e-957f487bff8d" Type="4" MsgGroupName="HEADER" LookupCode="GNC_SALESREP_ROWID" LookupVersion="1" Attribute="SALESREP_ROWID" /></IOMSources></IOMAlternative></IOMAlternatives></IOMTarget></IOMappings></InsightObject></InsightObjects><EdiMsgGroup DefNodeID="815f86dd-90c5-4d12-9cb6-ce73f44b1bb6" Name="DETAIL" Repeats="False"><EdiSegmentCondition SegCode="PO1" /><SegmentGroups><Segment DefNodeID="73429320-953b-44f4-800d-28b312f7e567" Name="PO1" Trailer="False"><EdiSegmentCondition SegCode="PO1" /></Segment></SegmentGroups><Lookups><Lookup DefNodeID="f382f6b0-e0b8-4bf8-95b8-cfd16fb12b8a" Code="GNC_ITEM_ROWID" Version="1" Name="GNC_ITEM_ROWID(VENDOR,ITEMCODE)"><LookupMappings><LMTarget DefNodeID="fc72e927-18dc-423d-b80d-eba5c6498a2b" AttributeName="VENDORNUMBER" Enabled="True" Required="False"><LMAlternatives><LMAlternative DefNodeID="1f1eddd1-c196-4454-9e49-d33f4a8c3e82" Enabled="True"><LMSources><LMSource DefNodeID="8d1ce453-33cf-4ad7-b812-707e1816891a" Type="2" MsgGroupName="HEADER" SegName="N1 SF" Element="4" SubElement="0" /></LMSources></LMAlternative></LMAlternatives></LMTarget><LMTarget DefNodeID="3125cb9c-cd5d-4556-9bea-5081274ceae7" AttributeName="ITEMCODE" Enabled="True" Required="False"><LMAlternatives><LMAlternative DefNodeID="f0ea61c6-4af1-4e68-80e4-4ba727f933c4" Enabled="True"><LMSources><LMSource DefNodeID="c23259a8-1459-4435-9e4b-027e76d221b3" Type="2" MsgGroupName="DETAIL" SegName="PO1" Element="9" SubElement="0" /></LMSources></LMAlternative></LMAlternatives></LMTarget></LookupMappings></Lookup><Lookup DefNodeID="94098acb-cfe6-4047-92e6-2a955f2ed6ea" Code="GNC_UNITPRICE" Version="1" Name="GNC_UNITPRICE(CO,CUST,VENDOR,STORE,ITEMCODE)"><LookupMappings><LMTarget DefNodeID="5cb30533-bbee-474c-ae54-d52271d22a47" AttributeName="COMPANYID" Enabled="True" Required="False"><LMAlternatives><LMAlternative DefNodeID="6eee8624-85fb-45e2-843c-af60830494e7" Enabled="True"><LMSources><LMSource DefNodeID="d2ac57d1-ca26-4166-be2d-fb47009cbae0" Type="8" Variable="CompanyID" /></LMSources></LMAlternative></LMAlternatives></LMTarget><LMTarget DefNodeID="bc20fcc1-111d-4f97-a20a-a461b4396db6" AttributeName="CUSTOMERID" Enabled="True" Required="False"><LMAlternatives><LMAlternative DefNodeID="cc71b429-1f39-4b59-a0bf-516ad0c01dae" Enabled="True"><LMSources><LMSource DefNodeID="92c461b0-1a77-4115-a19c-faa50f5f4150" Type="8" Variable="CustomerID" /></LMSources></LMAlternative></LMAlternatives></LMTarget><LMTarget DefNodeID="59265f55-04be-46f0-937d-d977ec4ab509" AttributeName="VENDORNUMBER" Enabled="True" Required="False"><LMAlternatives><LMAlternative DefNodeID="bec0c777-4497-4922-82e8-c3ee6e84f733" Enabled="True"><LMSources><LMSource DefNodeID="e2a7d079-7be9-46f2-83cb-92ebb0603046" Type="2" MsgGroupName="HEADER" SegName="N1 SF" Element="4" SubElement="0" /></LMSources></LMAlternative></LMAlternatives></LMTarget><LMTarget DefNodeID="5feaad1c-c062-4d70-b6a8-9c123115116d" AttributeName="STORENUMBER" Enabled="True" Required="False"><LMAlternatives><LMAlternative DefNodeID="7b53c59c-91da-48a7-a6f7-222f21de5b16" Enabled="True"><LMSources><LMSource DefNodeID="4da47a9b-2341-4fbc-abe5-8ff01e861516" Type="2" MsgGroupName="HEADER" SegName="N1 ST" Element="4" SubElement="0" /></LMSources></LMAlternative></LMAlternatives></LMTarget><LMTarget DefNodeID="83333ef0-852a-449e-bb3d-e7b54b4c7209" AttributeName="ITEMCODE" Enabled="True" Required="False"><LMAlternatives><LMAlternative DefNodeID="2732dd57-dcd1-4637-aab0-e22b45c02d77" Enabled="True"><LMSources><LMSource DefNodeID="584466c3-35bf-464f-b9fe-db775a4df9d3" Type="2" MsgGroupName="DETAIL" SegName="PO1" Element="9" SubElement="0" /></LMSources></LMAlternative></LMAlternatives></LMTarget></LookupMappings></Lookup></Lookups><InsightObjects><InsightObject DefNodeID="bfc29f02-7892-4c83-bac1-98295bff80f7" Name="OMTRANSACTIONDETAIL" ParentObjectName="" Operation="1" ProfileUsage="1"><IOMappings><IOMTarget DefNodeID="85cd2f7c-91f5-47d4-ba08-3ae6c93eff6f" ColumnName="COMPANYID" Enabled="True" Required="True" Hide="False" Append="False" Repeat="False"><IOMAlternatives><IOMAlternative DefNodeID="09e66d28-dfe9-41aa-a97d-3cccacb205fe" Enabled="True"><IOMSources><IOMSource DefNodeID="8348577a-605c-47c4-9ad3-edd45a0c4c60" Type="8" Variable="CompanyID" /></IOMSources></IOMAlternative></IOMAlternatives></IOMTarget><IOMTarget DefNodeID="3a7b6849-088d-40f3-9289-f6d92e5f6407" ColumnName="ROWID" Enabled="True" Required="True" Hide="False" Append="False" Repeat="False"><IOMAlternatives><IOMAlternative DefNodeID="3779c886-051c-480a-b51a-1b5da9e9c8a6" Enabled="True"><IOMSources><IOMSource DefNodeID="b69fed99-0266-4ff3-bfa5-1964327056eb" Type="8" Variable="RowID" /></IOMSources></IOMAlternative></IOMAlternatives></IOMTarget><IOMTarget DefNodeID="6ece73e0-6527-44be-8541-5860cf9d957b" ColumnName="R_TRANSACTIONHEADER" Enabled="True" Required="True" Hide="False" Append="False" Repeat="False"><IOMAlternatives><IOMAlternative DefNodeID="01c41c54-596a-46e6-bf3c-2d3a85fc8670" Enabled="True"><IOMSources><IOMSource DefNodeID="1d5334ed-8108-4cbc-a988-7c91e1db00dd" Type="9" MsgGroupName="HEADER" InsObjName="OMTRANSACTIONHEADER" Attribute="ROWID" /></IOMSources></IOMAlternative></IOMAlternatives></IOMTarget><IOMTarget DefNodeID="8a189a4d-f44f-46ec-b9fb-39f8a995b734" ColumnName="MODULE" Enabled="True" Required="True" Hide="False" Append="False" Repeat="False"><IOMAlternatives><IOMAlternative DefNodeID="7a19e7f1-956a-400f-a856-bc5f7c491209" Enabled="True"><IOMSources><IOMSource DefNodeID="5d0c9f6b-9f2a-4dd3-957f-d853b5488e68" Type="9" MsgGroupName="HEADER" InsObjName="OMTRANSACTIONHEADER" Attribute="MODULE" /></IOMSources></IOMAlternative></IOMAlternatives></IOMTarget><IOMTarget DefNodeID="d937f817-5ce9-407c-860c-434d86080553" ColumnName="DETAILTYPE" Enabled="True" Required="True" Hide="False" Append="False" Repeat="False"><IOMAlternatives><IOMAlternative DefNodeID="7d1e851c-f0d9-4f51-848b-11aadc5b6f88" Enabled="True"><IOMSources><IOMSource DefNodeID="101477f5-e541-4919-87b2-0bafa31c51d1" Type="1"><![CDATA[I]]></IOMSource></IOMSources></IOMAlternative></IOMAlternatives></IOMTarget><IOMTarget DefNodeID="5c21195e-5423-4609-bb55-db791d900e26" ColumnName="RECORDTYPE" Enabled="True" Required="True" Hide="False" Append="False" Repeat="False"><IOMAlternatives><IOMAlternative DefNodeID="db27827e-4bb9-42a0-a698-8fa874223e56" Enabled="True"><IOMSources><IOMSource DefNodeID="a3d2e8f2-6276-4213-a379-07e71e20dc82" Type="1"><![CDATA[R]]></IOMSource></IOMSources></IOMAlternative></IOMAlternatives></IOMTarget><IOMTarget DefNodeID="618c760f-d149-425d-a460-34766bdf16ae" ColumnName="LINENUMBER" Enabled="True" Required="False" Hide="False" Append="False" Repeat="False"><IOMAlternatives><IOMAlternative DefNodeID="a20303d0-4734-43c6-afc0-4c83a01be702" Enabled="True"><IOMSources><IOMSource DefNodeID="cc53dece-63a7-4974-ac1b-0e1a8de2cf0f" Type="2" MsgGroupName="DETAIL" SegName="PO1" Element="1" SubElement="0" /></IOMSources></IOMAlternative></IOMAlternatives></IOMTarget><IOMTarget DefNodeID="5833f616-ba8b-4f3a-91b7-254884fd240e" ColumnName="QUANTITYORDERED" Enabled="True" Required="False" Hide="False" Append="False" Repeat="False"><IOMAlternatives><IOMAlternative DefNodeID="aa569f93-8598-4f50-a635-ec39c218cecc" Enabled="True"><IOMSources><IOMSource DefNodeID="62c7e851-cc70-4d24-8335-e731ad69a044" Type="2" MsgGroupName="DETAIL" SegName="PO1" Element="2" SubElement="0" /></IOMSources></IOMAlternative></IOMAlternatives></IOMTarget><IOMTarget DefNodeID="051b705f-4c8e-482c-af96-55708f48430d" ColumnName="USERDEFINEDQUANTITY_7" Enabled="True" Required="False" Hide="False" Append="False" Repeat="False"><IOMAlternatives><IOMAlternative DefNodeID="f6931d52-d565-4a93-ae5f-0ded107b4bcc" Enabled="True"><IOMSources><IOMSource DefNodeID="a60e4a39-60b7-4140-8922-9618840049da" Type="2" MsgGroupName="DETAIL" SegName="PO1" Element="2" SubElement="0" /></IOMSources></IOMAlternative></IOMAlternatives></IOMTarget><IOMTarget DefNodeID="679b497c-0a3b-4f21-a5cd-d2b90b8d2a33" ColumnName="UNITOFMEASURE" Enabled="True" Required="False" Hide="False" Append="False" Repeat="False"><IOMAlternatives><IOMAlternative DefNodeID="825397b5-be37-4345-a85b-091594754fd3" Enabled="False"><IOMSources><IOMSource DefNodeID="3774581f-baf4-4a2a-ad1b-212caa53af57" Type="1"><![CDATA[EA]]></IOMSource></IOMSources></IOMAlternative><IOMAlternative DefNodeID="6524c152-9007-41f1-bd16-5cb886dae581" Enabled="True"><IOMSources><IOMSource DefNodeID="f59ce3ab-e172-47ad-bbff-7d4cb88ec869" Type="2" MsgGroupName="DETAIL" SegName="PO1" Element="3" SubElement="0" /></IOMSources></IOMAlternative></IOMAlternatives></IOMTarget><IOMTarget DefNodeID="77c547d2-78e4-40dc-bbb9-6c63babb5224" ColumnName="UNITPRICE" Enabled="True" Required="False" Hide="False" Append="False" Repeat="False"><IOMAlternatives><IOMAlternative DefNodeID="e3a3c74d-c254-4ddc-ba6f-367ccbf967ee" Enabled="False"><IOMSources><IOMSource DefNodeID="f237d6b2-bbeb-4393-a5f9-0c557090ce46" Type="2" MsgGroupName="DETAIL" SegName="PO1" Element="4" SubElement="0" /></IOMSources></IOMAlternative><IOMAlternative DefNodeID="c2927a83-7c10-4af5-8775-7280db3ae58f" Enabled="True"><IOMSources><IOMSource DefNodeID="f19141d6-f701-4e91-a6af-f12796f33a7b" Type="4" MsgGroupName="DETAIL" LookupCode="GNC_UNITPRICE" LookupVersion="1" Attribute="UNITPRICE" /></IOMSources></IOMAlternative></IOMAlternatives></IOMTarget><IOMTarget DefNodeID="6dc00b4c-56d0-4c8a-95e2-94b5b1d3d954" ColumnName="AMOUNT" Enabled="False" Required="False" Hide="False" Append="False" Repeat="False"><IOMAlternatives><IOMAlternative DefNodeID="c4ff1269-16d6-4251-a5be-f6d39e015a33" Enabled="True"><IOMSources><IOMSource DefNodeID="8a2f7422-85d7-4e16-94c3-b15e4b048ef4" Type="1"><![CDATA[*]]></IOMSource></IOMSources></IOMAlternative></IOMAlternatives></IOMTarget><IOMTarget DefNodeID="5e07d147-8ebe-467a-8df1-7f533ea0ab6f" ColumnName="USERDEFINEDQUANTITY_8" Enabled="True" Required="False" Hide="False" Append="False" Repeat="False"><IOMAlternatives><IOMAlternative DefNodeID="322dda8a-5dca-45ce-92ad-a8a84bfcf0d1" Enabled="True"><IOMSources><IOMSource DefNodeID="0f389b9e-69c9-4266-ade5-e53f8a4b061f" Type="2" MsgGroupName="DETAIL" SegName="PO1" Element="4" SubElement="0" /></IOMSources></IOMAlternative></IOMAlternatives></IOMTarget><IOMTarget DefNodeID="8d9ef2f9-64c0-44d7-a7c1-54adeecc844d" ColumnName="USERDEFINEDQUANTITY_9" Enabled="True" Required="False" Hide="False" Append="False" Repeat="False"><IOMAlternatives><IOMAlternative DefNodeID="d5fdf19f-4fc9-42fd-9339-2525defeebd1" Enabled="True"><IOMSources><IOMSource DefNodeID="b80ec587-89f7-4afa-ae41-48cfdfd2e273" Type="2" MsgGroupName="DETAIL" SegName="PO1" Element="1" SubElement="0" /></IOMSources></IOMAlternative></IOMAlternatives></IOMTarget><IOMTarget DefNodeID="dd45ca43-522d-4301-a46a-28aa43077246" ColumnName="USERDEFINEDREFERENCE_10" Enabled="True" Required="False" Hide="False" Append="False" Repeat="False"><IOMAlternatives><IOMAlternative DefNodeID="027408ef-5edd-4b89-bd8b-7557d29681a7" Enabled="True"><IOMSources><IOMSource DefNodeID="c3dd8259-56db-4fe7-bd89-b896ceb8df65" Type="2" MsgGroupName="DETAIL" SegName="PO1" Element="7" SubElement="0" /></IOMSources></IOMAlternative></IOMAlternatives></IOMTarget><IOMTarget DefNodeID="c001581a-7ee9-4c4c-9067-206812f5c27a" ColumnName="R_ITEM" Enabled="True" Required="False" Hide="False" Append="False" Repeat="False"><IOMAlternatives><IOMAlternative DefNodeID="8c2df85d-7cef-485f-9437-f90f566c91f6" Enabled="True"><IOMSources><IOMSource DefNodeID="5cc98258-8670-4313-ab4c-5b53414f731d" Type="4" MsgGroupName="DETAIL" LookupCode="GNC_ITEM_ROWID" LookupVersion="1" Attribute="ITEM_ROWID" /></IOMSources></IOMAlternative></IOMAlternatives></IOMTarget></IOMappings></InsightObject></InsightObjects></EdiMsgGroup></EdiMsgGroup></EdiMsgGroups></EdiMapDef>