<EdiMapDef MessageID="AceHdwr-812" MapDefVersion="1" MapTypeVersion="5010" Module="OM" Template="True" TranSet="812" Type="0"><Description><![CDATA[AceHdwr-812 - Credit/Debit Adjustment]]></Description><Comments><![CDATA[]]></Comments><TopLevelInsightObject>OMTRANSACTION</TopLevelInsightObject><PostScript><![CDATA[]]></PostScript><Customer><![CDATA[]]></Customer><TradingPartner><![CDATA[Ace Hardware]]></TradingPartner><InsightObjectMethod>0</InsightObjectMethod><EdiMsgGroups><EdiMsgGroup DefNodeID="14b3b6ae-a6da-4fc3-985e-a2e8fa904087" Name="Header" Repeats="False"><EdiSegmentCondition SegCode="ST" /><SegmentGroups><Segment DefNodeID="b054bc7f-9e8d-4eb9-8bd1-59229c5a4418" Name="ST" Trailer="False"><EdiSegmentCondition SegCode="ST" /></Segment><Segment DefNodeID="24059dad-0f39-4dc9-b36d-88c7fde8efee" Name="BCD" Trailer="False"><EdiSegmentCondition SegCode="BCD" /></Segment><Segment DefNodeID="6fade345-430f-4e58-a5e5-6ad7764e2513" Name="CUR" Trailer="False"><EdiSegmentCondition SegCode="CUR" /></Segment><Segment DefNodeID="b1fe594c-ab33-4d4a-88c8-f17e70986578" Name="N9" Trailer="False"><EdiSegmentCondition SegCode="N9" /></Segment><Segment DefNodeID="c9f8d204-7542-48f2-b8c9-a85a84b66cf2" Name="ITD" Trailer="False"><EdiSegmentCondition SegCode="ITD" /></Segment><Segment DefNodeID="5947085d-60f0-475d-a271-7e1f46e44f5d" Name="SAC" Trailer="False"><EdiSegmentCondition SegCode="SAC" /></Segment><Segment DefNodeID="cf3526d6-9961-4ce4-8dbc-38734c413d01" Name="N1" Trailer="False"><EdiSegmentCondition SegCode="N1" /></Segment><Segment DefNodeID="6d849b72-e20a-4dec-90c1-796e44ab9949" Name="N3" Trailer="False"><EdiSegmentCondition SegCode="N3" /></Segment><Segment DefNodeID="68b44dc8-07e1-4001-a165-7cb6a05adb7e" Name="N4" Trailer="False"><EdiSegmentCondition SegCode="N4" /></Segment></SegmentGroups><Lookups><Lookup DefNodeID="f1070ec3-a92d-4500-a479-34767e49afb2" Code="EDI35_812_HEADER" Version="1" Name="Create Ace Hdwr 812 Email Header Record"><LookupMappings><LMTarget DefNodeID="5dd24ddd-bd4d-43fa-8086-f4dd1eff0cb7" AttributeName="IDGROUP" Enabled="True" Required="False"><LMAlternatives><LMAlternative DefNodeID="b7758198-ca8a-4ce3-a3a4-03cad2f07fb7" Enabled="True"><LMSources><LMSource DefNodeID="b4151994-f0b2-4dbc-a228-f9480453905d" Type="1"><![CDATA[35]]></LMSource></LMSources></LMAlternative></LMAlternatives></LMTarget><LMTarget DefNodeID="98194fbc-7dba-4d02-844a-8f37e8e212fd" AttributeName="ST01" Enabled="True" Required="False"><LMAlternatives><LMAlternative DefNodeID="81ec237c-2a67-40dc-830a-41a7e5bb7bbb" Enabled="True"><LMSources><LMSource DefNodeID="ba821994-192f-4ad9-b139-d374e153c044" Type="1"><![CDATA[812]]></LMSource></LMSources></LMAlternative></LMAlternatives></LMTarget><LMTarget DefNodeID="818528ef-bed2-4da5-a8be-cfde8aac890b" AttributeName="BCD01" Enabled="True" Required="False"><LMAlternatives><LMAlternative DefNodeID="8d4f9e36-fda8-4961-b959-370f3998d603" Enabled="True"><LMSources><LMSource DefNodeID="fffb6c2b-18ba-40cc-8c05-add157781257" Type="2" MsgGroupName="Header" SegName="BCD" Element="1" SubElement="0" /></LMSources></LMAlternative></LMAlternatives></LMTarget><LMTarget DefNodeID="a0d7bdc4-9b6a-47df-b375-e25cd3516652" AttributeName="BCD02" Enabled="True" Required="False"><LMAlternatives><LMAlternative DefNodeID="d5aec777-4af3-4777-ad65-7e4ec70a77ec" Enabled="True"><LMSources><LMSource DefNodeID="d5ac26e3-0d84-4df6-b2bd-3f58a363b032" Type="2" MsgGroupName="Header" SegName="BCD" Element="2" SubElement="0" /></LMSources></LMAlternative></LMAlternatives></LMTarget><LMTarget DefNodeID="0dc9b48a-0dee-4c4f-84ed-03fdc32d0f5e" AttributeName="BCD03" Enabled="True" Required="False"><LMAlternatives><LMAlternative DefNodeID="eef8da27-fdfe-4507-b7a5-3e6e68fdc3a0" Enabled="True"><LMSources><LMSource DefNodeID="9504873c-77c7-442b-b215-a841b86200d3" Type="2" MsgGroupName="Header" SegName="BCD" Element="3" SubElement="0" /></LMSources></LMAlternative></LMAlternatives></LMTarget><LMTarget DefNodeID="078411b6-bfa8-41f2-9ece-69f92e08d532" AttributeName="BCD04" Enabled="True" Required="False"><LMAlternatives><LMAlternative DefNodeID="64de923d-3ee4-43c7-902b-3d8bb3549096" Enabled="True"><LMSources><LMSource DefNodeID="996d1cff-c4cb-40d2-b4e3-fcee1b4ee4cb" Type="2" MsgGroupName="Header" SegName="BCD" Element="4" SubElement="0" /></LMSources></LMAlternative></LMAlternatives></LMTarget><LMTarget DefNodeID="9993879e-c3ee-4596-919d-54db721854bf" AttributeName="BCD05" Enabled="True" Required="False"><LMAlternatives><LMAlternative DefNodeID="9751155f-c291-44cf-89e4-2fffcbc486d4" Enabled="True"><LMSources><LMSource DefNodeID="1c7c4eff-f990-4587-b1e6-35f5b33ddf3b" Type="2" MsgGroupName="Header" SegName="BCD" Element="5" SubElement="0" /></LMSources></LMAlternative></LMAlternatives></LMTarget><LMTarget DefNodeID="b120aae0-fc81-4d25-a98a-c8742936b66f" AttributeName="BCD07" Enabled="True" Required="False"><LMAlternatives><LMAlternative DefNodeID="a2c4e303-26b7-48e1-8aae-254fc2bbc0e9" Enabled="True"><LMSources><LMSource DefNodeID="9b9c0d2b-1a41-42da-af38-ae741bd3f8d3" Type="2" MsgGroupName="Header" SegName="BCD" Element="7" SubElement="0" /></LMSources></LMAlternative></LMAlternatives></LMTarget><LMTarget DefNodeID="5c587ca6-1f11-41ec-b008-6027c09e3d01" AttributeName="BCD10" Enabled="True" Required="False"><LMAlternatives><LMAlternative DefNodeID="ded24c9e-43ba-4372-96bc-a6f51d1301d0" Enabled="True"><LMSources><LMSource DefNodeID="c2da6383-1161-4804-81e6-726b9f20c35c" Type="2" MsgGroupName="Header" SegName="BCD" Element="10" SubElement="0" /></LMSources></LMAlternative></LMAlternatives></LMTarget><LMTarget DefNodeID="76ebe909-e89f-4805-bda0-a78f3ca272c6" AttributeName="SAC01" Enabled="True" Required="False"><LMAlternatives><LMAlternative DefNodeID="1708d744-c6a6-4056-a71d-37b017c25d51" Enabled="True"><LMSources><LMSource DefNodeID="56a8a85b-4da2-4a59-971d-a132f3ceb17a" Type="2" MsgGroupName="Header" SegName="SAC" Element="1" SubElement="0" /></LMSources></LMAlternative></LMAlternatives></LMTarget><LMTarget DefNodeID="d9803e21-0479-42da-9d0a-d0595c2132b1" AttributeName="SAC02" Enabled="True" Required="False"><LMAlternatives><LMAlternative DefNodeID="945502ca-8c12-4671-9e9d-b97af13c4abd" Enabled="True"><LMSources><LMSource DefNodeID="df2e4bce-6ba3-4cbe-94fb-94e2fbc5eca2" Type="2" MsgGroupName="Header" SegName="SAC" Element="2" SubElement="0" /></LMSources></LMAlternative></LMAlternatives></LMTarget><LMTarget DefNodeID="1323709e-0c0a-4fb7-a23d-b96c2e25f73b" AttributeName="SAC05" Enabled="True" Required="False"><LMAlternatives><LMAlternative DefNodeID="ce23830a-2060-494b-b511-8463f0d1f468" Enabled="True"><LMSources><LMSource DefNodeID="d8bfa6c9-2ef2-45c8-b9f2-71c9826f8312" Type="2" MsgGroupName="Header" SegName="SAC" Element="5" SubElement="0" /></LMSources></LMAlternative></LMAlternatives></LMTarget><LMTarget DefNodeID="617901c8-67b5-43a4-8569-c23002c46481" AttributeName="N102" Enabled="True" Required="False"><LMAlternatives><LMAlternative DefNodeID="64c5b332-d9f4-4178-bcba-d25ad50310aa" Enabled="True"><LMSources><LMSource DefNodeID="f6ecf761-166a-4a38-861a-3d1a711b696a" Type="2" MsgGroupName="Header" SegName="N1" Element="2" SubElement="0" /></LMSources></LMAlternative></LMAlternatives></LMTarget><LMTarget DefNodeID="d305701d-d950-49d3-bad3-1608d44f5426" AttributeName="N301" Enabled="True" Required="False"><LMAlternatives><LMAlternative DefNodeID="3f3ed969-583b-4099-8439-63601f4a7bf9" Enabled="True"><LMSources><LMSource DefNodeID="e0b2db62-b83f-4cf2-9624-ebeaaed967a0" Type="2" MsgGroupName="Header" SegName="N3" Element="1" SubElement="0" /></LMSources></LMAlternative></LMAlternatives></LMTarget><LMTarget DefNodeID="aedd298c-30d1-4ce1-862d-a99cecb2e13a" AttributeName="N401" Enabled="True" Required="False"><LMAlternatives><LMAlternative DefNodeID="0729f6df-9074-4557-bb7b-ea26deeac602" Enabled="True"><LMSources><LMSource DefNodeID="0f30a67a-868e-405f-b9b9-30f85e16502e" Type="2" MsgGroupName="Header" SegName="N4" Element="1" SubElement="0" /></LMSources></LMAlternative></LMAlternatives></LMTarget><LMTarget DefNodeID="d9366417-e1e4-4b55-ad45-c2554276d1e7" AttributeName="N402" Enabled="True" Required="False"><LMAlternatives><LMAlternative DefNodeID="e1744a3d-0d00-45de-bb78-58a987bdfeb3" Enabled="True"><LMSources><LMSource DefNodeID="dc16706c-be68-4de2-96d8-7088b73913bc" Type="2" MsgGroupName="Header" SegName="N4" Element="2" SubElement="0" /></LMSources></LMAlternative></LMAlternatives></LMTarget><LMTarget DefNodeID="b21aaa54-2c2b-42b7-a112-64a80d56eda1" AttributeName="N403" Enabled="True" Required="False"><LMAlternatives><LMAlternative DefNodeID="94280410-c1f5-48df-ba69-7818f91f6606" Enabled="True"><LMSources><LMSource DefNodeID="9d5fe7c3-7ac4-4850-97cd-66f1501bb4f1" Type="2" MsgGroupName="Header" SegName="N4" Element="3" SubElement="0" /></LMSources></LMAlternative></LMAlternatives></LMTarget><LMTarget DefNodeID="72da9be7-32b4-46d5-bd51-b341c8058a02" AttributeName="N405" Enabled="True" Required="False"><LMAlternatives><LMAlternative DefNodeID="21672d09-e85a-4949-994a-840215d735de" Enabled="True"><LMSources><LMSource DefNodeID="6109d435-6a40-46e8-a67e-c2ffb41c6c38" Type="2" MsgGroupName="Header" SegName="N4" Element="5" SubElement="0" /></LMSources></LMAlternative></LMAlternatives></LMTarget></LookupMappings></Lookup></Lookups><InsightObjects><InsightObject DefNodeID="149c27d2-bb24-4bc9-9c69-c986d2f00ecf" Name="OMTRANSACTIONHEADER" ParentObjectName="" Operation="5" ProfileUsage="1"><IOMappings><IOMTarget DefNodeID="9239bcfc-1de0-4528-8faf-cfa96256f635" ColumnName="R_NOTIFYPARTY" Enabled="True" Required="False" Hide="False" Append="False" Repeat="False"><IOMAlternatives><IOMAlternative DefNodeID="e4d82088-a91e-48b4-bc0a-1c247be3b4a2" Enabled="True"><IOMSources><IOMSource DefNodeID="0881ee32-b964-46a8-a1f8-dea8982a1003" Type="4" MsgGroupName="Header" LookupCode="EDI35_812_HEADER" LookupVersion="1" Attribute="ROWID" /></IOMSources></IOMAlternative></IOMAlternatives></IOMTarget></IOMappings></InsightObject></InsightObjects><EdiMsgGroup DefNodeID="1517d441-5efb-43ed-a2b6-82c1c9d5c374" Name="Detail" Repeats="False"><EdiSegmentCondition SegCode="CDD" /><SegmentGroups><Segment DefNodeID="6debebb4-4e59-4243-b0f9-324e17c006c6" Name="CDD" Trailer="False"><EdiSegmentCondition SegCode="CDD" /></Segment><Segment DefNodeID="5e626906-adeb-4bd4-affd-67b4c4ccceb2" Name="LIN" Trailer="False"><EdiSegmentCondition SegCode="LIN" /></Segment><Segment DefNodeID="157751e9-c487-47a4-9e43-6d814bfd29ce" Name="N9" Trailer="False"><EdiSegmentCondition SegCode="N9" /></Segment><Segment DefNodeID="caf6d1ab-6f19-448a-99ad-baed3b28e668" Name="N9L1" Trailer="False"><EdiSegmentCondition SegCode="N9" /></Segment><Segment DefNodeID="cd58605a-45b5-4968-8623-9e6ae6080ff0" Name="SAC" Trailer="False"><EdiSegmentCondition SegCode="SAC" /></Segment></SegmentGroups><Lookups><Lookup DefNodeID="cdec5ad5-d4db-4cb8-baeb-0852f605844d" Code="EDI35_812_DETAIL" Version="1" Name="Create Ace Hdwr 812 Email Detail Record"><LookupMappings><LMTarget DefNodeID="ca619ba4-5f88-4198-8603-ee59ef4cf047" AttributeName="IDGROUP" Enabled="True" Required="False"><LMAlternatives><LMAlternative DefNodeID="7da3986c-079e-40bb-8b4a-5f55639f6d9b" Enabled="True"><LMSources><LMSource DefNodeID="accbdaef-1f6d-44b0-b0bd-aec59034af00" Type="1"><![CDATA[35]]></LMSource></LMSources></LMAlternative></LMAlternatives></LMTarget><LMTarget DefNodeID="ae0fdd16-5e3a-44a9-8ff5-d5e45aa54c78" AttributeName="ST01" Enabled="True" Required="False"><LMAlternatives><LMAlternative DefNodeID="5dea3cdb-2eb4-4516-a7a7-3e1764074d6f" Enabled="True"><LMSources><LMSource DefNodeID="90d5b9d0-ead0-49c3-8766-513526cab58d" Type="1"><![CDATA[812]]></LMSource></LMSources></LMAlternative></LMAlternatives></LMTarget><LMTarget DefNodeID="e6097678-833f-42fa-8371-45b674df57d2" AttributeName="CDD01" Enabled="True" Required="False"><LMAlternatives><LMAlternative DefNodeID="0a8006b0-ba56-4da0-8e4e-8dc09aeea390" Enabled="True"><LMSources><LMSource DefNodeID="88eefd31-4b60-4b65-bfc0-f37a538781f7" Type="2" MsgGroupName="Detail" SegName="CDD" Element="1" SubElement="0" /></LMSources></LMAlternative></LMAlternatives></LMTarget><LMTarget DefNodeID="d3fd0d25-1f4c-4d65-891a-eb024e86b93d" AttributeName="CDD02" Enabled="True" Required="False"><LMAlternatives><LMAlternative DefNodeID="9cde9c44-4dbd-4159-9d25-5a8a0c69a66f" Enabled="True"><LMSources><LMSource DefNodeID="2063a053-6bae-4b36-8721-6d59b7bcedc7" Type="2" MsgGroupName="Detail" SegName="CDD" Element="2" SubElement="0" /></LMSources></LMAlternative></LMAlternatives></LMTarget><LMTarget DefNodeID="3bdce42e-8b70-488b-b605-f3faa7a2b8f7" AttributeName="CDD07" Enabled="True" Required="False"><LMAlternatives><LMAlternative DefNodeID="1e3be87d-5490-4181-b84d-3922538c3ef8" Enabled="True"><LMSources><LMSource DefNodeID="de7b4d91-405e-4df4-904f-f6c5fcd37e20" Type="2" MsgGroupName="Detail" SegName="CDD" Element="7" SubElement="0" /></LMSources></LMAlternative></LMAlternatives></LMTarget><LMTarget DefNodeID="ea4c4ece-5aca-43e9-9a1f-a916376c5377" AttributeName="CDD11" Enabled="True" Required="False"><LMAlternatives><LMAlternative DefNodeID="5407aadc-8632-45e8-bd3e-8527c097730b" Enabled="True"><LMSources><LMSource DefNodeID="70193b7c-7064-46b5-90e4-9060d5898462" Type="2" MsgGroupName="Detail" SegName="CDD" Element="11" SubElement="0" /></LMSources></LMAlternative></LMAlternatives></LMTarget><LMTarget DefNodeID="70ff85a1-cd72-4c01-b69b-acade219a4c7" AttributeName="LIN01" Enabled="True" Required="False"><LMAlternatives><LMAlternative DefNodeID="99d63967-9cb4-4a14-ae34-5b5db74a335a" Enabled="True"><LMSources><LMSource DefNodeID="986cccbe-b179-47c9-ad08-79db2c262ef1" Type="2" MsgGroupName="Detail" SegName="LIN" Element="1" SubElement="0" /></LMSources></LMAlternative></LMAlternatives></LMTarget><LMTarget DefNodeID="fbd63907-8cd5-452c-8b48-b98368d85231" AttributeName="LIN03" Enabled="True" Required="False"><LMAlternatives><LMAlternative DefNodeID="76946c03-9c71-4487-9676-d9e4a29d1eb0" Enabled="True"><LMSources><LMSource DefNodeID="a80fddc1-2b4d-48a9-8727-bb8e6e7e6fe0" Type="2" MsgGroupName="Detail" SegName="LIN" Element="3" SubElement="0" /></LMSources></LMAlternative></LMAlternatives></LMTarget><LMTarget DefNodeID="1b31ea84-d8a6-4013-8776-a4aa64b87b39" AttributeName="LIN05" Enabled="True" Required="False"><LMAlternatives><LMAlternative DefNodeID="3e961822-e4a3-419f-a67d-e5a55eb95c35" Enabled="True"><LMSources><LMSource DefNodeID="9df384d9-7beb-4f18-a5da-2c627533a2b1" Type="2" MsgGroupName="Detail" SegName="LIN" Element="5" SubElement="0" /></LMSources></LMAlternative></LMAlternatives></LMTarget><LMTarget DefNodeID="d5897049-5f7a-4bed-9925-f115e95612b6" AttributeName="LIN07" Enabled="True" Required="False"><LMAlternatives><LMAlternative DefNodeID="1f2c1102-a02f-4ac3-adf0-8efb5673da82" Enabled="True"><LMSources><LMSource DefNodeID="e819d11b-4bb4-4715-9677-80348062119c" Type="2" MsgGroupName="Detail" SegName="LIN" Element="7" SubElement="0" /></LMSources></LMAlternative></LMAlternatives></LMTarget><LMTarget DefNodeID="0d17d231-91a9-4252-bb82-6ebf893e9394" AttributeName="N902" Enabled="True" Required="False"><LMAlternatives><LMAlternative DefNodeID="ef77468e-4b3a-4b93-a85c-c5d50a13f2dc" Enabled="True"><LMSources><LMSource DefNodeID="9c0411bc-61bd-4ea6-8c0d-062589c3e60b" Type="2" MsgGroupName="Detail" SegName="N9" Element="2" SubElement="0" /></LMSources></LMAlternative></LMAlternatives></LMTarget></LookupMappings></Lookup></Lookups><InsightObjects><InsightObject DefNodeID="2bcd6fd2-42ba-4fde-8a79-22a33f3f8bd7" Name="OMTRANSACTIONDETAIL" ParentObjectName="" Operation="5" ProfileUsage="1"><IOMappings><IOMTarget DefNodeID="c5ff0e6b-11be-465d-84e3-fac1fd8c8cdd" ColumnName="R_ORIGINALDETAIL" Enabled="True" Required="False" Hide="False" Append="False" Repeat="False"><IOMAlternatives><IOMAlternative DefNodeID="da6fb11e-0808-4e82-95cd-30e6efc5580b" Enabled="True"><IOMSources><IOMSource DefNodeID="4e96272e-badc-420d-82ed-09a7279b7c45" Type="4" MsgGroupName="Detail" LookupCode="EDI35_812_DETAIL" LookupVersion="1" Attribute="REMAILHEADER" /></IOMSources></IOMAlternative></IOMAlternatives></IOMTarget></IOMappings></InsightObject></InsightObjects></EdiMsgGroup></EdiMsgGroup></EdiMsgGroups></EdiMapDef>