<EdiExportMap MappingID="SiteOne-856" Version="1" TranSet="856" EdiVersion="4010" EdiStandard="X12" Template="True"><Description><![CDATA[856 Site One]]></Description><TranSet><TranSetNode Name="Header" Required="True"><Query><![CDATA[------------
--[HEADER]--
------------
SELECT	
	OH.INVOICEDATE, 
	--OH.TRANSACTIONDATE, 
	ISNULL(POH.TRANSACTIONDATE, OH.TRANSACTIONDATE) AS PODATE, 
	OH.SHIPPINGDATE, 
	OH.TRANSACTIONNUMBER, 
	OH.PURCHASEORDERNUMBER, 
	CASE 
		WHEN OH.TRANSACTIONTYPE = 'J' THEN 
			IIF(ISNULL(DBO.FN_ORDERVALUE(OH.ROWID,NULL),0) < 0, 'DR', 'CN')
		ELSE 'DI'
	END AS TRANSACTIONCODE, 
	WH.IDENTITYID AS WH, 
	CO.NAME AS COMPANYNAME, 
	ISNULL(OH.USERDEFINEDREFERENCE_17,(SELECT VENDOR FROM GNC_EDI_TRANSLATION (NOLOCK) WHERE WAREHOUSEID = WH.IDENTITYID AND IDGROUP = CUST.IDGROUP)) AS PO_VENDOR, 
	CUST.IDENTITYID AS CUSTID, 
	CUST.NAME AS CUSTNAME, 
	CONS.IDENTITYID AS CONSIGNEEID, 
	CONS.NAME AS CONSIGNEENAME, 
	ISNULL(OH.USERDEFINEDREFERENCE_19, ICONS.USERDEFINEDREFERENCE_2) AS PO_STORENUMBER, 
	ISNULL(OH.USERDEFINEDREFERENCE_20, ICONS.USERDEFINEDREFERENCE_6) AS GLNNUMBER, 
	HEADER.TDSAMT, HEADER.TOTAL, DETAIL.LINECOUNT 
FROM OMTRANSACTIONHEADER OH (NOLOCK) 
	LEFT JOIN OMTRANSACTIONHEADER POH (NOLOCK) ON POH.PURCHASEORDERNUMBER = OH.PURCHASEORDERNUMBER AND POH.RECORDTYPE = 'I' 
	JOIN IDMASTER WH (NOLOCK) ON WH.ROWID = OH.R_FMSHIPPER
	JOIN IDMASTER CUST (NOLOCK) ON CUST.ROWID = OH.R_CUSTOMER 
	JOIN IDCUSTOMER ICUST (NOLOCK) ON ICUST.R_IDENTITY = OH.R_CUSTOMER 
	JOIN IDMASTER CONS (NOLOCK) ON CONS.ROWID = OH.R_SHIPPER 
	JOIN IDCONSIGNEE ICONS (NOLOCK) ON ICONS.R_IDENTITY = CONS.ROWID 
	JOIN IDTYPESLINKS (NOLOCK) ON IDTYPESLINKS.R_IDENTITY = CONS.ROWID AND IDTYPESLINKS.IDTYPE = '02' 
	JOIN ABCOMPANY CO (NOLOCK) ON CO.COMPANYID = OH.COMPANYID
	LEFT JOIN	(	SELECT 
						OD.R_TRANSACTIONHEADER, 
						ROUND(SUM(ISNULL(OD.QUANTITYSHIPPED, 0) * 
							(	ISNULL(OD.UNITPRICE, 0) + 
								ISNULL(OD.HANDLINGCHARGEPERITEM,0) + 
								ISNULL(OD.TAGGINGCHARGEPERITEM,0) + 
								ISNULL(OD.FREIGHTRATEPERITEM,0) 
							) 
						),2) AS TDSAMT, 
						DBO.FN_ORDERVALUE(OD.R_TRANSACTIONHEADER, NULL) AS TOTAL
					FROM OMTRANSACTIONDETAIL OD (NOLOCK) 
					WHERE ISNULL(OD.QUANTITYSHIPPED,0) > 0 
					GROUP BY OD.R_TRANSACTIONHEADER 
				) AS HEADER ON HEADER.R_TRANSACTIONHEADER = OH.ROWID 
	LEFT JOIN	(	SELECT OD.R_TRANSACTIONHEADER, COUNT(*) AS LINECOUNT 
					FROM OMTRANSACTIONDETAIL OD (NOLOCK) 
					WHERE ISNULL(OD.QUANTITYSHIPPED,0) > 0 
					GROUP BY OD.R_TRANSACTIONHEADER 
				) AS DETAIL ON DETAIL.R_TRANSACTIONHEADER = OH.ROWID 
WHERE OH.ROWID = @ROWID AND OH.TRANSACTIONTYPE = 'I' AND OH.RECORDTYPE = 'Z' 
--AND ISNULL(ICUST.USERDEFINEDCODE_9,'') = 'Y'--EDI CUSTOMERS ONLY
]]></Query><Parameters><Parameter Name="@ROWID" Type="Guid" Length="0" SourceType="Variable"><![CDATA[SourceRowID]]></Parameter></Parameters><TranSetNodeItems><Segment Sequence="020" SegmentCode="BSN" Required="True" Enabled="True"><Description><![CDATA[Beginning Segment for Ship Notice]]></Description><MapAlternative Name="Default"><SegmentElements><Element Sequence="01" Required="True" Enabled="True" DataElement="353" DataType="ID" MinLength="2" MaxLength="2"><Description><![CDATA[Transaction Set Purpose Code]]></Description><Mappings><Mapping Enabled="True"><MappingSources><MappingSource Type="Literal"><SourceValue><![CDATA[00]]></SourceValue></MappingSource></MappingSources></Mapping></Mappings></Element><Element Sequence="02" Required="True" Enabled="True" DataElement="396" DataType="AN" MinLength="2" MaxLength="30"><Description><![CDATA[Shipment Identification]]></Description><Mappings><Mapping Enabled="True"><MappingSources><MappingSource Type="Column"><NodeLevel>Header</NodeLevel><SourceValue>PURCHASEORDERNUMBER</SourceValue></MappingSource></MappingSources></Mapping></Mappings></Element><Element Sequence="03" Required="True" Enabled="True" DataElement="373" DataType="DT" MinLength="8" MaxLength="8"><Description><![CDATA[Date]]></Description><Mappings><Mapping Enabled="True"><MappingSources><MappingSource Type="Column"><NodeLevel>Header</NodeLevel><SourceValue>INVOICEDATE</SourceValue><ExpMapFunction Name="EDIDate"><![CDATA[yyyyMMdd]]></ExpMapFunction></MappingSource></MappingSources></Mapping></Mappings></Element><Element Sequence="04" Required="True" Enabled="True" DataElement="337" DataType="TM" MinLength="4" MaxLength="8"><Description><![CDATA[Time]]></Description><Mappings><Mapping Enabled="True"><MappingSources><MappingSource Type="Column"><NodeLevel>Header</NodeLevel><SourceValue>INVOICEDATE</SourceValue><ExpMapFunction Name="EDITime"><![CDATA[HHmm]]></ExpMapFunction></MappingSource></MappingSources></Mapping></Mappings></Element></SegmentElements></MapAlternative></Segment><SegmentGroup Name="HL - 1" Enabled="True"><Segments><Segment Sequence="010" SegmentCode="HL " Required="True" Enabled="True"><Description><![CDATA[Hierarchical Level]]></Description><MapAlternative Name="Default"><SegmentElements><Element Sequence="01" Required="True" Enabled="True" DataElement="628" DataType="AN" MinLength="1" MaxLength="12"><Description><![CDATA[Hierarchical ID Number]]></Description><Mappings><Mapping Enabled="True"><MappingSources><MappingSource Type="Literal"><SourceValue><![CDATA[1]]></SourceValue></MappingSource></MappingSources></Mapping></Mappings></Element><Element Sequence="03" Required="True" Enabled="True" DataElement="735" DataType="ID" MinLength="1" MaxLength="2"><Description><![CDATA[Hierarchical Level Code]]></Description><Mappings><Mapping Enabled="True"><MappingSources><MappingSource Type="Literal"><SourceValue><![CDATA[S]]></SourceValue></MappingSource></MappingSources></Mapping></Mappings></Element><Element Sequence="04" Required="False" Enabled="True" DataElement="736" DataType="ID" MinLength="1" MaxLength="1"><Description><![CDATA[Hierarchical Child Code]]></Description><Mappings><Mapping Enabled="True"><MappingSources><MappingSource Type="Literal"><SourceValue><![CDATA[1]]></SourceValue></MappingSource></MappingSources></Mapping></Mappings></Element></SegmentElements></MapAlternative></Segment><Segment Sequence="120" SegmentCode="TD5" Required="False" Enabled="True"><Description><![CDATA[Carrier Details (Routing Sequence/Transit Time)]]></Description><MapAlternative Name="Default"><SegmentElements><Element Sequence="02" Required="False" Enabled="True" DataElement="66" DataType="ID" MinLength="1" MaxLength="2"><Description><![CDATA[Identification Code Qualifier]]></Description><Mappings><Mapping Enabled="True"><MappingSources><MappingSource Type="Literal"><SourceValue><![CDATA[54]]></SourceValue></MappingSource></MappingSources></Mapping></Mappings></Element><Element Sequence="03" Required="False" Enabled="True" DataElement="67" DataType="AN" MinLength="2" MaxLength="80"><Description><![CDATA[Identification Code]]></Description><Mappings><Mapping Enabled="True"><MappingSources><MappingSource Type="Column"><NodeLevel>Header</NodeLevel><SourceValue>WH</SourceValue></MappingSource></MappingSources></Mapping></Mappings></Element><Element Sequence="06" Required="False" Enabled="True" DataElement="368" DataType="ID" MinLength="2" MaxLength="2"><Description><![CDATA[Shipment/Order Status Code]]></Description><Mappings><Mapping Enabled="True"><MappingSources><MappingSource Type="Literal"><SourceValue><![CDATA[SH]]></SourceValue></MappingSource></MappingSources></Mapping></Mappings></Element></SegmentElements></MapAlternative></Segment><Segment Sequence="150" SegmentCode="REF" Required="False" Enabled="True"><Description><![CDATA[Reference Identification]]></Description><MapAlternative Name="Default"><SegmentElements><Element Sequence="01" Required="True" Enabled="True" DataElement="128" DataType="ID" MinLength="2" MaxLength="3"><Description><![CDATA[Reference Identification Qualifier]]></Description><Mappings><Mapping Enabled="True"><MappingSources><MappingSource Type="Literal"><SourceValue><![CDATA[BM]]></SourceValue></MappingSource></MappingSources></Mapping></Mappings></Element><Element Sequence="02" Required="False" Enabled="True" DataElement="127" DataType="AN" MinLength="1" MaxLength="30"><Description><![CDATA[Reference Identification]]></Description><Mappings><Mapping Enabled="True"><MappingSources><MappingSource Type="Column"><NodeLevel>Header</NodeLevel><SourceValue>TRANSACTIONNUMBER</SourceValue></MappingSource></MappingSources></Mapping></Mappings></Element></SegmentElements></MapAlternative></Segment><Segment Sequence="200" SegmentCode="DTM" Required="False" Enabled="True"><Description><![CDATA[Date/Time Reference]]></Description><MapAlternative Name="Default"><SegmentElements><Element Sequence="01" Required="True" Enabled="True" DataElement="374" DataType="ID" MinLength="3" MaxLength="3"><Description><![CDATA[Date/Time Qualifier]]></Description><Mappings><Mapping Enabled="True"><MappingSources><MappingSource Type="Literal"><SourceValue><![CDATA[011]]></SourceValue></MappingSource></MappingSources></Mapping></Mappings></Element><Element Sequence="02" Required="False" Enabled="True" DataElement="373" DataType="DT" MinLength="8" MaxLength="8"><Description><![CDATA[Date - Shipped]]></Description><Mappings><Mapping Enabled="True"><MappingSources><MappingSource Type="Column"><NodeLevel>Header</NodeLevel><SourceValue>INVOICEDATE</SourceValue><ExpMapFunction Name="EDIDate"><![CDATA[yyyyMMdd]]></ExpMapFunction></MappingSource></MappingSources></Mapping></Mappings></Element></SegmentElements></MapAlternative></Segment><Segment Sequence="200" SegmentCode="DTM" Required="False" Enabled="True"><Description><![CDATA[Date/Time Reference]]></Description><MapAlternative Name="Default"><SegmentElements><Element Sequence="01" Required="True" Enabled="True" DataElement="374" DataType="ID" MinLength="3" MaxLength="3"><Description><![CDATA[Date/Time Qualifier]]></Description><Mappings><Mapping Enabled="True"><MappingSources><MappingSource Type="Literal"><SourceValue><![CDATA[067]]></SourceValue></MappingSource></MappingSources></Mapping></Mappings></Element><Element Sequence="02" Required="False" Enabled="True" DataElement="373" DataType="DT" MinLength="8" MaxLength="8"><Description><![CDATA[Date - Delivery]]></Description><Mappings><Mapping Enabled="True"><MappingSources><MappingSource Type="Column"><NodeLevel>Header</NodeLevel><SourceValue>INVOICEDATE</SourceValue><ExpMapFunction Name="EDIDate"><![CDATA[yyyyMMdd]]></ExpMapFunction></MappingSource></MappingSources></Mapping></Mappings></Element></SegmentElements></MapAlternative></Segment></Segments></SegmentGroup><SegmentGroup Name="Name" Enabled="True"><Segments><Segment Sequence="220" SegmentCode="N1 " Required="False" Enabled="True"><Description><![CDATA[Name - ST]]></Description><MapAlternative Name="Default"><SegmentElements><Element Sequence="01" Required="True" Enabled="True" DataElement="98" DataType="ID" MinLength="2" MaxLength="3"><Description><![CDATA[Entity Identifier Code]]></Description><Mappings><Mapping Enabled="True"><MappingSources><MappingSource Type="Literal"><SourceValue><![CDATA[ST]]></SourceValue></MappingSource></MappingSources></Mapping></Mappings></Element><Element Sequence="02" Required="False" Enabled="True" DataElement="93" DataType="AN" MinLength="1" MaxLength="60"><Description><![CDATA[Name]]></Description><Mappings><Mapping Enabled="True"><MappingSources><MappingSource Type="Column"><NodeLevel>Header</NodeLevel><SourceValue>CONSIGNEENAME</SourceValue></MappingSource></MappingSources></Mapping></Mappings></Element><Element Sequence="03" Required="False" Enabled="True" DataElement="66" DataType="ID" MinLength="1" MaxLength="2"><Description><![CDATA[Identification Code Qualifier]]></Description><Mappings><Mapping Enabled="True"><MappingSources><MappingSource Type="Literal"><SourceValue><![CDATA[92]]></SourceValue></MappingSource></MappingSources></Mapping></Mappings></Element><Element Sequence="04" Required="False" Enabled="True" DataElement="67" DataType="AN" MinLength="2" MaxLength="80"><Description><![CDATA[Identification Code]]></Description><Mappings><Mapping Enabled="True"><MappingSources><MappingSource Type="Column"><NodeLevel>Header</NodeLevel><SourceValue>PO_STORENUMBER</SourceValue></MappingSource></MappingSources></Mapping></Mappings></Element></SegmentElements></MapAlternative></Segment><Segment Sequence="220" SegmentCode="N1 " Required="False" Enabled="True"><Description><![CDATA[Name - SF]]></Description><MapAlternative Name="Default"><SegmentElements><Element Sequence="01" Required="True" Enabled="True" DataElement="98" DataType="ID" MinLength="2" MaxLength="3"><Description><![CDATA[Entity Identifier Code]]></Description><Mappings><Mapping Enabled="True"><MappingSources><MappingSource Type="Literal"><SourceValue><![CDATA[SF]]></SourceValue></MappingSource></MappingSources></Mapping></Mappings></Element><Element Sequence="02" Required="False" Enabled="True" DataElement="93" DataType="AN" MinLength="1" MaxLength="60"><Description><![CDATA[Name]]></Description><Mappings><Mapping Enabled="True"><MappingSources><MappingSource Type="Column"><NodeLevel>Header</NodeLevel><SourceValue>COMPANYNAME</SourceValue></MappingSource></MappingSources></Mapping></Mappings></Element><Element Sequence="03" Required="False" Enabled="True" DataElement="66" DataType="ID" MinLength="1" MaxLength="2"><Description><![CDATA[Identification Code Qualifier]]></Description><Mappings><Mapping Enabled="True"><MappingSources><MappingSource Type="Literal"><SourceValue><![CDATA[1]]></SourceValue></MappingSource></MappingSources></Mapping></Mappings></Element><Element Sequence="04" Required="False" Enabled="True" DataElement="67" DataType="AN" MinLength="2" MaxLength="80"><Description><![CDATA[Identification Code]]></Description><Mappings><Mapping Enabled="True"><MappingSources><MappingSource Type="Literal"><SourceValue><![CDATA[32992778]]></SourceValue></MappingSource></MappingSources></Mapping></Mappings></Element></SegmentElements></MapAlternative></Segment></Segments></SegmentGroup><SegmentGroup Name="HL - 2" Enabled="True"><Segments><Segment Sequence="010" SegmentCode="HL " Required="True" Enabled="True"><Description><![CDATA[Hierarchical Level]]></Description><MapAlternative Name="Default"><SegmentElements><Element Sequence="01" Required="True" Enabled="True" DataElement="628" DataType="AN" MinLength="1" MaxLength="12"><Description><![CDATA[Hierarchical ID Number]]></Description><Mappings><Mapping Enabled="True"><MappingSources><MappingSource Type="Literal"><SourceValue><![CDATA[2]]></SourceValue></MappingSource></MappingSources></Mapping></Mappings></Element><Element Sequence="02" Required="False" Enabled="True" DataElement="734" DataType="AN" MinLength="1" MaxLength="12"><Description><![CDATA[Hierarchical Parent ID Number]]></Description><Mappings><Mapping Enabled="True"><MappingSources><MappingSource Type="Literal"><SourceValue><![CDATA[1]]></SourceValue></MappingSource></MappingSources></Mapping></Mappings></Element><Element Sequence="03" Required="True" Enabled="True" DataElement="735" DataType="ID" MinLength="1" MaxLength="2"><Description><![CDATA[Hierarchical Level Code]]></Description><Mappings><Mapping Enabled="True"><MappingSources><MappingSource Type="Literal"><SourceValue><![CDATA[O]]></SourceValue></MappingSource></MappingSources></Mapping></Mappings></Element></SegmentElements></MapAlternative></Segment><Segment Sequence="050" SegmentCode="PRF" Required="False" Enabled="True"><Description><![CDATA[Purchase Order Reference]]></Description><MapAlternative Name="Default"><SegmentElements><Element Sequence="01" Required="True" Enabled="True" DataElement="324" DataType="AN" MinLength="1" MaxLength="22"><Description><![CDATA[Purchase Order Number]]></Description><Mappings><Mapping Enabled="True"><MappingSources><MappingSource Type="Column"><NodeLevel>Header</NodeLevel><SourceValue>PURCHASEORDERNUMBER</SourceValue></MappingSource></MappingSources></Mapping></Mappings></Element></SegmentElements></MapAlternative></Segment></Segments></SegmentGroup><SegmentGroup Name="HL - 3" Enabled="True"><Segments><Segment Sequence="010" SegmentCode="HL " Required="True" Enabled="True"><Description><![CDATA[Hierarchical Level]]></Description><MapAlternative Name="Default"><SegmentElements><Element Sequence="01" Required="True" Enabled="True" DataElement="628" DataType="AN" MinLength="1" MaxLength="12"><Description><![CDATA[Hierarchical ID Number]]></Description><Mappings><Mapping Enabled="True"><MappingSources><MappingSource Type="Literal"><SourceValue><![CDATA[3]]></SourceValue></MappingSource></MappingSources></Mapping></Mappings></Element><Element Sequence="02" Required="False" Enabled="True" DataElement="734" DataType="AN" MinLength="1" MaxLength="12"><Description><![CDATA[Hierarchical Parent ID Number]]></Description><Mappings><Mapping Enabled="True"><MappingSources><MappingSource Type="Literal"><SourceValue><![CDATA[2]]></SourceValue></MappingSource></MappingSources></Mapping></Mappings></Element><Element Sequence="03" Required="True" Enabled="True" DataElement="735" DataType="ID" MinLength="1" MaxLength="2"><Description><![CDATA[Hierarchical Level Code]]></Description><Mappings><Mapping Enabled="True"><MappingSources><MappingSource Type="Literal"><SourceValue><![CDATA[T]]></SourceValue></MappingSource></MappingSources></Mapping></Mappings></Element></SegmentElements></MapAlternative></Segment><Segment Sequence="190" SegmentCode="MAN" Required="False" Enabled="True"><Description><![CDATA[Marks and Numbers]]></Description><MapAlternative Name="Default"><SegmentElements><Element Sequence="01" Required="True" Enabled="True" DataElement="88" DataType="ID" MinLength="1" MaxLength="2"><Description><![CDATA[Marks and Numbers Qualifier]]></Description><Mappings><Mapping Enabled="True"><MappingSources><MappingSource Type="Literal"><SourceValue><![CDATA[ZZ]]></SourceValue></MappingSource></MappingSources></Mapping></Mappings></Element><Element Sequence="02" Required="True" Enabled="True" DataElement="87" DataType="AN" MinLength="1" MaxLength="48"><Description><![CDATA[Marks and Numbers]]></Description><Mappings><Mapping Enabled="True"><MappingSources><MappingSource Type="Column"><NodeLevel>Header</NodeLevel><SourceValue>INVOICEDATE</SourceValue></MappingSource></MappingSources></Mapping></Mappings></Element></SegmentElements></MapAlternative></Segment></Segments></SegmentGroup><TranSetNode Name="Detail" Required="True"><Query><![CDATA[------------
--[DETAIL]--
------------
SELECT 
	ISNULL(POD.LINENUMBER,OD.LINENUMBER) AS LINENUMBER, 
	ITM.DESCRIPTION_1, 
	ITM.ITEMCODE, 
	OD.QUANTITYSHIPPED, 
	ISNULL(POD.UNITOFMEASURE, OD.UNITOFMEASURE) AS UNITOFMEASURE, 
	CAST(	ISNULL(OD.UNITPRICE, 0) + 
			ISNULL(OD.HANDLINGCHARGEPERITEM,0) + 
			ISNULL(OD.TAGGINGCHARGEPERITEM,0) + 
			ISNULL(OD.FREIGHTRATEPERITEM,0) 
		AS DECIMAL(15,2)) AS LANDEDPRICE, 
	PSD.ALTERNATESKU, 
	ITM.ITEMSUPCCODE 
FROM OMTRANSACTIONHEADER OH (NOLOCK)  
JOIN OMTRANSACTIONDETAIL OD (NOLOCK) ON OD.R_TRANSACTIONHEADER = OH.ROWID 
LEFT JOIN OMTRANSACTIONHEADER POH (NOLOCK) ON POH.PURCHASEORDERNUMBER = OH.PURCHASEORDERNUMBER AND POH.RECORDTYPE = 'I' 
LEFT JOIN OMTRANSACTIONDETAIL POD (NOLOCK) ON POD.R_TRANSACTIONHEADER = POH.ROWID AND POD.LINENUMBER = OD.LINENUMBER
JOIN IMITEM ITM (NOLOCK) ON ITM.ROWID = OD.R_ITEM 
JOIN IDMASTER WH (NOLOCK) ON WH.ROWID = OH.R_FMSHIPPER 
JOIN IDCUSTOMER ICUST (NOLOCK) ON ICUST.R_IDENTITY = OH.R_CUSTOMER 
JOIN IDCONSIGNEE ICONS (NOLOCK) ON ICONS.R_IDENTITY = OH.R_SHIPPER 
LEFT JOIN IDCONSIGNEESHIPPERZONE SZ (NOLOCK) ON SZ.R_CONSIGNEE = ICONS.R_IDENTITY AND SZ.R_SHIPPER = WH.ROWID 
LEFT JOIN IMPRICESCHEDULEHEADER PSH (NOLOCK) ON PSH.ROWID = ISNULL(SZ.R_PRICESCHEDULE, ICONS.R_PRICESCHEDULE) 
LEFT JOIN IMPRICESCHEDULEDETAIL PSD (NOLOCK) ON PSD.R_PRICESCHEDULEHEADER = PSH.ROWID AND PSD.R_ITEM = OD.R_ITEM AND PSD.EXPIRATIONDATE >= GETDATE() 
WHERE ISNULL(OD.QUANTITYSHIPPED,0) > 0 
AND OH.ROWID = @ROWID AND OH.TRANSACTIONTYPE = 'I' AND OH.RECORDTYPE = 'Z' 
--AND ISNULL(ICUST.USERDEFINEDCODE_9,'') = 'Y'--EDI CUSTOMERS ONLY
ORDER BY OD.KEYSEQUENCE 
]]></Query><Parameters><Parameter Name="@ROWID" Type="Guid" Length="0" SourceType="Variable"><![CDATA[SourceRowID]]></Parameter></Parameters><TranSetNodeItems><SegmentGroup Name="Baseline Item Data" Enabled="True"><Segments><Segment Sequence="010" SegmentCode="IT1" Required="False" Enabled="True"><Description><![CDATA[Baseline Item Data (Invoice)]]></Description><MapAlternative Name="Default"><SegmentElements><Element Sequence="01" Required="False" Enabled="True" DataElement="350" DataType="AN" MinLength="1" MaxLength="20"><Description><![CDATA[Assigned Identification]]></Description><Mappings><Mapping Enabled="True"><MappingSources><MappingSource Type="Column"><NodeLevel>Detail</NodeLevel><SourceValue>LINENUMBER</SourceValue></MappingSource></MappingSources></Mapping></Mappings></Element><Element Sequence="02" Required="False" Enabled="True" DataElement="358" DataType="R" MinLength="1" MaxLength="10"><Description><![CDATA[Quantity Invoiced]]></Description><Mappings><Mapping Enabled="True"><MappingSources><MappingSource Type="Column"><NodeLevel>Detail</NodeLevel><SourceValue>QUANTITYSHIPPED</SourceValue></MappingSource></MappingSources></Mapping></Mappings></Element><Element Sequence="03" Required="False" Enabled="True" DataElement="355" DataType="ID" MinLength="2" MaxLength="2"><Description><![CDATA[Unit or Basis for Measurement Code]]></Description><Mappings><Mapping Enabled="True"><MappingSources><MappingSource Type="Column"><NodeLevel>Detail</NodeLevel><SourceValue>UNITOFMEASURE</SourceValue></MappingSource></MappingSources></Mapping></Mappings></Element><Element Sequence="04" Required="False" Enabled="True" DataElement="212" DataType="R" MinLength="1" MaxLength="17"><Description><![CDATA[Unit Price]]></Description><Mappings><Mapping Enabled="True"><MappingSources><MappingSource Type="Column"><NodeLevel>Detail</NodeLevel><SourceValue>LANDEDPRICE</SourceValue></MappingSource></MappingSources></Mapping></Mappings></Element><Element Sequence="06" Required="False" Enabled="True" DataElement="235" DataType="ID" MinLength="2" MaxLength="2"><Description><![CDATA[Product/Service ID Qualifier]]></Description><Mappings><Mapping Enabled="True"><MappingSources><MappingSource Type="Literal"><SourceValue><![CDATA[BP]]></SourceValue></MappingSource></MappingSources></Mapping></Mappings></Element><Element Sequence="07" Required="False" Enabled="True" DataElement="234" DataType="AN" MinLength="1" MaxLength="48"><Description><![CDATA[Product/Service ID]]></Description><Mappings><Mapping Enabled="True"><MappingSources><MappingSource Type="Column"><NodeLevel>Detail</NodeLevel><SourceValue>ALTERNATESKU</SourceValue></MappingSource></MappingSources></Mapping></Mappings></Element><Element Sequence="08" Required="False" Enabled="True" DataElement="235" DataType="ID" MinLength="2" MaxLength="2"><Description><![CDATA[Product/Service ID Qualifier]]></Description><Mappings><Mapping Enabled="True"><MappingSources><MappingSource Type="Literal"><SourceValue><![CDATA[VP]]></SourceValue></MappingSource></MappingSources></Mapping></Mappings></Element><Element Sequence="09" Required="False" Enabled="True" DataElement="234" DataType="AN" MinLength="1" MaxLength="48"><Description><![CDATA[Product/Service ID]]></Description><Mappings><Mapping Enabled="True"><MappingSources><MappingSource Type="Column"><NodeLevel>Detail</NodeLevel><SourceValue>ITEMCODE</SourceValue></MappingSource></MappingSources></Mapping></Mappings></Element></SegmentElements></MapAlternative></Segment><Segment Sequence="060" SegmentCode="PID" Required="False" Enabled="True"><Description><![CDATA[Product/Item Description]]></Description><MapAlternative Name="Default"><SegmentElements><Element Sequence="01" Required="True" Enabled="True" DataElement="349" DataType="ID" MinLength="1" MaxLength="1"><Description><![CDATA[Item Description Type]]></Description><Mappings><Mapping Enabled="True"><MappingSources><MappingSource Type="Literal"><SourceValue><![CDATA[F]]></SourceValue></MappingSource></MappingSources></Mapping></Mappings></Element><Element Sequence="05" Required="False" Enabled="True" DataElement="352" DataType="AN" MinLength="1" MaxLength="80"><Description><![CDATA[Description]]></Description><Mappings><Mapping Enabled="True"><MappingSources><MappingSource Type="Column"><NodeLevel>Detail</NodeLevel><SourceValue>DESCRIPTION_1</SourceValue></MappingSource></MappingSources></Mapping></Mappings></Element></SegmentElements></MapAlternative></Segment></Segments></SegmentGroup><SegmentGroup Name="HL - 4" Enabled="True"><Segments><Segment Sequence="010" SegmentCode="HL " Required="True" Enabled="True"><Description><![CDATA[Hierarchical Level]]></Description><MapAlternative Name="Default"><SegmentElements><Element Sequence="01" Required="True" Enabled="True" DataElement="628" DataType="AN" MinLength="1" MaxLength="12"><Description><![CDATA[Hierarchical ID Number]]></Description><Mappings><Mapping Enabled="True"><MappingSources><MappingSource Type="Literal"><SourceValue><![CDATA[4]]></SourceValue></MappingSource></MappingSources></Mapping></Mappings></Element><Element Sequence="02" Required="False" Enabled="True" DataElement="734" DataType="AN" MinLength="1" MaxLength="12"><Description><![CDATA[Hierarchical Parent ID Number]]></Description><Mappings><Mapping Enabled="True"><MappingSources><MappingSource Type="Literal"><SourceValue><![CDATA[3]]></SourceValue></MappingSource></MappingSources></Mapping></Mappings></Element><Element Sequence="03" Required="True" Enabled="True" DataElement="735" DataType="ID" MinLength="1" MaxLength="2"><Description><![CDATA[Hierarchical Level Code]]></Description><Mappings><Mapping Enabled="True"><MappingSources><MappingSource Type="Literal"><SourceValue><![CDATA[I]]></SourceValue></MappingSource></MappingSources></Mapping></Mappings></Element></SegmentElements></MapAlternative></Segment><Segment Sequence="020" SegmentCode="LIN" Required="False" Enabled="True"><Description><![CDATA[Item Identification]]></Description><MapAlternative Name="Default"><SegmentElements><Element Sequence="01" Required="False" Enabled="True" DataElement="350" DataType="AN" MinLength="1" MaxLength="20"><Description><![CDATA[Assigned Identification]]></Description><Mappings><Mapping Enabled="True"><MappingSources><MappingSource Type="Column"><NodeLevel>Detail</NodeLevel><SourceValue>LINENUMBER</SourceValue></MappingSource></MappingSources></Mapping></Mappings></Element><Element Sequence="02" Required="True" Enabled="True" DataElement="235" DataType="ID" MinLength="2" MaxLength="2"><Description><![CDATA[Product/Service ID Qualifier]]></Description><Mappings><Mapping Enabled="True"><MappingSources><MappingSource Type="Literal"><SourceValue><![CDATA[VP]]></SourceValue></MappingSource></MappingSources></Mapping></Mappings></Element><Element Sequence="03" Required="True" Enabled="True" DataElement="234" DataType="AN" MinLength="1" MaxLength="48"><Description><![CDATA[Product/Service ID]]></Description><Mappings><Mapping Enabled="True"><MappingSources><MappingSource Type="Column"><NodeLevel>Detail</NodeLevel><SourceValue>ITEMCODE</SourceValue></MappingSource></MappingSources></Mapping></Mappings></Element><Element Sequence="04" Required="False" Enabled="True" DataElement="235" DataType="ID" MinLength="2" MaxLength="2"><Description><![CDATA[Product/Service ID Qualifier]]></Description><Mappings><Mapping Enabled="True"><MappingSources><MappingSource Type="Literal"><SourceValue><![CDATA[BP]]></SourceValue></MappingSource></MappingSources></Mapping></Mappings></Element><Element Sequence="05" Required="False" Enabled="True" DataElement="234" DataType="AN" MinLength="1" MaxLength="48"><Description><![CDATA[Product/Service ID]]></Description><Mappings><Mapping Enabled="True"><MappingSources><MappingSource Type="Column"><NodeLevel>Detail</NodeLevel><SourceValue>ALTERNATESKU</SourceValue></MappingSource></MappingSources></Mapping></Mappings></Element></SegmentElements></MapAlternative></Segment><Segment Sequence="030" SegmentCode="SN1" Required="False" Enabled="True"><Description><![CDATA[Item Detail (Shipment)]]></Description><MapAlternative Name="Default"><SegmentElements><Element Sequence="02" Required="True" Enabled="True" DataElement="382" DataType="R" MinLength="1" MaxLength="10"><Description><![CDATA[Number of Units Shipped]]></Description><Mappings><Mapping Enabled="True"><MappingSources><MappingSource Type="Column"><NodeLevel>Detail</NodeLevel><SourceValue>QUANTITYSHIPPED</SourceValue></MappingSource></MappingSources></Mapping></Mappings></Element><Element Sequence="03" Required="True" Enabled="True" DataElement="355" DataType="ID" MinLength="2" MaxLength="2"><Description><![CDATA[Unit or Basis for Measurement Code]]></Description><Mappings><Mapping Enabled="True"><MappingSources><MappingSource Type="Column"><NodeLevel>Detail</NodeLevel><SourceValue>UNITOFMEASURE</SourceValue></MappingSource></MappingSources></Mapping></Mappings></Element><Element Sequence="08" Required="False" Enabled="True" DataElement="668" DataType="ID" MinLength="2" MaxLength="2"><Description><![CDATA[Line Item Status Code]]></Description><Mappings><Mapping Enabled="True"><MappingSources><MappingSource Type="Literal"><SourceValue><![CDATA[AC]]></SourceValue></MappingSource></MappingSources></Mapping></Mappings></Element></SegmentElements></MapAlternative></Segment><Segment Sequence="070" SegmentCode="PID" Required="False" Enabled="True"><Description><![CDATA[Product/Item Description]]></Description><MapAlternative Name="Default"><SegmentElements><Element Sequence="01" Required="True" Enabled="True" DataElement="349" DataType="ID" MinLength="1" MaxLength="1"><Description><![CDATA[Item Description Type]]></Description><Mappings><Mapping Enabled="True"><MappingSources><MappingSource Type="Literal"><SourceValue><![CDATA[F]]></SourceValue></MappingSource></MappingSources></Mapping></Mappings></Element><Element Sequence="05" Required="False" Enabled="True" DataElement="352" DataType="AN" MinLength="1" MaxLength="80"><Description><![CDATA[Description]]></Description><Mappings><Mapping Enabled="True"><MappingSources><MappingSource Type="Column"><NodeLevel>Detail</NodeLevel><SourceValue>DESCRIPTION_1</SourceValue></MappingSource></MappingSources></Mapping></Mappings></Element></SegmentElements></MapAlternative></Segment></Segments></SegmentGroup></TranSetNodeItems></TranSetNode><Segment Sequence="070" SegmentCode="CTT" Required="False" Enabled="True"><Description><![CDATA[Transaction Totals]]></Description><MapAlternative Name="Default"><SegmentElements><Element Sequence="01" Required="True" Enabled="True" DataElement="354" DataType="N0" MinLength="1" MaxLength="6"><Description><![CDATA[Number of Line Items]]></Description><Mappings><Mapping Enabled="True"><MappingSources><MappingSource Type="Column"><NodeLevel>Header</NodeLevel><SourceValue>LINECOUNT</SourceValue></MappingSource></MappingSources></Mapping></Mappings></Element></SegmentElements></MapAlternative></Segment></TranSetNodeItems></TranSetNode></TranSet></EdiExportMap>