<AscImportMap MappingID="ASCII_GNC_OM_Import" Version="1" Template="True" ParseType="2" RecordLength="0" VarDelimType="0" VarFixedLength="0" VarVarLength="0" RemoveQuotes="True" CriteriaType="1" PreProcessor="0"><TopLevelInsightObject>OMTRANSACTION</TopLevelInsightObject><Description><![CDATA[ASCII OM Import for GNC]]></Description><Comments><![CDATA[]]></Comments><VarDelimiter><![CDATA[]]></VarDelimiter><FieldDelimiter><![CDATA[,]]></FieldDelimiter><RecordDelimiter><![CDATA[
]]></RecordDelimiter><AscImportMapNode DefNodeID="753aa3db-4198-41d5-8a4d-a8838d2c7de9" Name="Header"><AscImpMapRecords><AscImpMapRecord DefNodeID="c4c955d3-9d35-47ea-8480-c52c182332ba" Name="Header" Trailer="False"><RecordFields><Field DefNodeID="81bf1666-1638-4d08-b44a-246ad1d4306a" Name="VIOLATION" Index="1" Start="0" Length="0" /><Field DefNodeID="8015d598-b056-4a21-935f-be4cf8b88443" Name="PO_POTYPE" Index="2" Start="0" Length="0" /><Field DefNodeID="8b125b7a-9586-43b5-a4b0-706932c5e200" Name="PO_RESERVENUMBER" Index="3" Start="0" Length="0" /><Field DefNodeID="12388134-eb06-43ed-a306-2269b928c0ee" Name="IMPORTEDAS" Index="4" Start="0" Length="0" /><Field DefNodeID="588a79fb-8d14-4740-a417-ea60fbd6b19e" Name="PROFILECODE" Index="5" Start="0" Length="0" /><Field DefNodeID="b75eed1f-a84b-466c-9802-80ca8afd5de0" Name="ZONEOVERRIDE" Index="6" Start="0" Length="0" /><Field DefNodeID="20990536-de82-4d3d-9caa-b76de9ab85fb" Name="PRICESCHEDULECODE" Index="7" Start="0" Length="0" /><Field DefNodeID="b4683232-59dc-4205-bad8-72fb8e0200fe" Name="IDGROUP" Index="8" Start="0" Length="0" /><Field DefNodeID="46ac5c55-af81-4817-81b4-39380e5b4fd6" Name="WAREHOUSEID" Index="9" Start="0" Length="0" /><Field DefNodeID="157cf076-f14b-4f0e-ac1a-a0e21ac2dda7" Name="CUSTOMERID" Index="10" Start="0" Length="0" /><Field DefNodeID="9222a6cc-eae6-404b-a382-0a1efc5b8f5c" Name="CUSTOMERNAME" Index="11" Start="0" Length="0" /><Field DefNodeID="411c6d3e-598c-4b04-857e-d7c6d79e1eae" Name="CONSIGNEEID" Index="12" Start="0" Length="0" /><Field DefNodeID="48ebb14b-a7ad-4586-918e-513791b09a90" Name="CONSIGNEENAME" Index="13" Start="0" Length="0" /><Field DefNodeID="78c48ef0-ebb8-491b-b283-32c765dab8b0" Name="CONSIGNEECITY" Index="14" Start="0" Length="0" /><Field DefNodeID="d31d2e2a-85c5-4575-a918-f0ff4f3a9016" Name="CONSIGNEESTATE" Index="15" Start="0" Length="0" /><Field DefNodeID="1648d2f9-6f30-449b-b1ba-b1818be8d357" Name="PURCHASEORDERNUMBER" Index="16" Start="0" Length="0" /><Field DefNodeID="0a5ea2ba-b74d-4599-9d35-a310f0d84be5" Name="PO_STORENUMBER" Index="17" Start="0" Length="0" /><Field DefNodeID="7f2b4a22-ff44-44a9-82e1-dbc05e272c8e" Name="STORENUMBER" Index="18" Start="0" Length="0" /><Field DefNodeID="0b496b4d-10b8-4bc0-be58-e4dbe55f5f9e" Name="PO_GLN#" Index="19" Start="0" Length="0" /><Field DefNodeID="e20a950a-6dfb-4176-ab4c-f1d75aeb94fc" Name="GLN#" Index="20" Start="0" Length="0" /><Field DefNodeID="7930140d-6a45-4b72-879b-9749442e1f54" Name="Pallet3" Index="21" Start="0" Length="0" /><Field DefNodeID="8503c18c-ee7c-4aed-a6db-40ce9acba965" Name="WORKORDER" Index="22" Start="0" Length="0" /><Field DefNodeID="e8544e37-6a56-4a1d-8957-6cf2bd6a2d21" Name="Total Cases3" Index="23" Start="0" Length="0" /><Field DefNodeID="aebdf964-befe-49e8-b67e-d4b6df9c706f" Name="SHIPNOTBEFOREDATE" Index="24" Start="0" Length="0" /><Field DefNodeID="7c0ca745-db23-4bb8-b5c3-99fec572d2a6" Name="SHIPNOTAFTERDATE" Index="25" Start="0" Length="0" /><Field DefNodeID="b451d399-83b4-4968-843d-658e63de7420" Name="ORDEREDBY" Index="26" Start="0" Length="0" /><Field DefNodeID="4d15b9eb-53e3-4b0f-9ae1-2aa67f6c8ddf" Name="REQUESTDATE" Index="27" Start="0" Length="0" /><Field DefNodeID="bae31989-faae-466d-bd61-6a14f00de9c4" Name="REQUESTDATETYPE" Index="28" Start="0" Length="0" /><Field DefNodeID="2e4e2a71-e034-4ff2-8da5-e2dfdb351963" Name="PO_LANDEDPRICE" Index="29" Start="0" Length="0" /><Field DefNodeID="9f878b80-5a7c-4be4-bc11-0397509a8a2f" Name="PSDLANDEDPRICE" Index="30" Start="0" Length="0" /><Field DefNodeID="3deb76dd-e704-4b08-95e8-f624015265e1" Name="PSDFREIGHTCHARGE" Index="31" Start="0" Length="0" /><Field DefNodeID="035d8c90-a97e-406a-898c-73332203023b" Name="COMBINEDPRICE" Index="32" Start="0" Length="0" /><Field DefNodeID="56359db3-c396-4090-a801-698a0c72ef37" Name="PSDUNITPRICE" Index="33" Start="0" Length="0" /><Field DefNodeID="a9049249-eb07-47ca-ad23-515ff34e8025" Name="PSDHANDLINGCHARGE" Index="34" Start="0" Length="0" /><Field DefNodeID="2547fd38-238d-4897-b8b5-1dfade332a64" Name="PSDOTHERCHARGE" Index="35" Start="0" Length="0" /><Field DefNodeID="47abe0f3-140b-402a-94ab-a5dfd569b865" Name="PO_LINENUMBER" Index="36" Start="0" Length="0" /><Field DefNodeID="9999931d-dcf9-4b29-bd29-78dad9ad9421" Name="LINENUMBER" Index="37" Start="0" Length="0" /><Field DefNodeID="128019ed-37d4-4ec6-b7d1-c82b8f7c119b" Name="PO_ALTERNATESKU" Index="38" Start="0" Length="0" /><Field DefNodeID="fa44ab33-bf10-4102-97d5-9b56bc2f3a9c" Name="ALTERNATESKU" Index="39" Start="0" Length="0" /><Field DefNodeID="1bd685cf-6248-470e-878a-68118da70f27" Name="UPCNO" Index="40" Start="0" Length="0" /><Field DefNodeID="d72391c8-92b0-4c6a-a2fa-0e61f3c2ed77" Name="ITEMCODE" Index="41" Start="0" Length="0" /><Field DefNodeID="d4b80ebc-425f-46c4-b826-53ea4f42ccaa" Name="COMMONNAME" Index="42" Start="0" Length="0" /><Field DefNodeID="d2e12942-a443-4d75-b947-a2356299abaf" Name="PO_QUANTITYORDERED" Index="43" Start="0" Length="0" /><Field DefNodeID="2c40bc18-2083-4d86-95b2-3ed746faa776" Name="QUANTITYORDERED" Index="44" Start="0" Length="0" /><Field DefNodeID="d2c0b7f3-6634-46bb-9b88-d47e0f9d7297" Name="PICKNOTE" Index="45" Start="0" Length="0" /><Field DefNodeID="a2876c76-993c-47d8-b1c1-0028c9760e00" Name="TAGDEPTNOTE" Index="46" Start="0" Length="0" /><Field DefNodeID="670c6292-90f6-4cc5-92a1-2afd120fc57c" Name="ORDERSHIPPINGINSTRUCTIONS" Index="47" Start="0" Length="0" /></RecordFields></AscImpMapRecord></AscImpMapRecords><Lookups><Lookup DefNodeID="284eff38-60e2-4d55-9c28-2747e5c77f75" Code="ASCII_OMHDR_INSRT_V2" Version="1" Name="GET OM Transaction Header id | Line Number | item Code"><LookupMappings><LookupMappingTarget DefNodeID="78870cd8-0bba-4a28-a857-54125c4bede8" AttributeName="VIOLATION" Enabled="True" Required="False"><LMAlternatives><LMAlternative DefNodeID="1adc7cdf-dd85-4a38-b7af-103e72ee42f8" Enabled="True"><LMSources><LMSource DefNodeID="28699fb3-3a4c-48de-b61e-14866ccb1a34" Type="3" NodeLevel="753aa3db-4198-41d5-8a4d-a8838d2c7de9" Record="c4c955d3-9d35-47ea-8480-c52c182332ba" Field="81bf1666-1638-4d08-b44a-246ad1d4306a" /></LMSources></LMAlternative></LMAlternatives></LookupMappingTarget><LookupMappingTarget DefNodeID="53d2d43a-14fe-4eb1-9d7a-d6df6729d791" AttributeName="POTYPE" Enabled="True" Required="False"><LMAlternatives><LMAlternative DefNodeID="5db25938-9d08-4985-a4af-89b61ea0fdd0" Enabled="True"><LMSources><LMSource DefNodeID="d30e69d4-8390-4b8e-8f31-509f50d82626" Type="3" NodeLevel="753aa3db-4198-41d5-8a4d-a8838d2c7de9" Record="c4c955d3-9d35-47ea-8480-c52c182332ba" Field="8015d598-b056-4a21-935f-be4cf8b88443" /></LMSources></LMAlternative></LMAlternatives></LookupMappingTarget><LookupMappingTarget DefNodeID="5ec90b9d-c713-4b38-b09e-a8e0b723e97c" AttributeName="PORESERVENUMBER" Enabled="True" Required="False"><LMAlternatives><LMAlternative DefNodeID="6ee8d3a6-72ac-49c3-8fef-b68da91cc26b" Enabled="True"><LMSources><LMSource DefNodeID="2f5082a6-4fd6-4751-a68e-bcc4cab16435" Type="3" NodeLevel="753aa3db-4198-41d5-8a4d-a8838d2c7de9" Record="c4c955d3-9d35-47ea-8480-c52c182332ba" Field="8b125b7a-9586-43b5-a4b0-706932c5e200" /></LMSources></LMAlternative></LMAlternatives></LookupMappingTarget><LookupMappingTarget DefNodeID="adc0eed0-cf79-4ef4-a421-4b50cf44d1a9" AttributeName="Companyid" Enabled="True" Required="False"><LMAlternatives><LMAlternative DefNodeID="664ee687-517e-43a1-b3a9-d92cd40722b8" Enabled="True"><LMSources><LMSource DefNodeID="78da8a80-658b-49cb-95b8-213f5f4644e1" Type="4" Variable="6" /></LMSources></LMAlternative></LMAlternatives></LookupMappingTarget><LookupMappingTarget DefNodeID="560f4c9b-a560-4342-8ff9-c029209daac2" AttributeName="PROFILECODE" Enabled="True" Required="False"><LMAlternatives><LMAlternative DefNodeID="8cef3b57-6234-49f0-99b7-6bb1d572d7fa" Enabled="True"><LMSources><LMSource DefNodeID="af9ceba9-10b8-497f-87ab-1cb2f7605a4e" Type="3" NodeLevel="753aa3db-4198-41d5-8a4d-a8838d2c7de9" Record="c4c955d3-9d35-47ea-8480-c52c182332ba" Field="588a79fb-8d14-4740-a417-ea60fbd6b19e" /></LMSources></LMAlternative></LMAlternatives></LookupMappingTarget><LookupMappingTarget DefNodeID="02bb3077-b5bb-4cab-ba16-2421ca77db8e" AttributeName="ZONEOVERRIDE" Enabled="True" Required="False"><LMAlternatives><LMAlternative DefNodeID="cd01694b-82bd-44fd-9a29-9fadffb5f03e" Enabled="True"><LMSources><LMSource DefNodeID="9440f823-a8ab-4d99-9315-d371b71390a5" Type="3" NodeLevel="753aa3db-4198-41d5-8a4d-a8838d2c7de9" Record="c4c955d3-9d35-47ea-8480-c52c182332ba" Field="b75eed1f-a84b-466c-9802-80ca8afd5de0" /></LMSources></LMAlternative></LMAlternatives></LookupMappingTarget><LookupMappingTarget DefNodeID="99d9aaba-de7e-4e63-a372-378123dc10ec" AttributeName="WAREHOUSEID" Enabled="True" Required="False"><LMAlternatives><LMAlternative DefNodeID="893ab00f-8957-4326-ae24-8eb199e7dce0" Enabled="True"><LMSources><LMSource DefNodeID="f6535b86-33c5-4b81-8e9b-f51773bcd794" Type="3" NodeLevel="753aa3db-4198-41d5-8a4d-a8838d2c7de9" Record="c4c955d3-9d35-47ea-8480-c52c182332ba" Field="46ac5c55-af81-4817-81b4-39380e5b4fd6" /></LMSources></LMAlternative></LMAlternatives></LookupMappingTarget><LookupMappingTarget DefNodeID="6e37e02d-55b2-4480-908d-4ed47265ea70" AttributeName="CUSTOMERID" Enabled="True" Required="False"><LMAlternatives><LMAlternative DefNodeID="ac8cc04b-4b37-40ae-963c-78b7ef281582" Enabled="True"><LMSources><LMSource DefNodeID="ba512901-5aaf-44a3-a8e7-dcfcb135b90a" Type="3" NodeLevel="753aa3db-4198-41d5-8a4d-a8838d2c7de9" Record="c4c955d3-9d35-47ea-8480-c52c182332ba" Field="157cf076-f14b-4f0e-ac1a-a0e21ac2dda7" /></LMSources></LMAlternative></LMAlternatives></LookupMappingTarget><LookupMappingTarget DefNodeID="21c449b0-601b-4f6f-a0e4-a7abba835e0b" AttributeName="CONSIGNEEID" Enabled="True" Required="False"><LMAlternatives><LMAlternative DefNodeID="bbb81bce-4ec0-4bf9-97b0-109171df2f79" Enabled="True"><LMSources><LMSource DefNodeID="ba2770a0-4be4-49b2-ad25-5a095b8c3fe8" Type="3" NodeLevel="753aa3db-4198-41d5-8a4d-a8838d2c7de9" Record="c4c955d3-9d35-47ea-8480-c52c182332ba" Field="411c6d3e-598c-4b04-857e-d7c6d79e1eae" /></LMSources></LMAlternative></LMAlternatives></LookupMappingTarget><LookupMappingTarget DefNodeID="e3a5b3b8-16ab-4e08-8b77-cc851da2acfc" AttributeName="PURCHASEORDERNUMBER" Enabled="True" Required="False"><LMAlternatives><LMAlternative DefNodeID="9047aead-26c3-4cf9-a6ff-59b4a18da604" Enabled="True"><LMSources><LMSource DefNodeID="a5522825-3577-463b-a624-063f192ec647" Type="3" NodeLevel="753aa3db-4198-41d5-8a4d-a8838d2c7de9" Record="c4c955d3-9d35-47ea-8480-c52c182332ba" Field="1648d2f9-6f30-449b-b1ba-b1818be8d357" /></LMSources></LMAlternative></LMAlternatives></LookupMappingTarget><LookupMappingTarget DefNodeID="30ff7b74-4eb6-475d-834a-8e916ea492c6" AttributeName="POSTORENUMBER" Enabled="True" Required="False"><LMAlternatives><LMAlternative DefNodeID="13a381fb-ab4b-457f-a641-8cb42b2c8862" Enabled="True"><LMSources><LMSource DefNodeID="db6d18e3-6c26-4b54-998a-aa41da28629a" Type="3" NodeLevel="753aa3db-4198-41d5-8a4d-a8838d2c7de9" Record="c4c955d3-9d35-47ea-8480-c52c182332ba" Field="0a5ea2ba-b74d-4599-9d35-a310f0d84be5" /></LMSources></LMAlternative></LMAlternatives></LookupMappingTarget><LookupMappingTarget DefNodeID="a9a8510d-0a7c-48d2-8ddd-bfb00bfcc33c" AttributeName="POGLN" Enabled="True" Required="False"><LMAlternatives><LMAlternative DefNodeID="36009526-cfff-4604-b410-f34b02a2b76e" Enabled="True"><LMSources><LMSource DefNodeID="0547975c-2ea1-48c1-93a9-f8d805db13f7" Type="3" NodeLevel="753aa3db-4198-41d5-8a4d-a8838d2c7de9" Record="c4c955d3-9d35-47ea-8480-c52c182332ba" Field="0b496b4d-10b8-4bc0-be58-e4dbe55f5f9e" /></LMSources></LMAlternative></LMAlternatives></LookupMappingTarget><LookupMappingTarget DefNodeID="944341ae-ece5-4ce0-b561-7dce68695a65" AttributeName="WORKORDER" Enabled="True" Required="False"><LMAlternatives><LMAlternative DefNodeID="db68dd79-5bfb-4f51-abf7-8f0f423646c2" Enabled="True"><LMSources><LMSource DefNodeID="eda6558e-1730-45e8-9007-38938427db95" Type="3" NodeLevel="753aa3db-4198-41d5-8a4d-a8838d2c7de9" Record="c4c955d3-9d35-47ea-8480-c52c182332ba" Field="8503c18c-ee7c-4aed-a6db-40ce9acba965" /></LMSources></LMAlternative></LMAlternatives></LookupMappingTarget><LookupMappingTarget DefNodeID="f8bdbab2-ce65-496e-89b0-8d7aec95061a" AttributeName="SHIPNOTBEFOREDATE" Enabled="True" Required="False"><LMAlternatives><LMAlternative DefNodeID="2dfecc4f-8010-4329-a8b6-6578a74c44f0" Enabled="True"><LMSources><LMSource DefNodeID="7c63681a-4484-4400-9785-6df0229e105e" Type="3" NodeLevel="753aa3db-4198-41d5-8a4d-a8838d2c7de9" Record="c4c955d3-9d35-47ea-8480-c52c182332ba" Field="aebdf964-befe-49e8-b67e-d4b6df9c706f" /></LMSources></LMAlternative></LMAlternatives></LookupMappingTarget><LookupMappingTarget DefNodeID="c6049085-3065-4054-90ed-0eff6777fb4a" AttributeName="SHIPNOTAFTERDATE" Enabled="True" Required="False"><LMAlternatives><LMAlternative DefNodeID="78d9643c-c6d5-413c-a366-c4e3e6da8c79" Enabled="True"><LMSources><LMSource DefNodeID="de15c2fd-1ec6-4928-81ca-a58622a5cd3f" Type="3" NodeLevel="753aa3db-4198-41d5-8a4d-a8838d2c7de9" Record="c4c955d3-9d35-47ea-8480-c52c182332ba" Field="7c0ca745-db23-4bb8-b5c3-99fec572d2a6" /></LMSources></LMAlternative></LMAlternatives></LookupMappingTarget><LookupMappingTarget DefNodeID="3f68c989-058c-4a5c-ae4e-7aa9330e0a38" AttributeName="ORDEREDBY" Enabled="True" Required="False"><LMAlternatives><LMAlternative DefNodeID="694b9e15-1de1-4b3b-b90d-7bf2d6da83f4" Enabled="True"><LMSources><LMSource DefNodeID="b41ffc9c-1190-42d1-92ab-856bb1fd2420" Type="3" NodeLevel="753aa3db-4198-41d5-8a4d-a8838d2c7de9" Record="c4c955d3-9d35-47ea-8480-c52c182332ba" Field="b451d399-83b4-4968-843d-658e63de7420" /></LMSources></LMAlternative></LMAlternatives></LookupMappingTarget><LookupMappingTarget DefNodeID="42686435-d556-461a-a753-f00810ca2a62" AttributeName="REQUESTDATE" Enabled="True" Required="False"><LMAlternatives><LMAlternative DefNodeID="3a83b7c4-58b1-4823-8e27-539e3d9d710b" Enabled="True"><LMSources><LMSource DefNodeID="8d2692d9-b939-4f56-915f-759c161ee64b" Type="3" NodeLevel="753aa3db-4198-41d5-8a4d-a8838d2c7de9" Record="c4c955d3-9d35-47ea-8480-c52c182332ba" Field="4d15b9eb-53e3-4b0f-9ae1-2aa67f6c8ddf" /></LMSources></LMAlternative></LMAlternatives></LookupMappingTarget><LookupMappingTarget DefNodeID="584510fb-6b53-4049-98af-8462805a0155" AttributeName="REQUESTDATETYPE" Enabled="True" Required="False"><LMAlternatives><LMAlternative DefNodeID="cfccab52-0448-4a24-9793-0311a4163de6" Enabled="True"><LMSources><LMSource DefNodeID="656047c0-2982-4845-9333-4e3f367d0482" Type="3" NodeLevel="753aa3db-4198-41d5-8a4d-a8838d2c7de9" Record="c4c955d3-9d35-47ea-8480-c52c182332ba" Field="bae31989-faae-466d-bd61-6a14f00de9c4" /></LMSources></LMAlternative></LMAlternatives></LookupMappingTarget><LookupMappingTarget DefNodeID="dc9d9880-32f8-467c-aefe-847ddb496f40" AttributeName="ORDERSHIPPINGINSTRUCTIONS" Enabled="True" Required="False"><LMAlternatives><LMAlternative DefNodeID="79b9792e-cd6d-44ea-8f41-812e1a82afbc" Enabled="True"><LMSources><LMSource DefNodeID="a07b30ac-77d0-4168-a3e0-036c7e850319" Type="3" NodeLevel="753aa3db-4198-41d5-8a4d-a8838d2c7de9" Record="c4c955d3-9d35-47ea-8480-c52c182332ba" Field="670c6292-90f6-4cc5-92a1-2afd120fc57c" /></LMSources></LMAlternative></LMAlternatives></LookupMappingTarget><LookupMappingTarget DefNodeID="08b40ef1-08f6-4fb3-95c8-0e7477bc3e93" AttributeName="ItemCode" Enabled="True" Required="False"><LMAlternatives><LMAlternative DefNodeID="eee6af2b-a5a5-41e2-a0ec-1bf1d9ffb4ec" Enabled="True"><LMSources><LMSource DefNodeID="0cd0ec02-d748-407c-af04-1998388aec04" Type="3" NodeLevel="753aa3db-4198-41d5-8a4d-a8838d2c7de9" Record="c4c955d3-9d35-47ea-8480-c52c182332ba" Field="d72391c8-92b0-4c6a-a2fa-0e61f3c2ed77" /></LMSources></LMAlternative></LMAlternatives></LookupMappingTarget><LookupMappingTarget DefNodeID="7a3f3b72-cd7b-4efe-9a84-4030df320703" AttributeName="LineNumber" Enabled="True" Required="False"><LMAlternatives><LMAlternative DefNodeID="b6d2ab38-c816-4b46-8729-ae1065e59af4" Enabled="True"><LMSources><LMSource DefNodeID="f0de5aa0-3277-4a81-ab43-1a4a3f39e7c8" Type="3" NodeLevel="753aa3db-4198-41d5-8a4d-a8838d2c7de9" Record="c4c955d3-9d35-47ea-8480-c52c182332ba" Field="9999931d-dcf9-4b29-bd29-78dad9ad9421" /></LMSources></LMAlternative></LMAlternatives></LookupMappingTarget></LookupMappings></Lookup></Lookups><InsightObjects><InsightObject DefNodeID="77a343f7-9996-48a7-9cf5-853bf6c09971" Name="OMTRANSACTIONDETAIL" Enabled="True" Operation="0" ProfileUsage="0"><Mappings><MapTarget DefNodeID="4a384610-e955-4e45-945d-9c35bd6ec01a" ColumnName="ROWID" Enabled="True" Required="False" Hide="False" Append="False"><MapAlternatives><MapAlternative DefNodeID="320a136e-1cca-4c20-aeae-f91195054ee6" Enabled="True"><MapSources><MapSource DefNodeID="854939ed-a94b-4e4b-acdd-5022dd40eaac" Type="4" Variable="1" /></MapSources></MapAlternative></MapAlternatives></MapTarget><MapTarget DefNodeID="18a38ad0-9f2f-4a09-b8d0-3b410b0922c9" ColumnName="MODULE" Enabled="True" Required="False" Hide="False" Append="False"><MapAlternatives><MapAlternative DefNodeID="c88a2d3e-5f0e-4675-9aac-35649dbda177" Enabled="True"><MapSources><MapSource DefNodeID="bae7b9f3-b9c6-4660-96fa-d2eb40878a9d" Type="1"><![CDATA[OM]]></MapSource></MapSources></MapAlternative></MapAlternatives></MapTarget><MapTarget DefNodeID="fcaf4511-2d54-40b4-a2df-6b483a38ed3f" ColumnName="R_TRANSACTIONHEADER" Enabled="True" Required="False" Hide="False" Append="False"><MapAlternatives><MapAlternative DefNodeID="e4df141d-75af-43cb-ab1b-f5b9d54c81c1" Enabled="True"><MapSources><MapSource DefNodeID="0d842148-e9ba-40db-ac43-a93b3810b462" Type="2" NodeLevel="753aa3db-4198-41d5-8a4d-a8838d2c7de9" LookupRef="284eff38-60e2-4d55-9c28-2747e5c77f75" Attribute="OMHDRID" /></MapSources></MapAlternative></MapAlternatives></MapTarget><MapTarget DefNodeID="4cacd17d-1b3b-46b8-ae8c-6932a2833a71" ColumnName="DETAILTYPE" Enabled="True" Required="False" Hide="False" Append="False"><MapAlternatives><MapAlternative DefNodeID="81e90b34-98e0-444e-95f0-8bb46f30c436" Enabled="True"><MapSources><MapSource DefNodeID="80c80592-66e5-4881-9728-944dd0cd1635" Type="1"><![CDATA[I]]></MapSource></MapSources></MapAlternative></MapAlternatives></MapTarget><MapTarget DefNodeID="13620fce-d15d-4f24-861c-525f4c2f10ed" ColumnName="RECORDTYPE" Enabled="True" Required="False" Hide="False" Append="False"><MapAlternatives><MapAlternative DefNodeID="88909b45-c681-43bd-8467-a0af11664e4a" Enabled="True"><MapSources><MapSource DefNodeID="547e976c-17be-4863-a8d5-063b85ff289c" Type="1"><![CDATA[R]]></MapSource></MapSources></MapAlternative></MapAlternatives></MapTarget><MapTarget DefNodeID="0865fae3-537d-4575-bc87-5e2f04f56c81" ColumnName="USERDEFINEDQUANTITY_8" Enabled="True" Required="False" Hide="False" Append="False"><MapAlternatives><MapAlternative DefNodeID="93d50f72-3392-4dcd-898b-8f9472f4ef8e" Enabled="True"><MapSources><MapSource DefNodeID="29a97ec1-1a5b-4e2a-81d8-e77b6fe82de5" Type="3" NodeLevel="753aa3db-4198-41d5-8a4d-a8838d2c7de9" Record="c4c955d3-9d35-47ea-8480-c52c182332ba" Field="2e4e2a71-e034-4ff2-8da5-e2dfdb351963" /></MapSources></MapAlternative></MapAlternatives></MapTarget><MapTarget DefNodeID="45bf9589-9acc-4823-99b2-a5eecd00a2c4" ColumnName="FREIGHTRATEPERITEM" Enabled="True" Required="False" Hide="False" Append="False"><MapAlternatives><MapAlternative DefNodeID="3b349895-6cb4-4e46-9d93-d601b9bcad81" Enabled="True"><MapSources><MapSource DefNodeID="b575bd01-ffd7-4215-9b8e-be174021dbd9" Type="3" NodeLevel="753aa3db-4198-41d5-8a4d-a8838d2c7de9" Record="c4c955d3-9d35-47ea-8480-c52c182332ba" Field="3deb76dd-e704-4b08-95e8-f624015265e1" /></MapSources></MapAlternative></MapAlternatives></MapTarget><MapTarget DefNodeID="5ef11dfb-899f-4c9e-844c-513ede45b046" ColumnName="UNITPRICE" Enabled="True" Required="False" Hide="False" Append="False"><MapAlternatives><MapAlternative DefNodeID="05e17061-1c02-49ac-a791-5dd6e84c402f" Enabled="True"><MapSources><MapSource DefNodeID="94d516b6-03ad-46ae-ba66-96775c41e14b" Type="3" NodeLevel="753aa3db-4198-41d5-8a4d-a8838d2c7de9" Record="c4c955d3-9d35-47ea-8480-c52c182332ba" Field="56359db3-c396-4090-a801-698a0c72ef37" /></MapSources></MapAlternative></MapAlternatives></MapTarget><MapTarget DefNodeID="7dcb8d1f-2fde-450a-a115-ce66c8d67e52" ColumnName="HANDLINGCHARGEPERITEM" Enabled="True" Required="False" Hide="False" Append="False"><MapAlternatives><MapAlternative DefNodeID="457515ed-5256-41a3-afdf-05e084a96d0e" Enabled="True"><MapSources><MapSource DefNodeID="e92d1eb5-c0f7-4c73-aee7-a0652b08748c" Type="3" NodeLevel="753aa3db-4198-41d5-8a4d-a8838d2c7de9" Record="c4c955d3-9d35-47ea-8480-c52c182332ba" Field="a9049249-eb07-47ca-ad23-515ff34e8025" /></MapSources></MapAlternative></MapAlternatives></MapTarget><MapTarget DefNodeID="8345f6d6-b8b0-4aba-a50e-57c97ffa1fca" ColumnName="TAGGINGCHARGEPERITEM" Enabled="True" Required="False" Hide="False" Append="False"><MapAlternatives><MapAlternative DefNodeID="cb6ced81-5de4-4b05-ade6-92994ae6174f" Enabled="True"><MapSources><MapSource DefNodeID="436af96c-fd01-4db1-809f-4c51efc3e99b" Type="3" NodeLevel="753aa3db-4198-41d5-8a4d-a8838d2c7de9" Record="c4c955d3-9d35-47ea-8480-c52c182332ba" Field="2547fd38-238d-4897-b8b5-1dfade332a64" /></MapSources></MapAlternative></MapAlternatives></MapTarget><MapTarget DefNodeID="34979290-fedd-4e10-a95e-b9f1131162e6" ColumnName="USERDEFINEDQUANTITY_9" Enabled="True" Required="False" Hide="False" Append="False"><MapAlternatives><MapAlternative DefNodeID="03e36caa-7459-4054-9d73-b11c72ba256d" Enabled="True"><MapSources><MapSource DefNodeID="a5295415-3bc0-4fd7-87c3-6dd760e07887" Type="3" NodeLevel="753aa3db-4198-41d5-8a4d-a8838d2c7de9" Record="c4c955d3-9d35-47ea-8480-c52c182332ba" Field="47abe0f3-140b-402a-94ab-a5dfd569b865" /></MapSources></MapAlternative></MapAlternatives></MapTarget><MapTarget DefNodeID="bbd1fea3-d8f1-4158-8fe7-9007ad6bd88e" ColumnName="USERDEFINEDREFERENCE_10" Enabled="True" Required="False" Hide="False" Append="False"><MapAlternatives><MapAlternative DefNodeID="ddf2bf50-6024-4f84-9ace-5335ce1809b6" Enabled="True"><MapSources><MapSource DefNodeID="c4605498-b5f9-4074-9c8e-6216dfb17976" Type="3" NodeLevel="753aa3db-4198-41d5-8a4d-a8838d2c7de9" Record="c4c955d3-9d35-47ea-8480-c52c182332ba" Field="128019ed-37d4-4ec6-b7d1-c82b8f7c119b" /></MapSources></MapAlternative></MapAlternatives></MapTarget><MapTarget DefNodeID="d1f9eb37-37bf-400a-a536-1069e597588d" ColumnName="USERDEFINEDQUANTITY_7" Enabled="True" Required="False" Hide="False" Append="False"><MapAlternatives><MapAlternative DefNodeID="e09e4954-ac56-4cb8-bb98-75973f8ac1e9" Enabled="True"><MapSources><MapSource DefNodeID="72f6da64-7423-4404-ae74-1cc48e458ae2" Type="3" NodeLevel="753aa3db-4198-41d5-8a4d-a8838d2c7de9" Record="c4c955d3-9d35-47ea-8480-c52c182332ba" Field="d2e12942-a443-4d75-b947-a2356299abaf" /></MapSources></MapAlternative></MapAlternatives></MapTarget><MapTarget DefNodeID="d958d29f-555b-4687-8182-a76075643b83" ColumnName="COMMENT" Enabled="True" Required="False" Hide="False" Append="False"><MapAlternatives><MapAlternative DefNodeID="975fab2f-407f-4996-b02a-5ae814d7acea" Enabled="True"><MapSources><MapSource DefNodeID="485b3e86-80b8-40a9-8e4c-3834bad0509f" Type="3" NodeLevel="753aa3db-4198-41d5-8a4d-a8838d2c7de9" Record="c4c955d3-9d35-47ea-8480-c52c182332ba" Field="d2c0b7f3-6634-46bb-9b88-d47e0f9d7297" /></MapSources></MapAlternative></MapAlternatives></MapTarget><MapTarget DefNodeID="49e5804c-f73d-4e56-8984-04636bc299e2" ColumnName="USERDEFINEDCOMMENT" Enabled="True" Required="False" Hide="False" Append="False"><MapAlternatives><MapAlternative DefNodeID="92584b72-2c50-4f5e-80ac-e9fa0e58fe1c" Enabled="True"><MapSources><MapSource DefNodeID="58ea9379-e52e-43b2-af39-b693136ca87f" Type="3" NodeLevel="753aa3db-4198-41d5-8a4d-a8838d2c7de9" Record="c4c955d3-9d35-47ea-8480-c52c182332ba" Field="a2876c76-993c-47d8-b1c1-0028c9760e00" /></MapSources></MapAlternative></MapAlternatives></MapTarget><MapTarget DefNodeID="b63da490-16ec-424f-a20c-f1757bb9acf7" ColumnName="LINENUMBER" Enabled="True" Required="False" Hide="False" Append="False"><MapAlternatives><MapAlternative DefNodeID="8d5bc330-934b-426a-8064-e57478a258a7" Enabled="True"><MapSources><MapSource DefNodeID="a02b0e08-ec50-4f6d-869f-bc35b6ec1353" Type="2" NodeLevel="753aa3db-4198-41d5-8a4d-a8838d2c7de9" LookupRef="284eff38-60e2-4d55-9c28-2747e5c77f75" Attribute="LN" /></MapSources></MapAlternative></MapAlternatives></MapTarget><MapTarget DefNodeID="79bee9fc-2cde-4f8e-927c-2a17c36776f7" ColumnName="R_ITEM" Enabled="True" Required="False" Hide="False" Append="False"><MapAlternatives><MapAlternative DefNodeID="fbd6f03d-b799-4a3d-9ea7-2efb3789c102" Enabled="True"><MapSources><MapSource DefNodeID="62e604dc-202b-448e-b8a8-8bff7b2cce35" Type="2" NodeLevel="753aa3db-4198-41d5-8a4d-a8838d2c7de9" LookupRef="284eff38-60e2-4d55-9c28-2747e5c77f75" Attribute="ItemCodeRowID" /></MapSources></MapAlternative></MapAlternatives></MapTarget></Mappings></InsightObject></InsightObjects></AscImportMapNode></AscImportMap>