<SqlLookupDef Name="EDI35_812_HEADER" Type="0" Version="1"><Description><![CDATA[Create Ace Hdwr 812 Email Header Record]]></Description><Comments><![CDATA[]]></Comments><FailMessage><![CDATA[FAILURE to Create Ace Hdwr 812 Email Header Record]]></FailMessage><SqlQuery><![CDATA[--EDI35_812_HEADER (Create Ace Hardware 812 Email Header Record)
/*
DECLARE
@IDGROUP VARCHAR(10)= '35'				,
@ST01	VARCHAR(3)	= '812'				,	--DOCTYPE
@BCD01 VARCHAR(8)	= '20100826'		,	--CDADJUSTDATE
@BCD02 VARCHAR(22)	= '1234567891'		,	--CDADJUSTNUMBER
@BCD03 VARCHAR(2)	= 'T'				,	--CRADJUSTACTION
@BCD04 VARCHAR(15)	= '11361'			,	--NETAMOUNT
@BCD05 VARCHAR(1)	= 'C'				,	--CDFLAGCODE
@BCD07 VARCHAR(20)	= '10-60593'		,	--INVOICENUMBER
@BCD10 VARCHAR(50)	= '51923'			,	--PURCHASEORDERNUMBER
@SAC01 VARCHAR(1)	= 'C'				,	--A=ALLOWANCE, C=CHARGE
@SAC02 VARCHAR(4)	= 'C310'			,	--C310=DISCOUNT
@SAC05 VARCHAR(15)	= '227'				,	--TOTAL DISCOUNT AMOUNT
@N102 VARCHAR(60)	= 'ware corporation',	--SHIPTONAME
@N301 VARCHAR(35)	= '2200 KENSINGTON COURT'	,	--SHIPTOADDRESS1
@N401 VARCHAR(20)	= 'OAK BROOK'				,	--SHIPTOCITY
@N402 VARCHAR(2)	= 'IL'						,	--SHIPTOSTATE
@N403 VARCHAR(10)	= '60521'					,	--SHIPTOZIP
@N405 VARCHAR(3)	= 'US'							--SHIPTOCOUNTRY
*/

DECLARE @ROWID UNIQUEIDENTIFIER
SET @ROWID = NEWID() 

--POPULATE GNC_EDI_EMAILHEADER:
INSERT INTO GNC_EDI_EMAILHEADER 

SELECT 
	@ROWID AS ROWID, 
	GETDATE() AS CREATIONDATETIME, 
	'N' AS EMAILSENTFLAG, 
	@ST01 AS DOCTYPE, 
	EDI.IDGROUP, 
	EDI.VENDOR, 
	EDI.WAREHOUSEID, 
	@BCD07 AS TRANSACTIONNUMBER, 
	@BCD10 AS PONUMBER, 
	(	SELECT ICONS.USERDEFINEDREFERENCE_2  
		FROM OMTRANSACTIONHEADER OH (NOLOCK) 
		JOIN IDCONSIGNEE ICONS (NOLOCK) ON ICONS.R_IDENTITY = OH.R_SHIPPER 
		WHERE OH.TRANSACTIONNUMBER = @BCD07
		) AS STORENUMBER, 
	@BCD01 AS DATETIME, 
	@BCD03 + ' - ' + DBO.FN_EDI_CODE_DESCRIPTION('BCD03',@BCD03) AS ACTION, 
	@BCD02 AS REFERENCE, 
	@BCD05 + ' - ' + DBO.FN_EDI_CODE_DESCRIPTION('BCD05',@BCD05) + ' TOTAL AMOUNT = $' + @BCD04  + 
	' (' + @SAC02 + ' - ' + DBO.FN_EDI_CODE_DESCRIPTION('SAC02',@SAC02) + ' = $' + @SAC05 + ')'AS RESULT, 
	@BCD07 + ' - ' + @BCD10 AS INDENTIFIERS, 
	NULL AS SUBJECT --ACE DOESN'T SEND THIS
FROM GNC_EDI_TRANSLATION EDI (NOLOCK) 
WHERE EDI.IDGROUP = @IDGROUP
AND EDI.WAREHOUSEID = '99'--LEFT(@BCD07,2) --DERIVE TRANSACTIONNUMBER FROM BCD07 WHEN MULTIPLE VENDORS ARE CREATED FOR ACE IN THE FUTURE. FOR NOW WHID = 99
]]></SqlQuery><Attributes><SqlLookupDefAttribute Name="IDGROUP" Type="1" Required="True" ColumnName="" /><SqlLookupDefAttribute Name="ST01" Type="1" Required="True" ColumnName="" /><SqlLookupDefAttribute Name="BCD01" Type="1" Required="True" ColumnName="" /><SqlLookupDefAttribute Name="BCD02" Type="1" Required="True" ColumnName="" /><SqlLookupDefAttribute Name="BCD03" Type="1" Required="True" ColumnName="" /><SqlLookupDefAttribute Name="BCD04" Type="1" Required="True" ColumnName="" /><SqlLookupDefAttribute Name="BCD05" Type="1" Required="True" ColumnName="" /><SqlLookupDefAttribute Name="BCD07" Type="1" Required="True" ColumnName="" /><SqlLookupDefAttribute Name="BCD10" Type="1" Required="True" ColumnName="" /><SqlLookupDefAttribute Name="SAC01" Type="1" Required="True" ColumnName="" /><SqlLookupDefAttribute Name="SAC02" Type="1" Required="True" ColumnName="" /><SqlLookupDefAttribute Name="SAC05" Type="1" Required="True" ColumnName="" /><SqlLookupDefAttribute Name="N102" Type="1" Required="True" ColumnName="" /><SqlLookupDefAttribute Name="N301" Type="1" Required="True" ColumnName="" /><SqlLookupDefAttribute Name="N401" Type="1" Required="True" ColumnName="" /><SqlLookupDefAttribute Name="N402" Type="1" Required="True" ColumnName="" /><SqlLookupDefAttribute Name="N403" Type="1" Required="True" ColumnName="" /><SqlLookupDefAttribute Name="N405" Type="1" Required="True" ColumnName="" /><SqlLookupDefAttribute Name="ROWID" Type="2" Required="True" ColumnName="ROWID" /></Attributes><Parameters><SqlLookupDefParameter Name="@IDGROUP" DataType="22" Length="10" ValueType="1"><![CDATA[IDGROUP]]></SqlLookupDefParameter><SqlLookupDefParameter Name="@ST01" DataType="22" Length="3" ValueType="1"><![CDATA[ST01]]></SqlLookupDefParameter><SqlLookupDefParameter Name="@BCD01" DataType="22" Length="8" ValueType="1"><![CDATA[BCD01]]></SqlLookupDefParameter><SqlLookupDefParameter Name="@BCD02" DataType="22" Length="22" ValueType="1"><![CDATA[BCD02]]></SqlLookupDefParameter><SqlLookupDefParameter Name="@BCD03" DataType="22" Length="2" ValueType="1"><![CDATA[BCD03]]></SqlLookupDefParameter><SqlLookupDefParameter Name="@BCD04" DataType="22" Length="15" ValueType="1"><![CDATA[BCD04]]></SqlLookupDefParameter><SqlLookupDefParameter Name="@BCD05" DataType="22" Length="1" ValueType="1"><![CDATA[BCD05]]></SqlLookupDefParameter><SqlLookupDefParameter Name="@BCD07" DataType="22" Length="20" ValueType="1"><![CDATA[BCD07]]></SqlLookupDefParameter><SqlLookupDefParameter Name="@BCD10" DataType="22" Length="50" ValueType="1"><![CDATA[BCD10]]></SqlLookupDefParameter><SqlLookupDefParameter Name="@SAC01" DataType="22" Length="1" ValueType="1"><![CDATA[SAC01]]></SqlLookupDefParameter><SqlLookupDefParameter Name="@SAC02" DataType="22" Length="4" ValueType="1"><![CDATA[SAC02]]></SqlLookupDefParameter><SqlLookupDefParameter Name="@SAC05" DataType="22" Length="15" ValueType="1"><![CDATA[SAC05]]></SqlLookupDefParameter><SqlLookupDefParameter Name="@N102" DataType="22" Length="60" ValueType="1"><![CDATA[N102]]></SqlLookupDefParameter><SqlLookupDefParameter Name="@N301" DataType="22" Length="35" ValueType="1"><![CDATA[N301]]></SqlLookupDefParameter><SqlLookupDefParameter Name="@N401" DataType="22" Length="20" ValueType="1"><![CDATA[N401]]></SqlLookupDefParameter><SqlLookupDefParameter Name="@N402" DataType="22" Length="2" ValueType="1"><![CDATA[N402]]></SqlLookupDefParameter><SqlLookupDefParameter Name="@N403" DataType="22" Length="10" ValueType="1"><![CDATA[N403]]></SqlLookupDefParameter><SqlLookupDefParameter Name="@N405" DataType="22" Length="3" ValueType="1"><![CDATA[N405]]></SqlLookupDefParameter></Parameters></SqlLookupDef>