<EdiExportMap MappingID="AceHardware-810" Version="1" TranSet="810" EdiVersion="4010" EdiStandard="X12" Template="True"><Description><![CDATA[810 Ace Hardware]]></Description><TranSet><TranSetNode Name="Header" Required="True"><Query><![CDATA[------------ 
--[HEADER]-- 
------------ 
SELECT 
	OH.INVOICEDATE, 
	ISNULL(POH.TRANSACTIONDATE, OH.TRANSACTIONDATE) AS PODATE, 
	OH.SHIPPINGDATE, 
	OH.TRANSACTIONNUMBER, --DO I NEED TO ADD 'Z.' TO THE FRONT?
	OH.PURCHASEORDERNUMBER, 
	CASE 
		WHEN OH.TRANSACTIONTYPE = 'I' THEN ''								--SPECIAL CASE FOR ACE, ONLY SEND BIG07 IF CREDITMEMO 
		ELSE IIF(ISNULL(DBO.FN_ORDERVALUE(OH.ROWID,NULL),0) < 0, '', 'CR')	--SPECIAL CASE FOR ACE, ONLY SEND BIG07 IF CREDITMEMO 
	END AS TRANSACTIONCODE, 
	WH.IDENTITYID AS WH, 
	ISNULL(OH.USERDEFINEDREFERENCE_17,(SELECT VENDOR FROM GNC_EDI_TRANSLATION (NOLOCK) WHERE IDGROUP = CUST.IDGROUP AND WAREHOUSEID IN (WH.IDENTITYID, '99') )) AS PO_VENDOR, 
	CUST.IDGROUP, 
	CUST.IDENTITYID AS CUSTID, 
	CUST.NAME AS CUSTNAME, 
	CONS.IDENTITYID AS CONSIGNEEID, 
	REPLACE(ISNULL(ALTSHIP.NAME, CONS.NAME), CHAR(39),'') AS CONSIGNEENAME,	--SPECIAL CASE FOR ACE, APOSTROPHES CAUSE EDI ERRORS. 
	ISNULL(ALTSHIP.ADDRESS_1, ACONS.ADDRESS_1) AS CONSIGNEEADDRESS_1, 
	ISNULL(ALTSHIP.ADDRESS_2, ACONS.ADDRESS_2) AS CONSIGNEEADDRESS_2, 
	ISNULL(ALTSHIP.CITY, ACONS.CITY) AS CONSIGNEECITY, 
	ISNULL(ALTSHIP.STATE, ACONS.STATE) AS CONSIGNEESTATE, 
	ISNULL(ALTSHIP.ZIP, ACONS.ZIP) AS CONSIGNEEZIP, 
	IIF(ALTSHIP.ROWID IS NULL, 'N', 'Y') AS ISALTSHIP, 
	DBO.FN_REMITTOADDRESS('NAME') AS COMPANYNAME, 
	DBO.FN_REMITTOADDRESS('ADDRESS') AS COMPANYADDRESS, 
	DBO.FN_REMITTOADDRESS('CITY') AS COMPANYCITY, 
	DBO.FN_REMITTOADDRESS('STATE') AS COMPANYSTATE, 
	DBO.FN_REMITTOADDRESS('ZIP') AS COMPANYZIP, 
	DBO.FN_REMITTOADDRESS('DUNNS') AS COMPANYDUNNS, 
	ISNULL(OH.USERDEFINEDREFERENCE_19, ICONS.USERDEFINEDREFERENCE_2) AS PO_STORENUMBER, 
	ISNULL(OH.USERDEFINEDREFERENCE_20, ICONS.USERDEFINEDREFERENCE_6) AS GLNNUMBER, 
	IIF(HEADER.TDSAMT = HEADER.TOTAL, 'X', IIF(HEADER.TDSAMT < HEADER.TOTAL, 'C', 'A')) AS SAC01VALUE, 
	HEADER.TOTAL - HEADER.TDSAMT AS SAC05VALUE, 
	IIF(HEADER.TDSAMT = HEADER.TOTAL, 'X', IIF(HEADER.TDSAMT < HEADER.TOTAL, 'FREIGHT CHARGE', 'FREIGHT ALLOWANCE')) AS SAC15VALUE, 
	HEADER.TDSAMT, HEADER.TOTAL, DETAIL.LINECOUNT 
FROM OMTRANSACTIONHEADER OH (NOLOCK) 
	LEFT JOIN OMTRANSACTIONHEADER POH (NOLOCK) ON POH.PURCHASEORDERNUMBER = OH.PURCHASEORDERNUMBER AND POH.RECORDTYPE = 'I' 
	JOIN IDMASTER WH (NOLOCK) ON WH.ROWID = OH.R_FMSHIPPER 
	JOIN IDMASTER CUST (NOLOCK) ON CUST.ROWID = OH.R_CUSTOMER 
	JOIN IDCUSTOMER ICUST (NOLOCK) ON ICUST.R_IDENTITY = OH.R_CUSTOMER 
	JOIN IDMASTER CONS (NOLOCK) ON CONS.ROWID = OH.R_SHIPPER 
	JOIN IDCONSIGNEE ICONS (NOLOCK) ON ICONS.R_IDENTITY = CONS.ROWID 
	JOIN IDTYPESLINKS TCONS (NOLOCK) ON TCONS.R_IDENTITY = CONS.ROWID AND TCONS.IDTYPE = '02'
	JOIN IDADDRESS ACONS (NOLOCK) ON ACONS.ROWID = ISNULL(TCONS.R_ADDRESS, CONS.R_DEFAULTADDRESS)
	LEFT JOIN IDSYNONYMS ALTSHIP (NOLOCK) ON ALTSHIP.ROWID = OH.R_SYNONYMSALTSHIPTO 
	LEFT JOIN	(	SELECT 
						OD.R_TRANSACTIONHEADER, 
						ROUND(SUM(ISNULL(OD.QUANTITYSHIPPED, 0) * 
							(	ISNULL(OD.UNITPRICE, 0) + 
								ISNULL(OD.HANDLINGCHARGEPERITEM,0) + 
								ISNULL(OD.TAGGINGCHARGEPERITEM,0) + 
								ISNULL(OD.FREIGHTRATEPERITEM,0) 
							) 
						),2) AS TDSAMT, 
						DBO.FN_ORDERVALUE(OD.R_TRANSACTIONHEADER, NULL) AS TOTAL 
					FROM OMTRANSACTIONDETAIL OD (NOLOCK) 
					WHERE ISNULL(OD.QUANTITYSHIPPED,0) > 0 
					GROUP BY OD.R_TRANSACTIONHEADER 
				) AS HEADER ON HEADER.R_TRANSACTIONHEADER = OH.ROWID 
	LEFT JOIN	(	SELECT OD.R_TRANSACTIONHEADER, COUNT(*) AS LINECOUNT 
					FROM OMTRANSACTIONDETAIL OD (NOLOCK) 
					WHERE ISNULL(OD.QUANTITYSHIPPED,0) > 0 
					GROUP BY OD.R_TRANSACTIONHEADER 
				) AS DETAIL ON DETAIL.R_TRANSACTIONHEADER = OH.ROWID 
WHERE OH.ROWID = @ROWID AND OH.RECORDTYPE = 'Z' 
]]></Query><Parameters><Parameter Name="@ROWID" Type="Guid" Length="0" SourceType="Variable"><![CDATA[SourceRowID]]></Parameter></Parameters><TranSetNodeItems><Segment Sequence="020" SegmentCode="BIG" Required="True" Enabled="True"><Description><![CDATA[Beginning Segment for Invoice]]></Description><MapAlternative Name="Default"><SegmentElements><Element Sequence="01" Required="True" Enabled="True" DataElement="373" DataType="DT" MinLength="8" MaxLength="8"><Description><![CDATA[Date - Invoice]]></Description><Mappings><Mapping Enabled="True"><MappingSources><MappingSource Type="Column"><NodeLevel>Header</NodeLevel><SourceValue>INVOICEDATE</SourceValue><ExpMapFunction Name="EDIDate"><![CDATA[yyyyMMdd]]></ExpMapFunction></MappingSource></MappingSources></Mapping></Mappings></Element><Element Sequence="02" Required="True" Enabled="True" DataElement="76" DataType="AN" MinLength="1" MaxLength="22"><Description><![CDATA[Invoice Number]]></Description><Mappings><Mapping Enabled="True"><MappingSources><MappingSource Type="Column"><NodeLevel>Header</NodeLevel><SourceValue>TRANSACTIONNUMBER</SourceValue></MappingSource></MappingSources></Mapping></Mappings></Element><Element Sequence="03" Required="False" Enabled="True" DataElement="373" DataType="DT" MinLength="8" MaxLength="8"><Description><![CDATA[Date - PO from 850]]></Description><Mappings><Mapping Enabled="True"><MappingSources><MappingSource Type="Column"><NodeLevel>Header</NodeLevel><SourceValue>PODATE</SourceValue><ExpMapFunction Name="EDIDate"><![CDATA[yyyyMMdd]]></ExpMapFunction></MappingSource></MappingSources></Mapping></Mappings></Element><Element Sequence="04" Required="False" Enabled="True" DataElement="324" DataType="AN" MinLength="1" MaxLength="22"><Description><![CDATA[Purchase Order Number]]></Description><Mappings><Mapping Enabled="True"><MappingSources><MappingSource Type="Column"><NodeLevel>Header</NodeLevel><SourceValue>PURCHASEORDERNUMBER</SourceValue></MappingSource></MappingSources></Mapping></Mappings></Element><Element Sequence="07" Required="False" Enabled="True" DataElement="640" DataType="ID" MinLength="2" MaxLength="2"><Description><![CDATA[Transaction Type Code]]></Description><Mappings><Mapping Enabled="True"><MappingSources><MappingSource Type="Column"><NodeLevel>Header</NodeLevel><SourceValue>TRANSACTIONCODE</SourceValue></MappingSource></MappingSources></Mapping></Mappings></Element></SegmentElements></MapAlternative></Segment><Segment Sequence="050" SegmentCode="REF" Required="False" Enabled="True"><Description><![CDATA[Reference Identification]]></Description><MapAlternative Name="Default"><SegmentElements><Element Sequence="01" Required="True" Enabled="True" DataElement="98" DataType="ID" MinLength="2" MaxLength="3"><Description><![CDATA[Reference Identifier Qualifier]]></Description><Mappings><Mapping Enabled="True"><MappingSources><MappingSource Type="Literal"><SourceValue><![CDATA[IA]]></SourceValue></MappingSource></MappingSources></Mapping></Mappings></Element><Element Sequence="02" Required="True" Enabled="True" DataElement="100" DataType="AN" MinLength="1" MaxLength="30"><Description><![CDATA[Reference Identifier]]></Description><Mappings><Mapping Enabled="True"><MappingSources><MappingSource Type="Column"><NodeLevel>Header</NodeLevel><SourceValue>PO_VENDOR</SourceValue></MappingSource></MappingSources></Mapping></Mappings></Element></SegmentElements></MapAlternative></Segment><Segment Sequence="070" SegmentCode="N1 " Required="False" Enabled="True"><Description><![CDATA[Name ST]]></Description><MapAlternative Name="Default"><SegmentElements><Element Sequence="01" Required="True" Enabled="True" DataElement="98" DataType="ID" MinLength="2" MaxLength="3"><Description><![CDATA[Entity Identifier Code]]></Description><Mappings><Mapping Enabled="True"><MappingSources><MappingSource Type="Literal"><SourceValue><![CDATA[ST]]></SourceValue></MappingSource></MappingSources></Mapping></Mappings></Element><Element Sequence="02" Required="False" Enabled="True" DataElement="93" DataType="AN" MinLength="1" MaxLength="60"><Description><![CDATA[Name]]></Description><Mappings><Mapping Enabled="True"><MappingSources><MappingSource Type="Column"><NodeLevel>Header</NodeLevel><SourceValue>CONSIGNEENAME</SourceValue></MappingSource></MappingSources></Mapping></Mappings></Element><Element Sequence="03" Required="False" Enabled="True" DataElement="66" DataType="ID" MinLength="1" MaxLength="2"><Description><![CDATA[Identification Code Qualifier]]></Description></Element><Element Sequence="04" Required="False" Enabled="True" DataElement="67" DataType="AN" MinLength="2" MaxLength="80"><Description><![CDATA[Identification Code]]></Description></Element></SegmentElements></MapAlternative></Segment><Segment Sequence="090" SegmentCode="N3 " Required="False" Enabled="True"><Description><![CDATA[Address Information]]></Description><MapAlternative Name="Default"><SegmentElements><Element Sequence="01" Required="True" Enabled="True" DataElement="166" DataType="AN" MinLength="1" MaxLength="55"><Description><![CDATA[Address Information]]></Description><Mappings><Mapping Enabled="True"><MappingSources><MappingSource Type="Column"><NodeLevel>Header</NodeLevel><SourceValue>CONSIGNEEADDRESS_1</SourceValue></MappingSource></MappingSources></Mapping></Mappings></Element><Element Sequence="02" Required="False" Enabled="True" DataElement="166" DataType="AN" MinLength="1" MaxLength="55"><Description><![CDATA[Address Information]]></Description><Mappings><Mapping Enabled="True"><MappingSources><MappingSource Type="Column"><NodeLevel>Header</NodeLevel><SourceValue>CONSIGNEEADDRESS_2</SourceValue></MappingSource></MappingSources></Mapping></Mappings></Element></SegmentElements></MapAlternative></Segment><Segment Sequence="100" SegmentCode="N4 " Required="False" Enabled="True"><Description><![CDATA[Geographic Location]]></Description><MapAlternative Name="Default"><SegmentElements><Element Sequence="01" Required="False" Enabled="True" DataElement="19" DataType="AN" MinLength="2" MaxLength="30"><Description><![CDATA[City Name]]></Description><Mappings><Mapping Enabled="True"><MappingSources><MappingSource Type="Column"><NodeLevel>Header</NodeLevel><SourceValue>CONSIGNEECITY</SourceValue></MappingSource></MappingSources></Mapping></Mappings></Element><Element Sequence="02" Required="False" Enabled="True" DataElement="156" DataType="ID" MinLength="2" MaxLength="2"><Description><![CDATA[State or Province Code]]></Description><Mappings><Mapping Enabled="True"><MappingSources><MappingSource Type="Column"><NodeLevel>Header</NodeLevel><SourceValue>CONSIGNEESTATE</SourceValue></MappingSource></MappingSources></Mapping></Mappings></Element><Element Sequence="03" Required="False" Enabled="True" DataElement="116" DataType="ID" MinLength="3" MaxLength="15"><Description><![CDATA[Postal Code]]></Description><Mappings><Mapping Enabled="True"><MappingSources><MappingSource Type="Column"><NodeLevel>Header</NodeLevel><SourceValue>CONSIGNEEZIP</SourceValue></MappingSource></MappingSources></Mapping></Mappings></Element><Element Sequence="05" Required="False" Enabled="True" DataElement="309" DataType="ID" MinLength="1" MaxLength="2"><Description><![CDATA[Location Qualifier]]></Description><Mappings><Mapping Enabled="True"><MappingSources><MappingSource Type="Literal"><SourceValue><![CDATA[SN]]></SourceValue></MappingSource></MappingSources></Mapping></Mappings></Element><Element Sequence="06" Required="False" Enabled="True" DataElement="310" DataType="AN" MinLength="1" MaxLength="30"><Description><![CDATA[Location Identifier]]></Description><Mappings><Mapping Enabled="True"><MappingSources><MappingSource Type="Column"><NodeLevel>Header</NodeLevel><SourceValue>PO_STORENUMBER</SourceValue></MappingSource></MappingSources></Mapping></Mappings></Element></SegmentElements></MapAlternative></Segment><Segment Sequence="070" SegmentCode="N1 " Required="False" Enabled="True"><Description><![CDATA[Name RE]]></Description><MapAlternative Name="Default"><SegmentElements><Element Sequence="01" Required="True" Enabled="True" DataElement="98" DataType="ID" MinLength="2" MaxLength="3"><Description><![CDATA[Entity Identifier Code]]></Description><Mappings><Mapping Enabled="True"><MappingSources><MappingSource Type="Literal"><SourceValue><![CDATA[RE]]></SourceValue></MappingSource></MappingSources></Mapping></Mappings></Element><Element Sequence="02" Required="False" Enabled="True" DataElement="93" DataType="AN" MinLength="1" MaxLength="60"><Description><![CDATA[Name]]></Description><Mappings><Mapping Enabled="True"><MappingSources><MappingSource Type="Column"><NodeLevel>Header</NodeLevel><SourceValue>COMPANYNAME</SourceValue></MappingSource></MappingSources></Mapping></Mappings></Element><Element Sequence="03" Required="False" Enabled="True" DataElement="66" DataType="ID" MinLength="1" MaxLength="2"><Description><![CDATA[Identification Code Qualifier]]></Description></Element><Element Sequence="04" Required="False" Enabled="True" DataElement="67" DataType="AN" MinLength="2" MaxLength="80"><Description><![CDATA[Identification Code]]></Description></Element></SegmentElements></MapAlternative></Segment><Segment Sequence="090" SegmentCode="N3 " Required="False" Enabled="True"><Description><![CDATA[Address Information]]></Description><MapAlternative Name="Default"><SegmentElements><Element Sequence="01" Required="True" Enabled="True" DataElement="166" DataType="AN" MinLength="1" MaxLength="55"><Description><![CDATA[Address Information]]></Description><Mappings><Mapping Enabled="True"><MappingSources><MappingSource Type="Column"><NodeLevel>Header</NodeLevel><SourceValue>COMPANYADDRESS</SourceValue></MappingSource></MappingSources></Mapping></Mappings></Element><Element Sequence="02" Required="False" Enabled="True" DataElement="166" DataType="AN" MinLength="1" MaxLength="55"><Description><![CDATA[Address Information]]></Description></Element></SegmentElements></MapAlternative></Segment><Segment Sequence="100" SegmentCode="N4 " Required="False" Enabled="True"><Description><![CDATA[Geographic Location]]></Description><MapAlternative Name="Default"><SegmentElements><Element Sequence="01" Required="False" Enabled="True" DataElement="19" DataType="AN" MinLength="2" MaxLength="30"><Description><![CDATA[City Name]]></Description><Mappings><Mapping Enabled="True"><MappingSources><MappingSource Type="Column"><NodeLevel>Header</NodeLevel><SourceValue>COMPANYCITY</SourceValue></MappingSource></MappingSources></Mapping></Mappings></Element><Element Sequence="02" Required="False" Enabled="True" DataElement="156" DataType="AN" MinLength="2" MaxLength="2"><Description><![CDATA[State or Province Code]]></Description><Mappings><Mapping Enabled="True"><MappingSources><MappingSource Type="Column"><NodeLevel>Header</NodeLevel><SourceValue>COMPANYSTATE</SourceValue></MappingSource></MappingSources></Mapping></Mappings></Element><Element Sequence="03" Required="False" Enabled="True" DataElement="116" DataType="AN" MinLength="3" MaxLength="15"><Description><![CDATA[Postal Code]]></Description><Mappings><Mapping Enabled="True"><MappingSources><MappingSource Type="Column"><NodeLevel>Header</NodeLevel><SourceValue>COMPANYZIP</SourceValue></MappingSource></MappingSources></Mapping></Mappings></Element></SegmentElements></MapAlternative></Segment><Segment Sequence="130" SegmentCode="ITD" Required="False" Enabled="True"><Description><![CDATA[Terms of Sale/Deferred Terms of Sale]]></Description><MapAlternative Name="Default"><SegmentElements><Element Sequence="01" Required="False" Enabled="True" DataElement="336" DataType="ID" MinLength="2" MaxLength="2"><Description><![CDATA[Terms Type Code]]></Description><Mappings><Mapping Enabled="True"><MappingSources><MappingSource Type="Literal"><SourceValue><![CDATA[14]]></SourceValue></MappingSource></MappingSources></Mapping></Mappings></Element><Element Sequence="02" Required="False" Enabled="True" DataElement="333" DataType="ID" MinLength="1" MaxLength="2"><Description><![CDATA[Terms Basis Date Code]]></Description><Mappings><Mapping Enabled="True"><MappingSources><MappingSource Type="Literal"><SourceValue><![CDATA[3]]></SourceValue></MappingSource></MappingSources></Mapping></Mappings></Element><Element Sequence="07" Required="False" Enabled="True" DataElement="386" DataType="N0" MinLength="1" MaxLength="3"><Description><![CDATA[Terms Net Days]]></Description><Mappings><Mapping Enabled="True"><MappingSources><MappingSource Type="Literal"><SourceValue><![CDATA[30]]></SourceValue></MappingSource></MappingSources></Mapping></Mappings></Element></SegmentElements></MapAlternative></Segment><Segment Sequence="140" SegmentCode="DTM" Required="False" Enabled="True"><Description><![CDATA[Date/Time Reference]]></Description><MapAlternative Name="Default"><SegmentElements><Element Sequence="01" Required="True" Enabled="True" DataElement="374" DataType="ID" MinLength="3" MaxLength="3"><Description><![CDATA[Date/Time Qualifier]]></Description><Mappings><Mapping Enabled="True"><MappingSources><MappingSource Type="Literal"><SourceValue><![CDATA[011]]></SourceValue></MappingSource></MappingSources></Mapping></Mappings></Element><Element Sequence="02" Required="False" Enabled="True" DataElement="373" DataType="DT" MinLength="8" MaxLength="8"><Description><![CDATA[Date - Shipped]]></Description><Mappings><Mapping Enabled="True"><MappingSources><MappingSource Type="Column"><NodeLevel>Header</NodeLevel><SourceValue>INVOICEDATE</SourceValue><ExpMapFunction Name="EDIDate"><![CDATA[yyyyMMdd]]></ExpMapFunction></MappingSource></MappingSources></Mapping></Mappings></Element></SegmentElements></MapAlternative></Segment><TranSetNode Name="Detail" Required="True"><Query><![CDATA[------------ 
--[DETAIL]-- 
------------ 
SELECT 
	ISNULL(POD.LINENUMBER,OD.LINENUMBER) AS LINENUMBER, 
	DBO.FN_WHITELIST(ITM.DESCRIPTION_1) AS DESCRIPTION_1, --REMOVE SPECIAL CHARACTERS
	ITM.ITEMCODE, 
	OD.QUANTITYSHIPPED, 
	ISNULL(POD.UNITOFMEASURE, OD.UNITOFMEASURE) AS UNITOFMEASURE, 
	CAST(	ISNULL(OD.UNITPRICE, 0) + 
			ISNULL(OD.HANDLINGCHARGEPERITEM,0) + 
			ISNULL(OD.TAGGINGCHARGEPERITEM,0) + 
			ISNULL(OD.FREIGHTRATEPERITEM,0) 
		AS DECIMAL(15,2)) AS LANDEDPRICE, 
	IIF(ISNULL(PSD.ALTERNATESKU,'')='','','IN') AS SKUSERVICEID, --SPECIAL CASE FOR ACE, BLANK SERVICEID FOR MISSING SKUS. 
	ISNULL(PSD.ALTERNATESKU,'') AS ALTERNATESKU, 
	ITM.ITEMSUPCCODE 
FROM OMTRANSACTIONHEADER OH (NOLOCK) 
JOIN OMTRANSACTIONDETAIL OD (NOLOCK) ON OD.R_TRANSACTIONHEADER = OH.ROWID 
LEFT JOIN OMTRANSACTIONHEADER POH (NOLOCK) ON POH.PURCHASEORDERNUMBER = OH.PURCHASEORDERNUMBER AND POH.RECORDTYPE = 'I' 
LEFT JOIN OMTRANSACTIONDETAIL POD (NOLOCK) ON POD.R_TRANSACTIONHEADER = POH.ROWID AND POD.LINENUMBER = OD.LINENUMBER 
JOIN IMITEM ITM (NOLOCK) ON ITM.ROWID = OD.R_ITEM 
JOIN IDMASTER WH (NOLOCK) ON WH.ROWID = OH.R_FMSHIPPER 
JOIN IDCUSTOMER ICUST (NOLOCK) ON ICUST.R_IDENTITY = OH.R_CUSTOMER 
JOIN IDCONSIGNEE ICONS (NOLOCK) ON ICONS.R_IDENTITY = OH.R_SHIPPER 
LEFT JOIN IDCONSIGNEESHIPPERZONE SZ (NOLOCK) ON SZ.R_CONSIGNEE = ICONS.R_IDENTITY AND SZ.R_SHIPPER = WH.ROWID 
LEFT JOIN IMPRICESCHEDULEHEADER PSH (NOLOCK) ON PSH.ROWID = ISNULL(SZ.R_PRICESCHEDULE, ICONS.R_PRICESCHEDULE) 
LEFT JOIN IMPRICESCHEDULEDETAIL PSD (NOLOCK) ON PSD.R_PRICESCHEDULEHEADER = PSH.ROWID AND PSD.R_ITEM = OD.R_ITEM AND PSD.EXPIRATIONDATE >= GETDATE() 
WHERE ISNULL(OD.QUANTITYSHIPPED,0) > 0 
AND OH.ROWID = @ROWID 
ORDER BY OD.LINENUMBER
]]></Query><Parameters><Parameter Name="@ROWID" Type="Guid" Length="0" SourceType="Variable"><![CDATA[SourceRowID]]></Parameter></Parameters><TranSetNodeItems><SegmentGroup Name="Baseline Item Data" Enabled="True"><Segments><Segment Sequence="010" SegmentCode="IT1" Required="False" Enabled="True"><Description><![CDATA[Baseline Item Data (Invoice)]]></Description><MapAlternative Name="Default"><SegmentElements><Element Sequence="01" Required="False" Enabled="True" DataElement="350" DataType="AN" MinLength="1" MaxLength="20"><Description><![CDATA[Assigned Identification]]></Description><Mappings><Mapping Enabled="True"><MappingSources><MappingSource Type="Column"><NodeLevel>Detail</NodeLevel><SourceValue>LINENUMBER</SourceValue></MappingSource></MappingSources></Mapping></Mappings></Element><Element Sequence="02" Required="False" Enabled="True" DataElement="358" DataType="R" MinLength="1" MaxLength="10"><Description><![CDATA[Quantity Invoiced]]></Description><Mappings><Mapping Enabled="True"><MappingSources><MappingSource Type="Column"><NodeLevel>Detail</NodeLevel><SourceValue>QUANTITYSHIPPED</SourceValue></MappingSource></MappingSources></Mapping></Mappings></Element><Element Sequence="03" Required="False" Enabled="True" DataElement="355" DataType="ID" MinLength="2" MaxLength="2"><Description><![CDATA[Unit or Basis for Measurement Code]]></Description><Mappings><Mapping Enabled="True"><MappingSources><MappingSource Type="Column"><NodeLevel>Detail</NodeLevel><SourceValue>UNITOFMEASURE</SourceValue></MappingSource></MappingSources></Mapping></Mappings></Element><Element Sequence="04" Required="False" Enabled="True" DataElement="212" DataType="R" MinLength="1" MaxLength="17"><Description><![CDATA[Unit Price]]></Description><Mappings><Mapping Enabled="True"><MappingSources><MappingSource Type="Column"><NodeLevel>Detail</NodeLevel><SourceValue>LANDEDPRICE</SourceValue></MappingSource></MappingSources></Mapping></Mappings></Element><Element Sequence="06" Required="False" Enabled="True" DataElement="235" DataType="ID" MinLength="2" MaxLength="2"><Description><![CDATA[Product/Service ID Qualifier]]></Description><Mappings><Mapping Enabled="True"><MappingSources><MappingSource Type="Literal"><SourceValue><![CDATA[UP]]></SourceValue></MappingSource></MappingSources></Mapping></Mappings></Element><Element Sequence="07" Required="False" Enabled="True" DataElement="234" DataType="AN" MinLength="1" MaxLength="48"><Description><![CDATA[Product/Service ID]]></Description><Mappings><Mapping Enabled="True"><MappingSources><MappingSource Type="Column"><NodeLevel>Detail</NodeLevel><SourceValue>ITEMSUPCCODE</SourceValue></MappingSource></MappingSources></Mapping></Mappings></Element><Element Sequence="08" Required="False" Enabled="True" DataElement="235" DataType="ID" MinLength="2" MaxLength="2"><Description><![CDATA[Product/Service ID Qualifier]]></Description><Mappings><Mapping Enabled="True"><MappingSources><MappingSource Type="Literal"><SourceValue><![CDATA[IN]]></SourceValue></MappingSource></MappingSources></Mapping></Mappings></Element><Element Sequence="09" Required="False" Enabled="True" DataElement="234" DataType="AN" MinLength="1" MaxLength="48"><Description><![CDATA[Product/Service ID]]></Description><Mappings><Mapping Enabled="True"><MappingSources><MappingSource Type="Column"><NodeLevel>Detail</NodeLevel><SourceValue>ALTERNATESKU</SourceValue></MappingSource></MappingSources></Mapping></Mappings></Element><Element Sequence="10" Required="False" Enabled="True" DataElement="235" DataType="ID" MinLength="2" MaxLength="2"><Description><![CDATA[Product/Service ID Qualifier]]></Description><Mappings><Mapping Enabled="True"><MappingSources><MappingSource Type="Literal"><SourceValue><![CDATA[VN]]></SourceValue></MappingSource></MappingSources></Mapping></Mappings></Element><Element Sequence="11" Required="False" Enabled="True" DataElement="234" DataType="AN" MinLength="1" MaxLength="48"><Description><![CDATA[Product/Service ID]]></Description><Mappings><Mapping Enabled="True"><MappingSources><MappingSource Type="Column"><NodeLevel>Detail</NodeLevel><SourceValue>ITEMCODE</SourceValue></MappingSource></MappingSources></Mapping></Mappings></Element></SegmentElements></MapAlternative></Segment><Segment Sequence="060" SegmentCode="PID" Required="False" Enabled="True"><Description><![CDATA[Product/Item Description]]></Description><MapAlternative Name="Default"><SegmentElements><Element Sequence="01" Required="True" Enabled="True" DataElement="349" DataType="ID" MinLength="1" MaxLength="1"><Description><![CDATA[Item Description Type]]></Description><Mappings><Mapping Enabled="True"><MappingSources><MappingSource Type="Literal"><SourceValue><![CDATA[F]]></SourceValue></MappingSource></MappingSources></Mapping></Mappings></Element><Element Sequence="05" Required="False" Enabled="True" DataElement="352" DataType="AN" MinLength="1" MaxLength="80"><Description><![CDATA[Description]]></Description><Mappings><Mapping Enabled="True"><MappingSources><MappingSource Type="Column"><NodeLevel>Detail</NodeLevel><SourceValue>DESCRIPTION_1</SourceValue></MappingSource></MappingSources></Mapping></Mappings></Element></SegmentElements></MapAlternative></Segment></Segments></SegmentGroup></TranSetNodeItems></TranSetNode><Segment Sequence="010" SegmentCode="TDS" Required="True" Enabled="True"><Description><![CDATA[Total Monetary Value Summary]]></Description><MapAlternative Name="Default"><SegmentElements><Element Sequence="01" Required="True" Enabled="True" DataElement="610" DataType="N2" MinLength="1" MaxLength="15"><Description><![CDATA[Amount]]></Description><Mappings><Mapping Enabled="True"><MappingSources><MappingSource Type="Column"><NodeLevel>Header</NodeLevel><SourceValue>TOTAL</SourceValue></MappingSource></MappingSources></Mapping></Mappings></Element></SegmentElements></MapAlternative></Segment><Segment Sequence="010" SegmentCode="SAC" Required="False" Enabled="True"><Description><![CDATA[Service, Promotion, Allowance, or Charge Information]]></Description><MapAlternative Name="Default"><Condition><ConditionItem><LeftValue><LogicalExpr><Type>1</Type><Value>SAC01VALUE</Value><LevelName>Header</LevelName></LogicalExpr></LeftValue><Operator>1</Operator><RightValue><LogicalExpr><Type>0</Type><Value>X</Value></LogicalExpr></RightValue><Connector>0</Connector><Group>0</Group></ConditionItem></Condition><SegmentElements><Element Sequence="01" Required="False" Enabled="True" DataElement="610" DataType="ID" MinLength="1" MaxLength="1"><Description><![CDATA[Allowance or Charge Indicator]]></Description><Mappings><Mapping Enabled="True"><MappingSources><MappingSource Type="Column"><NodeLevel>Header</NodeLevel><SourceValue>SAC01VALUE</SourceValue></MappingSource></MappingSources></Mapping></Mappings></Element><Element Sequence="02" Required="False" Enabled="True" DataElement="1300" DataType="ID" MinLength="4" MaxLength="4"><Description><![CDATA[Service, Promotion, Allowance, or Charge Code]]></Description><Mappings><Mapping Enabled="True"><MappingSources><MappingSource Type="Literal"><SourceValue><![CDATA[D240]]></SourceValue></MappingSource></MappingSources></Mapping></Mappings></Element><Element Sequence="05" Required="False" Enabled="True" DataElement="610" DataType="N2" MinLength="1" MaxLength="15"><Description><![CDATA[Amount]]></Description><Mappings><Mapping Enabled="True"><MappingSources><MappingSource Type="Column"><NodeLevel>Header</NodeLevel><SourceValue>SAC05VALUE</SourceValue></MappingSource></MappingSources></Mapping></Mappings></Element><Element Sequence="15" Required="False" Enabled="True" DataElement="352" DataType="AN" MinLength="1" MaxLength="80"><Description><![CDATA[Description]]></Description><Mappings><Mapping Enabled="True"><MappingSources><MappingSource Type="Column"><NodeLevel>Header</NodeLevel><SourceValue>SAC15VALUE</SourceValue></MappingSource></MappingSources></Mapping></Mappings></Element></SegmentElements></MapAlternative></Segment><Segment Sequence="070" SegmentCode="CTT" Required="False" Enabled="True"><Description><![CDATA[Transaction Totals]]></Description><MapAlternative Name="Default"><SegmentElements><Element Sequence="01" Required="True" Enabled="True" DataElement="354" DataType="N0" MinLength="1" MaxLength="6"><Description><![CDATA[Number of Line Items]]></Description><Mappings><Mapping Enabled="True"><MappingSources><MappingSource Type="Column"><NodeLevel>Header</NodeLevel><SourceValue>LINECOUNT</SourceValue></MappingSource></MappingSources></Mapping></Mappings></Element></SegmentElements></MapAlternative></Segment></TranSetNodeItems></TranSetNode></TranSet></EdiExportMap>