<EdiExportMap MappingID="RuralKing-855" Version="1" TranSet="855" EdiVersion="5010" EdiStandard="X12" Template="True"><Description><![CDATA[855 Purchase Order Acknowledgment For RURAL KING]]></Description><Comments><![CDATA[]]></Comments><TranSet><TranSetNode Name="Header" Required="True"><Query><![CDATA[------------
--[HEADER]--
------------
SELECT	
	OH.TRANSACTIONNUMBER, 
	CASE 
		WHEN OH.STAGE = 'L' THEN 'RJ' 
		WHEN DBO.FN_EDI_PO_CHANGES(OH.TRANSACTIONNUMBER, NULL, NULL) > 0 THEN 'AC'
		ELSE 'AD'
	END AS ACKNOWLEGMENTTYPE, 
	OH.PURCHASEORDERNUMBER, 
	ISNULL(OH.COMMITDATE, OH.TRANSACTIONDATE) AS COMMITDATE, 
	OH.TRANSACTIONDATE, 
	OH.SHIPPINGDATE, 
	POH.USERDEFINEDDATE_19 AS SHIPNOTBEFORE, 
	POH.USERDEFINEDDATE_20 AS SHIPNOTAFTER, 
	POH.USERDEFINEDREFERENCE_17 AS PO_VENDOR, 
	WH.IDENTITYID, 
	CONS.IDGROUP,
	CONS.NAME AS CONSIGNEENAME, 
	ISNULL(POH.USERDEFINEDREFERENCE_19, ICONS.USERDEFINEDREFERENCE_2) AS PO_STORENUMBER, 
	VCONS.CONSIGNEEADDRESS_1 AS SHIPTOADDRESS1, 
	VCONS.CONSIGNEEADDRESS_2 AS SHIPTOADDRESS2, 
	VCONS.CONSIGNEECITY AS SHIPTOCITY, 
	VCONS.CONSIGNEESTATE AS SHIPTOSTATE, 
	VCONS.CONSIGNEEZIP AS SHIPTOZIP, 
	ISNULL(VCONS.CONSIGNEECOUNTRY, 'US') AS SHIPTOCOUNTRY
FROM OMTRANSACTIONHEADER OH (NOLOCK)
LEFT JOIN OMTRANSACTIONHEADER POH (NOLOCK) ON POH.PURCHASEORDERNUMBER = OH.PURCHASEORDERNUMBER AND POH.RECORDTYPE IN('I', 'E')
JOIN IDMASTER WH (NOLOCK) ON WH.ROWID = OH.R_FMSHIPPER 
JOIN IDCUSTOMER ICUST (NOLOCK) ON ICUST.R_IDENTITY = OH.R_CUSTOMER
JOIN IDMASTER CONS (NOLOCK) ON CONS.ROWID = OH.R_SHIPPER 
JOIN VW_IDCONSIGNEEVIEW VCONS (NOLOCK) ON VCONS.CONSIGNEEMASTERROWID = OH.R_SHIPPER
JOIN IDCONSIGNEE ICONS (NOLOCK) ON ICONS.R_IDENTITY = OH.R_SHIPPER 
WHERE OH.ROWID = @ROWID 
AND OH.TRANSACTIONTYPE = 'I'				--INVOICES ONLY
AND ISNULL(ICUST.USERDEFINEDCODE_9,'') = 'Y'--EDI CUSTOMERS ONLY
AND ISNULL(OH.INVENTORYREVIEW,'') <> 'Y'	--NOT IN INVENTORYREVIEW
]]></Query><Parameters><Parameter Name="@ROWID" Type="Guid" Length="0" SourceType="Variable"><![CDATA[SourceRowID]]></Parameter></Parameters><TranSetNodeItems><Segment Sequence="020" SegmentCode="BAK" Required="True" Enabled="True"><Description><![CDATA[Beginning Segment for Purchase Order Acknowledgment]]></Description><MapAlternative Name="Default"><SegmentElements><Element Sequence="01" Required="True" Enabled="True" DataElement="353" DataType="ID" MinLength="2" MaxLength="2"><Description><![CDATA[Transaction Set Purpose Code]]></Description><Mappings><Mapping Enabled="True"><MappingSources><MappingSource Type="Literal"><SourceValue><![CDATA[00]]></SourceValue></MappingSource></MappingSources></Mapping></Mappings></Element><Element Sequence="02" Required="True" Enabled="True" DataElement="587" DataType="ID" MinLength="2" MaxLength="2"><Description><![CDATA[Acknowledgment Type]]></Description><Mappings><Mapping Enabled="True"><MappingSources><MappingSource Type="Column"><NodeLevel>Header</NodeLevel><SourceValue>ACKNOWLEGMENTTYPE</SourceValue></MappingSource></MappingSources></Mapping></Mappings></Element><Element Sequence="03" Required="True" Enabled="True" DataElement="324" DataType="AN" MinLength="1" MaxLength="22"><Description><![CDATA[Purchase Order Number]]></Description><Mappings><Mapping Enabled="True"><MappingSources><MappingSource Type="Column"><NodeLevel>Header</NodeLevel><SourceValue>PURCHASEORDERNUMBER</SourceValue></MappingSource></MappingSources></Mapping></Mappings></Element><Element Sequence="04" Required="True" Enabled="True" DataElement="373" DataType="DT" MinLength="8" MaxLength="8"><Description><![CDATA[Date]]></Description><Mappings><Mapping Enabled="True"><MappingSources><MappingSource Type="Column"><NodeLevel>Header</NodeLevel><SourceValue>TRANSACTIONDATE</SourceValue><ExpMapFunction Name="EDIDate"><![CDATA[yyyyMMdd]]></ExpMapFunction></MappingSource></MappingSources></Mapping></Mappings></Element></SegmentElements></MapAlternative></Segment><Segment Sequence="150" SegmentCode="DTM" Required="False" Enabled="True"><Description><![CDATA[Date/Time Reference]]></Description><MapAlternative Name="Default"><SegmentElements><Element Sequence="01" Required="True" Enabled="True" DataElement="374" DataType="ID" MinLength="3" MaxLength="3"><Description><![CDATA[Date/Time Qualifier(DONOTDELIVERBEFORE)]]></Description><Mappings><Mapping Enabled="True"><MappingSources><MappingSource Type="Literal"><SourceValue><![CDATA[064]]></SourceValue></MappingSource></MappingSources></Mapping></Mappings></Element><Element Sequence="02" Required="False" Enabled="True" DataElement="373" DataType="DT" MinLength="8" MaxLength="8"><Description><![CDATA[Date]]></Description><Mappings><Mapping Enabled="True"><MappingSources><MappingSource Type="Column"><NodeLevel>Header</NodeLevel><SourceValue>SHIPNOTBEFORE</SourceValue><ExpMapFunction Name="EDIDate"><![CDATA[yyyyMMdd]]></ExpMapFunction></MappingSource></MappingSources></Mapping></Mappings></Element></SegmentElements></MapAlternative></Segment><Segment Sequence="150" SegmentCode="DTM" Required="True" Enabled="True"><Description><![CDATA[Date/Time Reference]]></Description><MapAlternative Name="Default"><SegmentElements><Element Sequence="01" Required="True" Enabled="True" DataElement="374" DataType="ID" MinLength="3" MaxLength="3"><Description><![CDATA[Date/Time Qualifier(DONOTDELIVERAFTER)]]></Description><Mappings><Mapping Enabled="True"><MappingSources><MappingSource Type="Literal"><SourceValue><![CDATA[063]]></SourceValue></MappingSource></MappingSources></Mapping></Mappings></Element><Element Sequence="02" Required="False" Enabled="True" DataElement="373" DataType="DT" MinLength="8" MaxLength="8"><Description><![CDATA[Date]]></Description><Mappings><Mapping Enabled="True"><MappingSources><MappingSource Type="Column"><NodeLevel>Header</NodeLevel><SourceValue>SHIPNOTAFTER</SourceValue><ExpMapFunction Name="EDIDate"><![CDATA[yyyyMMdd]]></ExpMapFunction></MappingSource></MappingSources></Mapping></Mappings></Element></SegmentElements></MapAlternative></Segment><SegmentGroup Name="Ship From" Enabled="True"><Segments><Segment Sequence="300" SegmentCode="N1 " Required="False" Enabled="True"><Description><![CDATA[Name]]></Description><MapAlternative Name="Default"><SegmentElements><Element Sequence="01" Required="True" Enabled="True" DataElement="98" DataType="ID" MinLength="2" MaxLength="3"><Description><![CDATA[Entity Identifier Code]]></Description><Mappings><Mapping Enabled="True"><MappingSources><MappingSource Type="Literal"><SourceValue><![CDATA[SF]]></SourceValue></MappingSource></MappingSources></Mapping></Mappings></Element><Element Sequence="02" Required="False" Enabled="True" DataElement="93" DataType="AN" MinLength="1" MaxLength="60"><Description><![CDATA[Name]]></Description><Mappings><Mapping Enabled="True"><MappingSources><MappingSource Type="Literal"><SourceValue><![CDATA[GREENLEAF NURSERY]]></SourceValue></MappingSource></MappingSources></Mapping></Mappings></Element><Element Sequence="03" Required="False" Enabled="True" DataElement="66" DataType="ID" MinLength="1" MaxLength="2"><Description><![CDATA[Identification Code Qualifier]]></Description><Mappings><Mapping Enabled="True"><MappingSources><MappingSource Type="Literal"><SourceValue><![CDATA[92]]></SourceValue></MappingSource></MappingSources></Mapping></Mappings></Element><Element Sequence="04" Required="False" Enabled="True" DataElement="67" DataType="AN" MinLength="2" MaxLength="80"><Description><![CDATA[Identification Code]]></Description><Mappings><Mapping Enabled="True"><MappingSources><MappingSource Type="Column"><NodeLevel>Header</NodeLevel><SourceValue>PO_VENDOR</SourceValue></MappingSource></MappingSources></Mapping></Mappings></Element></SegmentElements></MapAlternative></Segment></Segments></SegmentGroup><SegmentGroup Name="Ship To" Enabled="True"><Segments><Segment Sequence="300" SegmentCode="N1 " Required="True" Enabled="True"><Description><![CDATA[Name]]></Description><MapAlternative Name="Default"><SegmentElements><Element Sequence="01" Required="True" Enabled="True" DataElement="98" DataType="ID" MinLength="2" MaxLength="3"><Description><![CDATA[Entity Identifier Code]]></Description><Mappings><Mapping Enabled="True"><MappingSources><MappingSource Type="Literal"><SourceValue><![CDATA[ST]]></SourceValue></MappingSource></MappingSources></Mapping></Mappings></Element><Element Sequence="02" Required="False" Enabled="True" DataElement="93" DataType="AN" MinLength="1" MaxLength="60"><Description><![CDATA[Name]]></Description><Mappings><Mapping Enabled="True"><MappingSources><MappingSource Type="Column"><NodeLevel>Header</NodeLevel><SourceValue>CONSIGNEENAME</SourceValue></MappingSource></MappingSources></Mapping></Mappings></Element><Element Sequence="03" Required="False" Enabled="True" DataElement="66" DataType="ID" MinLength="1" MaxLength="2"><Description><![CDATA[Identification Code Qualifier]]></Description><Mappings><Mapping Enabled="True"><MappingSources><MappingSource Type="Literal"><SourceValue><![CDATA[92]]></SourceValue></MappingSource></MappingSources></Mapping></Mappings></Element><Element Sequence="04" Required="False" Enabled="True" DataElement="67" DataType="AN" MinLength="2" MaxLength="80"><Description><![CDATA[Identification Code]]></Description><Mappings><Mapping Enabled="True"><MappingSources><MappingSource Type="Column"><NodeLevel>Header</NodeLevel><SourceValue>PO_STORENUMBER</SourceValue></MappingSource></MappingSources></Mapping></Mappings></Element></SegmentElements></MapAlternative></Segment><Segment Sequence="390" SegmentCode="N3 " Required="False" Enabled="True"><Description><![CDATA[Address Information]]></Description><MapAlternative Name="Default"><SegmentElements><Element Sequence="01" Required="True" Enabled="True" DataElement="166" DataType="AN" MinLength="1" MaxLength="55"><Description><![CDATA[Address Information]]></Description><Mappings><Mapping Enabled="True"><MappingSources><MappingSource Type="Column"><NodeLevel>Header</NodeLevel><SourceValue>SHIPTOADDRESS1</SourceValue></MappingSource></MappingSources></Mapping></Mappings></Element><Element Sequence="02" Required="False" Enabled="True" DataElement="166" DataType="AN" MinLength="1" MaxLength="55"><Description><![CDATA[Address Information]]></Description><Mappings><Mapping Enabled="True"><MappingSources><MappingSource Type="Column"><NodeLevel>Header</NodeLevel><SourceValue>SHIPTOADDRESS2</SourceValue></MappingSource></MappingSources></Mapping></Mappings></Element></SegmentElements></MapAlternative></Segment><Segment Sequence="400" SegmentCode="N4 " Required="False" Enabled="True"><Description><![CDATA[Geographic Location]]></Description><MapAlternative Name="Default"><SegmentElements><Element Sequence="01" Required="False" Enabled="True" DataElement="19" DataType="AN" MinLength="2" MaxLength="30"><Description><![CDATA[City Name]]></Description><Mappings><Mapping Enabled="True"><MappingSources><MappingSource Type="Column"><NodeLevel>Header</NodeLevel><SourceValue>SHIPTOCITY</SourceValue></MappingSource></MappingSources></Mapping></Mappings></Element><Element Sequence="02" Required="False" Enabled="True" DataElement="156" DataType="ID" MinLength="2" MaxLength="2"><Description><![CDATA[State or Province Code]]></Description><Mappings><Mapping Enabled="True"><MappingSources><MappingSource Type="Column"><NodeLevel>Header</NodeLevel><SourceValue>SHIPTOSTATE</SourceValue></MappingSource></MappingSources></Mapping></Mappings></Element><Element Sequence="03" Required="False" Enabled="True" DataElement="116" DataType="ID" MinLength="3" MaxLength="15"><Description><![CDATA[Postal Code]]></Description><Mappings><Mapping Enabled="True"><MappingSources><MappingSource Type="Column"><NodeLevel>Header</NodeLevel><SourceValue>SHIPTOZIP</SourceValue></MappingSource></MappingSources></Mapping></Mappings></Element><Element Sequence="04" Required="False" Enabled="True" DataElement="26" DataType="ID" MinLength="2" MaxLength="3"><Description><![CDATA[Country Code]]></Description><Mappings><Mapping Enabled="True"><MappingSources><MappingSource Type="Column"><NodeLevel>Header</NodeLevel><SourceValue>SHIPTOCOUNTRY</SourceValue></MappingSource></MappingSources></Mapping></Mappings></Element></SegmentElements></MapAlternative></Segment></Segments></SegmentGroup><TranSetNode Name="Detail" Required="True"><Query><![CDATA[------------
--[DETAIL]--
------------
SELECT	
	--NOT USING THESE FIELDS UNLESS RK REQUESTS IT:
	--CASE 
	--	WHEN DBO.FN_EDI_PO_CHANGES(OH.TRANSACTIONNUMBER, OD.LINENUMBER, 'Q') > 0 THEN 'IQ'
	--	WHEN DBO.FN_EDI_PO_CHANGES(OH.TRANSACTIONNUMBER, OD.LINENUMBER, 'P') > 0 THEN 'IP'
	--	ELSE 'IA'
	--END AS ACKNOWLEGMENTTYPE, 
	--DBO.FN_EDI_PO_CHANGES(OH.TRANSACTIONNUMBER, OD.LINENUMBER, 'P') AS PRICECHANGE,
	--DBO.FN_EDI_PO_CHANGES(OH.TRANSACTIONNUMBER, OD.LINENUMBER, 'Q') AS QUANTITYCHANGE,
	OD.LINENUMBER, 
	NULLIF(IIF(CHARINDEX(OH.STAGE,'A;S;C')>0, ISNULL(OD.QUANTITYSHIPPED,0), ISNULL(OD.QUANTITYORDERED,0)),0) AS QUANTITYATSTAGE,
	(	CAST(OD.UNITPRICE AS DECIMAL(15,2)) + 
		ISNULL(OD.HANDLINGCHARGEPERITEM,0) + 
		ISNULL(OD.TAGGINGCHARGEPERITEM,0) + 
		ISNULL(OD.FREIGHTRATEPERITEM,0) 
	) AS LANDEDPRICE, 
	PSD.ALTERNATESKU AS CUSTOMERSKU 
FROM OMTRANSACTIONDETAIL OD (NOLOCK) 
JOIN OMTRANSACTIONHEADER OH (NOLOCK) ON OH.ROWID = OD.R_TRANSACTIONHEADER 
JOIN IDMASTER WH (NOLOCK) ON WH.ROWID = OH.R_FMSHIPPER 
JOIN IDCUSTOMER ICUST (NOLOCK) ON ICUST.R_IDENTITY = OH.R_CUSTOMER 
JOIN IDCONSIGNEE ICONS (NOLOCK) ON ICONS.R_IDENTITY = OH.R_SHIPPER 
LEFT JOIN IDCONSIGNEESHIPPERZONE SZ (NOLOCK) ON SZ.R_CONSIGNEE = ICONS.R_IDENTITY AND SZ.R_SHIPPER = WH.ROWID 
LEFT JOIN IMPRICESCHEDULEHEADER PSH (NOLOCK) ON PSH.ROWID = ISNULL(SZ.R_PRICESCHEDULE, ICONS.R_PRICESCHEDULE) 
LEFT JOIN IMPRICESCHEDULEDETAIL PSD (NOLOCK) ON PSD.R_PRICESCHEDULEHEADER = PSH.ROWID AND PSD.R_ITEM = OD.R_ITEM AND PSD.EXPIRATIONDATE >= GETDATE() 
WHERE (OD.R_TRANSACTIONHEADER = @ROWID) AND (ISNULL(OD.QUANTITYORDERED,0) > 0) 
AND OH.TRANSACTIONTYPE = 'I'				--INVOICES ONLY
AND ISNULL(ICUST.USERDEFINEDCODE_9,'') = 'Y'--EDI CUSTOMERS ONLY
AND ISNULL(OH.INVENTORYREVIEW,'') <> 'Y'	--NOT IN INVENTORYREVIEW
ORDER BY OD.LINENUMBER ASC 
]]></Query><Parameters><Parameter Name="@ROWID" Type="Guid" Length="0" SourceType="Variable"><![CDATA[SourceRowID]]></Parameter></Parameters><TranSetNodeItems><Segment Sequence="010" SegmentCode="PO1" Required="True" Enabled="True"><Description><![CDATA[Baseline Item Data]]></Description><MapAlternative Name="Default"><SegmentElements><Element Sequence="01" Required="False" Enabled="True" DataElement="350" DataType="AN" MinLength="1" MaxLength="20"><Description><![CDATA[Assigned Identification]]></Description><Mappings><Mapping Enabled="True"><MappingSources><MappingSource Type="Column"><NodeLevel>Detail</NodeLevel><SourceValue>LINENUMBER</SourceValue></MappingSource></MappingSources></Mapping></Mappings></Element><Element Sequence="02" Required="False" Enabled="True" DataElement="330" DataType="R" MinLength="1" MaxLength="15"><Description><![CDATA[Quantity Ordered]]></Description><Mappings><Mapping Enabled="True"><MappingSources><MappingSource Type="Column"><NodeLevel>Detail</NodeLevel><SourceValue>QUANTITYATSTAGE</SourceValue></MappingSource></MappingSources></Mapping></Mappings></Element><Element Sequence="03" Required="False" Enabled="True" DataElement="355" DataType="AN" MinLength="2" MaxLength="2"><Description><![CDATA[Unit or Basis for Measurement Code]]></Description><Mappings><Mapping Enabled="True"><MappingSources><MappingSource Type="Literal"><SourceValue><![CDATA[EA]]></SourceValue></MappingSource></MappingSources></Mapping></Mappings></Element><Element Sequence="04" Required="False" Enabled="True" DataElement="212" DataType="R" MinLength="1" MaxLength="17"><Description><![CDATA[Unit Price]]></Description><Mappings><Mapping Enabled="True"><MappingSources><MappingSource Type="Column"><NodeLevel>Detail</NodeLevel><SourceValue>LANDEDPRICE</SourceValue></MappingSource></MappingSources></Mapping></Mappings></Element><Element Sequence="06" Required="False" Enabled="True" DataElement="235" DataType="ID" MinLength="2" MaxLength="2"><Description><![CDATA[Product/Service ID Qualifier]]></Description><Mappings><Mapping Enabled="True"><MappingSources><MappingSource Type="Literal"><SourceValue><![CDATA[IN]]></SourceValue></MappingSource></MappingSources></Mapping></Mappings></Element><Element Sequence="07" Required="True" Enabled="True" DataElement="234" DataType="AN" MinLength="1" MaxLength="48"><Description><![CDATA[Product/Service ID]]></Description><Mappings><Mapping Enabled="True"><MappingSources><MappingSource Type="Column"><NodeLevel>Detail</NodeLevel><SourceValue>CUSTOMERSKU</SourceValue></MappingSource></MappingSources></Mapping></Mappings></Element></SegmentElements><PreVariableOps><VariableOp><VariableName>ItemDetailCount</VariableName><Operator>Add</Operator><OperandType>Literal</OperandType><Operand>1</Operand></VariableOp></PreVariableOps></MapAlternative></Segment></TranSetNodeItems></TranSetNode><Segment Sequence="010" SegmentCode="CTT" Required="True" Enabled="True"><Description><![CDATA[Transaction Totals]]></Description><MapAlternative Name="Default"><SegmentElements><Element Sequence="01" Required="True" Enabled="True" DataElement="354" DataType="N0" MinLength="1" MaxLength="6"><Description><![CDATA[Number of Line Items]]></Description><Mappings><Mapping Enabled="True"><MappingSources><MappingSource Type="UserVariable"><SourceValue>ItemDetailCount</SourceValue></MappingSource></MappingSources></Mapping></Mappings></Element></SegmentElements></MapAlternative></Segment></TranSetNodeItems></TranSetNode></TranSet><Variables><Variable Type="IntegerVariable">ItemDetailCount</Variable></Variables></EdiExportMap>