<EdiExportMap MappingID="810_RURALKING_2022" Version="1" TranSet="810" EdiVersion="5010" EdiStandard="X12" Template="True"><Description><![CDATA[810 Rural King]]></Description><TranSet><TranSetNode Name="Header" Required="True"><Query><![CDATA[-- 02/19/2007 
SELECT
  OMTransactionHeader.ROWID,
  OMTransactionHeader.InvoiceDate,
  OMTransactionHeader.TransactionDate,
  OMTransactionHeader.TransactionNumber,
  OMTransactionHeader.PurchaseOrderNumber,
  OMTransactionHeader.ShippingDate,
  OMTransactionHeader.R_Shipper,
  OMTransactionHeader.REFERENCE,
  HeaderTotals.TotalAmount,
  HDRTDSAMNT.TDSAMOUNT,
  DetailTotals.Amount as AMNT,
  DetailCount.NumberDetails,
  Consignee.IdentityID as ShipperIdentityId,
  Consignee.Name as ShipperName,
  IDConsignee.IDCode,
  'USD' as CURRENCYCODE ,
  CASE WHEN ISNULL(EFFECTFREIGHTCHARGES.EFFECTIVEFREIGHTCHARGES, 0) > 0 THEN  'D240' ELSE '' END AS EFFECTIVEFREIGHT, 
  Totals.TotalQuantityShipped,
  Totals.TotalGrossWeight,
  RTRIM(IDConsignee.IDCode) As GLNNumber,
  Cust.NAME as CustName,
  OMTRANSACTIONHEADER.USERDEFINEDREFERENCE_17,
  OMTRANSACTIONHEADER.USERDEFINEDREFERENCE_19,
  'GREENLEAF NURSERY' as SFCust,
  Cust.IDENTITYID as CustIdentityId
FROM OMTransactionHeader
  JOIN IDCUSTOMER ON IDCUSTOMER.R_IDENTITY = OMTRANSACTIONHEADER.R_CUSTOMER
  LEFT OUTER JOIN IDMaster Cust On OMTransactionHeader.R_CUSTOMER = Cust.ROWID 
   LEFT OUTER JOIN (SELECT OMTransactionDetail.R_TransactionHeader,
         SUM(OMTransactionDetail.Amount) as Amount  
         FROM OMTransactionDetail
         WHERE ISNULL(OMTransactionDetail.QuantityShipped,0) > 0
         GROUP BY OMTransactionDetail.R_TransactionHeader) AS DetailTotals ON DetailTotals.R_TransactionHeader = OMTransactionHeader.ROWID
   
   LEFT OUTER JOIN (SELECT  OMTransactionDetail.R_TransactionHeader,ROUND(SUM((OMTRANSACTIONDETAIL.QUANTITYSHIPPED * OMTRANSACTIONDETAIL.UNITPRICE) + OMTRANSACTIONDETAIL.EFFECTIVEFREIGHT),2)  AS TotalAmount
                                    FROM OMTransactionDetail
                                    WHERE ISNULL(OMTransactionDetail.QuantityShipped,0) > 0
                                    GROUP BY OMTransactionDetail.R_TransactionHeader) AS HeaderTotals ON HeaderTotals.R_TransactionHeader = OMTransactionHeader.ROWID    
	
	 LEFT OUTER JOIN (SELECT  OMTransactionDetail.R_TransactionHeader,
						ISNULL(OMTRANSACTIONDETAIL.QUANTITYSHIPPED, 0) * (
						ISNULL(OMTRANSACTIONDETAIL.UNITPRICE, 0) + 
						ISNULL(OMTRANSACTIONDETAIL.HANDLINGCHARGEPERITEM,0) + 
						ISNULL(OMTRANSACTIONDETAIL.TAGGINGCHARGEPERITEM,0) + 
						ISNULL(OMTRANSACTIONDETAIL.FREIGHTRATEPERITEM,0)) AS TDSAMOUNT
                                    FROM OMTransactionDetail
                                    WHERE ISNULL(OMTransactionDetail.QuantityShipped,0) > 0) AS HDRTDSAMNT ON HeaderTotals.R_TransactionHeader = OMTransactionHeader.ROWID   

	
   LEFT OUTER JOIN (SELECT  OMTransactionDetail.R_TransactionHeader,Count(*) AS NumberDetails
                                    FROM OMTransactionDetail
                                    WHERE ISNULL(OMTransactionDetail.QuantityShipped,0) > 0
                                    GROUP BY OMTransactionDetail.R_TransactionHeader) AS DetailCount ON DetailCount.R_TransactionHeader = OMTransactionHeader.ROWID

   LEFT OUTER JOIN (SELECT  OMTransactionDetail.R_TransactionHeader, 
					ROUND(SUM(OMTRANSACTIONDETAIL.EFFECTIVEFREIGHT),2) as EFFECTIVEFREIGHTCHARGES
					FROM OMTransactionDetail
					WHERE ISNULL(OMTransactionDetail.QuantityShipped,0) > 0
					GROUP BY OMTransactionDetail.R_TransactionHeader) AS EFFECTFREIGHTCHARGES ON EFFECTFREIGHTCHARGES.R_TransactionHeader = OMTransactionHeader.ROWID

   LEFT OUTER JOIN IDMaster Consignee On OMTransactionHeader.R_Shipper = Consignee.ROWID 
   JOIN IDConsignee ON IDConsignee.R_Identity = Consignee.ROWID
   JOIN IDTypesLinks ON IDTypesLinks.R_IDENTITY = Consignee.ROWID 
                               AND IDTypesLinks.IDTYPE = '02'                 
   
   LEFT OUTER JOIN (SELECT   OMTransactionDetail.R_TransactionHeader as R_TransactionHeader,
                             SUM(OMTransactionDetail.QuantityShipped) AS TotalQuantityShipped,
                             SUM(OMTransactionDetail.QuantityShipped * IMItem.GrossWeightQuantity) As TotalGrossWeight
                   FROM OMTransactionDetail
                   JOIN IMItem ON IMItem.ROWID = OMTransactionDetail.R_Item
                 Where ISNULL(OMTransactionDetail.QuantityShipped,0) > 0
                   Group By R_TransactionHeader) Totals on Totals.R_TransactionHeader = OMTransactionHeader.ROWID
Where OMTransactionHeader.RowID = @HeaderROWID]]></Query><Parameters><Parameter Name="@HeaderROWID" Type="Guid" Length="0" SourceType="Variable"><![CDATA[SourceRowID]]></Parameter></Parameters><TranSetNodeItems><Segment Sequence="020" SegmentCode="BIG" Required="True" Enabled="True"><Description><![CDATA[Beginning Segment for Invoice]]></Description><MapAlternative Name="Default"><SegmentElements><Element Sequence="01" Required="True" Enabled="True" DataElement="373" DataType="DT" MinLength="8" MaxLength="8"><Description><![CDATA[Date]]></Description><Mappings><Mapping Enabled="True"><MappingSources><MappingSource Type="Column"><NodeLevel>Header</NodeLevel><SourceValue>INVOICEDATE</SourceValue><ExpMapFunction Name="EDIDate"><![CDATA[yyyyMMdd]]></ExpMapFunction></MappingSource></MappingSources></Mapping></Mappings></Element><Element Sequence="02" Required="True" Enabled="True" DataElement="76" DataType="AN" MinLength="1" MaxLength="25"><Description><![CDATA[Invoice Number]]></Description><Mappings><Mapping Enabled="True"><MappingSources><MappingSource Type="Column"><NodeLevel>Header</NodeLevel><SourceValue>TRANSACTIONNUMBER</SourceValue></MappingSource></MappingSources></Mapping></Mappings></Element><Element Sequence="03" Required="False" Enabled="True" DataElement="373" DataType="AN" MinLength="1" MaxLength="20"><Description><![CDATA[Date]]></Description><Mappings><Mapping Enabled="True"><MappingSources><MappingSource Type="Column"><NodeLevel>Header</NodeLevel><SourceValue>TRANSACTIONDATE</SourceValue><ExpMapFunction Name="EDIDate"><![CDATA[yyyyMMdd]]></ExpMapFunction></MappingSource></MappingSources></Mapping></Mappings></Element><Element Sequence="04" Required="False" Enabled="True" DataElement="324" DataType="AN" MinLength="1" MaxLength="22"><Description><![CDATA[Purchase Order Number]]></Description><Mappings><Mapping Enabled="True"><MappingSources><MappingSource Type="Column"><NodeLevel>Header</NodeLevel><SourceValue>PURCHASEORDERNUMBER</SourceValue></MappingSource></MappingSources></Mapping></Mappings></Element><Element Sequence="07" Required="False" Enabled="True" DataElement="640" DataType="ID" MinLength="2" MaxLength="2"><Description><![CDATA[Transaction Type Code]]></Description><Mappings><Mapping Enabled="True"><MappingSources><MappingSource Type="Literal"><SourceValue><![CDATA[DI]]></SourceValue></MappingSource></MappingSources></Mapping></Mappings></Element></SegmentElements></MapAlternative></Segment><Segment Sequence="040" SegmentCode="CUR" Required="False" Enabled="True"><Description><![CDATA[Currency]]></Description><MapAlternative Name="Default"><SegmentElements><Element Sequence="01" Required="True" Enabled="True" DataElement="98" DataType="ID" MinLength="2" MaxLength="3"><Description><![CDATA[Entity Identifier Code]]></Description><Mappings><Mapping Enabled="True"><MappingSources><MappingSource Type="Literal"><SourceValue><![CDATA[SE]]></SourceValue></MappingSource></MappingSources></Mapping></Mappings></Element><Element Sequence="02" Required="True" Enabled="True" DataElement="100" DataType="ID" MinLength="3" MaxLength="3"><Description><![CDATA[Currency Code]]></Description><Mappings><Mapping Enabled="True"><MappingSources><MappingSource Type="Column"><NodeLevel>Header</NodeLevel><SourceValue>CURRENCYCODE</SourceValue></MappingSource></MappingSources></Mapping></Mappings></Element></SegmentElements></MapAlternative></Segment><Segment Sequence="070" SegmentCode="N1 " Required="False" Enabled="True"><Description><![CDATA[Name SF]]></Description><MapAlternative Name="Default"><SegmentElements><Element Sequence="01" Required="True" Enabled="True" DataElement="98" DataType="ID" MinLength="2" MaxLength="3"><Description><![CDATA[Entity Identifier Code]]></Description><Mappings><Mapping Enabled="True"><MappingSources><MappingSource Type="Literal"><SourceValue><![CDATA[SF]]></SourceValue></MappingSource></MappingSources></Mapping></Mappings></Element><Element Sequence="02" Required="False" Enabled="True" DataElement="93" DataType="AN" MinLength="1" MaxLength="60"><Description><![CDATA[Name]]></Description><Mappings><Mapping Enabled="True"><MappingSources><MappingSource Type="Column"><NodeLevel>Header</NodeLevel><SourceValue>SFCUST</SourceValue></MappingSource></MappingSources></Mapping></Mappings></Element><Element Sequence="03" Required="False" Enabled="True" DataElement="66" DataType="ID" MinLength="1" MaxLength="2"><Description><![CDATA[Identification Code Qualifier]]></Description><Mappings><Mapping Enabled="True"><MappingSources><MappingSource Type="Literal"><SourceValue><![CDATA[92]]></SourceValue></MappingSource></MappingSources></Mapping></Mappings></Element><Element Sequence="04" Required="False" Enabled="True" DataElement="67" DataType="AN" MinLength="2" MaxLength="80"><Description><![CDATA[Identification Code]]></Description><Mappings><Mapping Enabled="True"><MappingSources><MappingSource Type="Column"><NodeLevel>Header</NodeLevel><SourceValue>USERDEFINEDREFERENCE_17</SourceValue></MappingSource></MappingSources></Mapping></Mappings></Element></SegmentElements></MapAlternative></Segment><Segment Sequence="070" SegmentCode="N1 " Required="False" Enabled="True"><Description><![CDATA[Name ST]]></Description><MapAlternative Name="Default"><SegmentElements><Element Sequence="01" Required="True" Enabled="True" DataElement="98" DataType="ID" MinLength="2" MaxLength="3"><Description><![CDATA[Entity Identifier Code]]></Description><Mappings><Mapping Enabled="True"><MappingSources><MappingSource Type="Literal"><SourceValue><![CDATA[ST]]></SourceValue></MappingSource></MappingSources></Mapping></Mappings></Element><Element Sequence="02" Required="False" Enabled="True" DataElement="93" DataType="AN" MinLength="1" MaxLength="60"><Description><![CDATA[Name]]></Description><Mappings><Mapping Enabled="True"><MappingSources><MappingSource Type="Column"><NodeLevel>Header</NodeLevel><SourceValue>CUSTNAME</SourceValue></MappingSource></MappingSources></Mapping></Mappings></Element><Element Sequence="03" Required="False" Enabled="True" DataElement="66" DataType="ID" MinLength="1" MaxLength="2"><Description><![CDATA[Identification Code Qualifier]]></Description><Mappings><Mapping Enabled="True"><MappingSources><MappingSource Type="Literal"><SourceValue><![CDATA[92]]></SourceValue></MappingSource></MappingSources></Mapping></Mappings></Element><Element Sequence="04" Required="False" Enabled="True" DataElement="67" DataType="AN" MinLength="2" MaxLength="80"><Description><![CDATA[Identification Code]]></Description><Mappings><Mapping Enabled="True"><MappingSources><MappingSource Type="Column"><NodeLevel>Header</NodeLevel><SourceValue>USERDEFINEDREFERENCE_19</SourceValue></MappingSource></MappingSources></Mapping></Mappings></Element></SegmentElements></MapAlternative></Segment><TranSetNode Name="Detail" Required="True"><Query><![CDATA[SELECT IMItem.Description_1,
              IMItem.ItemCode,
                IMItem.UserDefinedReference_1,
                OMTransactionDetail.UnitOfMeasure,
                cast(OMTransactionDetail.UnitPrice as decimal(15,2)) as UnitPrice,
                OMTransactionDetail.ROWID,
                OMTransactionDetail.QuantityOrdered,
                OMTransactionDetail.QuantityShipped,
                IMItem.ItemCode As VendorItemNumber,
				IMITEM.ITEMSUPCCODE AS ITEMSUPCCD,
                IsNull(PriceSchedule.AlternateSKU, OMTransactionDetail.ConsigneeItem)  AS CustomerSKU
FROM OMTransactionDetail
  JOIN IMItem ON IMItem.ROWID = OMTransactionDetail.R_Item
  LEFT OUTER JOIN (Select IMPriceScheduleDetail.R_Item,
               IMPriceScheduleDetail.AlternateSKU,
               OMTransactionHeader.Rowid
          From OMTransactionHeader
            LEFT OUTER JOIN IDConsignee On IDConsignee.R_Identity = OMTransactionHeader.R_Shipper
            LEFT OUTER JOIN IMPriceScheduleDetail On IMPriceScheduleDetail.R_PriceScheduleHeader = IDConsignee.R_PriceSchedule
         ) PriceSchedule On PriceSchedule.Rowid = OMTransactionDetail.R_TransactionHeader And PriceSchedule.R_Item = IMItem.Rowid
WHERE
(OMTransactionDetail.R_TransactionHeader = @ROWID
      AND ISNULL(OMTransactionDetail.QuantityShipped,0) > 0)
ORDER BY OMTRANSACTIONDETAIL.KEYSEQUENCE


]]></Query><Parameters><Parameter Name="@ROWID" Type="Guid" Length="0" SourceType="Variable"><![CDATA[SourceRowID]]></Parameter></Parameters><TranSetNodeItems><SegmentGroup Name="Baseline Item Data" Enabled="True"><Segments><Segment Sequence="010" SegmentCode="IT1" Required="False" Enabled="True"><Description><![CDATA[Baseline Item Data (Invoice)]]></Description><MapAlternative Name="Default"><SegmentElements><Element Sequence="02" Required="False" Enabled="True" DataElement="358" DataType="R" MinLength="1" MaxLength="10"><Description><![CDATA[Quantity Invoiced]]></Description><Mappings><Mapping Enabled="True"><MappingSources><MappingSource Type="Column"><NodeLevel>Detail</NodeLevel><SourceValue>QUANTITYSHIPPED</SourceValue></MappingSource></MappingSources></Mapping></Mappings></Element><Element Sequence="03" Required="False" Enabled="True" DataElement="355" DataType="ID" MinLength="2" MaxLength="2"><Description><![CDATA[Unit or Basis for Measurement Code]]></Description><Mappings><Mapping Enabled="True"><MappingSources><MappingSource Type="Literal"><SourceValue><![CDATA[EA]]></SourceValue></MappingSource></MappingSources></Mapping></Mappings></Element><Element Sequence="04" Required="False" Enabled="True" DataElement="212" DataType="R" MinLength="1" MaxLength="17"><Description><![CDATA[Unit Price]]></Description><Mappings><Mapping Enabled="True"><MappingSources><MappingSource Type="Column"><NodeLevel>Detail</NodeLevel><SourceValue>UNITPRICE</SourceValue></MappingSource></MappingSources></Mapping></Mappings></Element><Element Sequence="06" Required="False" Enabled="True" DataElement="235" DataType="ID" MinLength="2" MaxLength="2"><Description><![CDATA[Product/Service ID Qualifier]]></Description><Mappings><Mapping Enabled="True"><MappingSources><MappingSource Type="Literal"><SourceValue><![CDATA[IN]]></SourceValue></MappingSource></MappingSources></Mapping></Mappings></Element><Element Sequence="07" Required="False" Enabled="True" DataElement="234" DataType="AN" MinLength="1" MaxLength="48"><Description><![CDATA[Product/Service ID]]></Description><Mappings><Mapping Enabled="True"><MappingSources><MappingSource Type="Column"><NodeLevel>Detail</NodeLevel><SourceValue>CUSTOMERSKU</SourceValue></MappingSource></MappingSources></Mapping></Mappings></Element><Element Sequence="10" Required="False" Enabled="True" DataElement="235" DataType="ID" MinLength="2" MaxLength="2"><Description><![CDATA[Product/Service ID Qualifier]]></Description><Mappings><Mapping Enabled="True"><MappingSources><MappingSource Type="Literal"><SourceValue><![CDATA[UP]]></SourceValue></MappingSource></MappingSources></Mapping></Mappings></Element><Element Sequence="11" Required="False" Enabled="True" DataElement="234" DataType="AN" MinLength="1" MaxLength="48"><Description><![CDATA[Product/Service ID]]></Description><Mappings><Mapping Enabled="True"><MappingSources><MappingSource Type="Column"><NodeLevel>Detail</NodeLevel><SourceValue>ITEMSUPCCD</SourceValue></MappingSource></MappingSources></Mapping></Mappings></Element></SegmentElements></MapAlternative></Segment></Segments></SegmentGroup></TranSetNodeItems></TranSetNode><Segment Sequence="010" SegmentCode="TDS" Required="True" Enabled="True"><Description><![CDATA[Total Monetary Value Summary]]></Description><MapAlternative Name="Default"><SegmentElements><Element Sequence="01" Required="True" Enabled="True" DataElement="610" DataType="N2" MinLength="1" MaxLength="15"><Description><![CDATA[Amount]]></Description><Mappings><Mapping Enabled="True"><MappingSources><MappingSource Type="Column"><NodeLevel>Header</NodeLevel><SourceValue>TDSAMOUNT</SourceValue></MappingSource></MappingSources></Mapping></Mappings></Element></SegmentElements></MapAlternative></Segment><Segment Sequence="070" SegmentCode="CTT" Required="False" Enabled="True"><Description><![CDATA[Transaction Totals]]></Description><MapAlternative Name="Default"><SegmentElements><Element Sequence="01" Required="True" Enabled="True" DataElement="354" DataType="N0" MinLength="1" MaxLength="6"><Description><![CDATA[Number of Line Items]]></Description><Mappings><Mapping Enabled="True"><MappingSources><MappingSource Type="Column"><NodeLevel>Header</NodeLevel><SourceValue>NUMBERDETAILS</SourceValue></MappingSource></MappingSources></Mapping></Mappings></Element></SegmentElements></MapAlternative></Segment></TranSetNodeItems></TranSetNode></TranSet></EdiExportMap>