<SqlLookupDef Name="812_EMAIL_RLKING_LKP" Type="0" Version="1"><Description><![CDATA[Send Email notification of Outbound file errors]]></Description><Comments><![CDATA[]]></Comments><FailMessage><![CDATA[Error sending email]]></FailMessage><SqlQuery><![CDATA[/* Declare @BCD01 Varchar(20),
	@BCD02 Varchar(30),
	@BCD05 Varchar(2),
	@BCD07 Varchar(500),
	@BCD10 Varchar(50),
	@N902 Varchar(50),
	@SAC01 Varchar(1),
	@SAC02 Varchar(4),
	@SAC05 Varchar(15),
	@N102 Varchar(35),
	@N104 Varchar(18),
	@CDD01 Varchar(2),
	@CDD02 Varchar(1),
	@CDD07 Varchar(10),
	@CDD08 Varchar(02),
	@CDD11 Varchar(12),
	@LIN03 Varchar(30),
	@N902ZZ Varchar(30),
	@N902L1 Varchar(30),
	@SAC01Info Varchar(1),
	@SAC02Info Varchar(4),
	@SAC05Info Varchar(15),
	@SAC15Info Varchar(100)
 */

------------------------------------------
Declare @DocumentNo  Varchar(100), 
        @Reference   Varchar(60),
		@CreditDebitFlagCode Varchar(500),
        @SenderCode  Varchar(30),
        @Date        Varchar(20),
        @Time        Varchar(20),
        @GrpControl  Varchar(20),
        @TranSetCtrl Varchar(20),
        @ErrorCond   Varchar(30),
        @Message     Varchar(80),
        @Description Varchar(100),
		@EmailSubject Varchar(1000),
		@EmailBody   Varchar(max),
		@RowId       VARCHAR(38)

Set @EmailSubject = '<EmailSubject>'
Set @EmailBody = '<EmailBody>'

--Beginning Segment for Credit/Debit Adjustment

--Email Date
if rtrim(isnull(@BCD01, '')) <> ''
begin
  Set @Date = 'Email/Invoice Date: ' + rtrim(@BCD01) 
  Set @EmailBody = @EmailBody + @Date + '<br>'
end

SET @BCD02 = rtrim(isnull(@BCD02, ''))
SET @BCD05 = rtrim(isnull(@BCD05, ''))
SET @BCD05 = rtrim(isnull(@BCD07, ''))

-- Email Subject
Set @DocumentNo  = rtrim(isnull(@BCD02, '')) + ' ' + (case when @BCD05 = 'C' then ' (CREDIT)' when @BCD05 = 'D' then ' (DEBIT)' END) + ' ' + rtrim(isnull(@BCD07, '')) + ' (Document Rejected)'
Set @EmailSubject = @EmailSubject + @DocumentNo + '<br>'


--Vendor ID = N9
if rtrim(isnull(@N902, '')) <> ''
begin
  Set @EmailBody = @EmailBody + ' VENDOR ID = ' + rtrim(@N902) + '<br>'
end

-- SAC SERVICE PROMOTION ALLOWANCE CHARGE INFO
if rtrim(isnull(@SAC01, '')) <> ''
begin
  Set @EmailBody = @EmailBody + ' Allowance or Charge Indicator = ' + (case when @SAC01 = 'A' then ' ALLOWANCE' when @SAC01 = 'C' then ' CHARGE' END) + '<br>'
end

if rtrim(isnull(@SAC02, '')) <> ''
begin
  Set @EmailBody = @EmailBody + ' Code = ' + rtrim(@SAC02) + '<br>'
end

if rtrim(isnull(@SAC05, '')) <> ''
begin
  Set @EmailBody = @EmailBody + ' Code Amount = ' + rtrim(@SAC05) + '<br>'
end


--N1 Ship To
if rtrim(isnull(@N102, '')) <> ''
begin
  Set @EmailBody = @EmailBody + ' Ship To Name = ' + rtrim(@N102) + '<br>'
end

if rtrim(isnull(@N102, '')) <> ''
begin
  Set @EmailBody = @EmailBody + ' Ship To ID = ' + rtrim(@N104) + '<br>'
end


--(CDD) Credit/Debit Adjustment
if rtrim(isnull(@CDD01, '')) <> '' 
begin
  Set @EmailBody = @EmailBody + ' Adjustment Reason Code = ' + rtrim(@CDD01)  + '<br>'
end

if rtrim(isnull(@CDD02, '')) <> '' 
begin
  SET @CreditDebitFlagCode = ' Credit/Debit Flage = ' + rtrim(@CDD02) + ' ' + 
  (case when rtrim(@CDD02) = 'C' then ' The supplier is expected to send an 
  810 credit invoice back to Rural King reflecting the credit changes. ' else ' ' END)
  Set @EmailBody = @EmailBody + ' ' +  @CreditDebitFlagCode  + '<br>'
end

if rtrim(isnull(@CDD07, '')) <> '' 
begin
  Set @EmailBody = @EmailBody + ' # OF UNITS = ' + rtrim(@CDD07)  + '<br>'
end

if rtrim(isnull(@CDD08, '')) <> '' 
begin
  Set @EmailBody = @EmailBody + ' UOM = ' + rtrim(@CDD08)  + '<br>'
end

if rtrim(isnull(@CDD11, '')) <> '' 
begin
  Set @EmailBody = @EmailBody + ' PRICE = ' + rtrim(@CDD11)  + '<br>'
end


-- LIN Item Identification 
if rtrim(isnull(@LIN03, '')) <> '' 
begin
  Set @EmailBody = @EmailBody + ' ITEM = ' + rtrim(@LIN03)  + '<br>'
end

-- N9 Extended Refrence ZZ 
if rtrim(isnull(@N902ZZ, '')) <> '' 
begin
  Set @EmailBody = @EmailBody + ' Comments = ' + rtrim(@N902ZZ)  + '<br>'
end

-- N9 Extended Refrence L1 
if rtrim(isnull(@N902L1, '')) <> '' 
begin
  Set @EmailBody = @EmailBody + ' Comments = ' + rtrim(@N902L1)  + '<br>'
end

-- (SAC) Service, Promotion, Allowance, or Charge Information 
if rtrim(isnull(@SAC01Info, '')) <> ''
begin
  Set @EmailBody = @EmailBody + ' ' + (case when rtrim(@SAC01Info) = 'A' then ' ALLOWANCE' when rtrim(@SAC01Info) = 'C' then ' CHARGE' END) + '<br>'
end

if rtrim(isnull(@SAC02Info, '')) <> ''
begin
  Set @EmailBody = @EmailBody + ' CODE = ' + rtrim(@SAC02Info) + '<br>'
end

if rtrim(isnull(@SAC05Info, '')) <> ''
begin
  Set @EmailBody = @EmailBody + ' CODE AMOUNT = ' + rtrim(@SAC05Info) + '<br>'
end

if rtrim(isnull(@SAC15Info, '')) <> ''
begin
  Set @EmailBody = @EmailBody + ' CODE DESCRIPTION = ' + rtrim(@SAC15Info) + '<br>'
end



Set @EmailSubject = @EmailSubject + '</EmailSubject>'
Set @EmailBody = @EmailBody + '</EmailBody>'

--Populate ABERRORSHEADER
Set @RowId = NewId()
INSERT INTO ABERRORSHEADER (ROWID, COMPANYID, MODULE, RECORDTYPE, DESCRIPTION, COMMENT)
VALUES (@RowId, 'GS', 'OM', 'R', 'RURAL KING EDI 824 ACTION', @EmailSubject + @EmailBody)]]></SqlQuery><Attributes><SqlLookupDefAttribute Name="ROWID" Type="2" Required="True" ColumnName="ROWID" /><SqlLookupDefAttribute Name="BCD01" Type="1" Required="False" ColumnName="" /><SqlLookupDefAttribute Name="BCD02" Type="1" Required="False" ColumnName="" /><SqlLookupDefAttribute Name="BCD05" Type="1" Required="False" ColumnName="" /><SqlLookupDefAttribute Name="BCD07" Type="1" Required="False" ColumnName="" /><SqlLookupDefAttribute Name="BCD10" Type="1" Required="False" ColumnName="" /><SqlLookupDefAttribute Name="N902" Type="1" Required="False" ColumnName="" /><SqlLookupDefAttribute Name="SAC01" Type="1" Required="False" ColumnName="" /><SqlLookupDefAttribute Name="SAC02" Type="1" Required="False" ColumnName="" /><SqlLookupDefAttribute Name="SAC05" Type="1" Required="False" ColumnName="" /><SqlLookupDefAttribute Name="N102" Type="1" Required="False" ColumnName="" /><SqlLookupDefAttribute Name="N104" Type="1" Required="False" ColumnName="" /><SqlLookupDefAttribute Name="CDD01" Type="1" Required="False" ColumnName="" /><SqlLookupDefAttribute Name="CDD02" Type="1" Required="False" ColumnName="" /><SqlLookupDefAttribute Name="CDD07" Type="1" Required="False" ColumnName="" /><SqlLookupDefAttribute Name="CDD08" Type="1" Required="False" ColumnName="" /><SqlLookupDefAttribute Name="CDD11" Type="1" Required="False" ColumnName="" /><SqlLookupDefAttribute Name="LIN03" Type="1" Required="False" ColumnName="" /><SqlLookupDefAttribute Name="N902ZZ" Type="1" Required="False" ColumnName="" /><SqlLookupDefAttribute Name="N902L1" Type="1" Required="False" ColumnName="" /><SqlLookupDefAttribute Name="SAC01Info" Type="1" Required="False" ColumnName="" /><SqlLookupDefAttribute Name="SAC02Info" Type="1" Required="False" ColumnName="" /><SqlLookupDefAttribute Name="SAC05Info" Type="1" Required="False" ColumnName="" /><SqlLookupDefAttribute Name="SAC15Info" Type="1" Required="False" ColumnName="" /></Attributes><Parameters><SqlLookupDefParameter Name="@BCD01" DataType="22" Length="20" ValueType="1"><![CDATA[BCD01]]></SqlLookupDefParameter><SqlLookupDefParameter Name="@BCD02" DataType="22" Length="30" ValueType="1"><![CDATA[BCD02]]></SqlLookupDefParameter><SqlLookupDefParameter Name="@BCD05" DataType="22" Length="2" ValueType="1"><![CDATA[BCD02]]></SqlLookupDefParameter><SqlLookupDefParameter Name="@BCD07" DataType="22" Length="500" ValueType="1"><![CDATA[BCD07]]></SqlLookupDefParameter><SqlLookupDefParameter Name="@BCD10" DataType="22" Length="50" ValueType="1"><![CDATA[BCD10]]></SqlLookupDefParameter><SqlLookupDefParameter Name="@N902" DataType="22" Length="50" ValueType="1"><![CDATA[BCD10]]></SqlLookupDefParameter><SqlLookupDefParameter Name="@SAC01" DataType="22" Length="1" ValueType="1"><![CDATA[SAC01]]></SqlLookupDefParameter><SqlLookupDefParameter Name="@SAC02" DataType="22" Length="4" ValueType="1"><![CDATA[SAC02]]></SqlLookupDefParameter><SqlLookupDefParameter Name="@SAC05" DataType="22" Length="15" ValueType="1"><![CDATA[SAC05]]></SqlLookupDefParameter><SqlLookupDefParameter Name="@N102" DataType="22" Length="35" ValueType="1"><![CDATA[N102]]></SqlLookupDefParameter><SqlLookupDefParameter Name="@N104" DataType="22" Length="18" ValueType="1"><![CDATA[N104]]></SqlLookupDefParameter><SqlLookupDefParameter Name="@CDD01" DataType="22" Length="2" ValueType="1"><![CDATA[CDD01]]></SqlLookupDefParameter><SqlLookupDefParameter Name="@CDD02" DataType="22" Length="1" ValueType="1"><![CDATA[CDD02]]></SqlLookupDefParameter><SqlLookupDefParameter Name="@CDD07" DataType="22" Length="10" ValueType="1"><![CDATA[CDD07]]></SqlLookupDefParameter><SqlLookupDefParameter Name="@CDD08" DataType="22" Length="2" ValueType="1"><![CDATA[CDD08]]></SqlLookupDefParameter><SqlLookupDefParameter Name="@CDD11" DataType="22" Length="12" ValueType="1"><![CDATA[CDD11]]></SqlLookupDefParameter><SqlLookupDefParameter Name="@LIN03" DataType="22" Length="30" ValueType="1"><![CDATA[LIN03]]></SqlLookupDefParameter><SqlLookupDefParameter Name="@N902ZZ" DataType="22" Length="30" ValueType="1"><![CDATA[N902ZZ]]></SqlLookupDefParameter><SqlLookupDefParameter Name="@N902L1" DataType="22" Length="30" ValueType="1"><![CDATA[N902L1]]></SqlLookupDefParameter><SqlLookupDefParameter Name="@SAC01Info" DataType="22" Length="1" ValueType="1"><![CDATA[SAC01Info]]></SqlLookupDefParameter><SqlLookupDefParameter Name="@SAC02Info" DataType="22" Length="4" ValueType="1"><![CDATA[SAC01Info]]></SqlLookupDefParameter><SqlLookupDefParameter Name="@SAC05Info" DataType="22" Length="15" ValueType="1"><![CDATA[SAC05Info]]></SqlLookupDefParameter><SqlLookupDefParameter Name="@SAC15Info" DataType="22" Length="100" ValueType="1"><![CDATA[SAC15Info]]></SqlLookupDefParameter></Parameters></SqlLookupDef>